Entity,Code,Year,net_traded_deforestation
Afghanistan,AFG,2005,356.6246693651805
Afghanistan,AFG,2006,102.64647573179681
Afghanistan,AFG,2007,156.67704024331698
Afghanistan,AFG,2008,270.48644663160246
Afghanistan,AFG,2009,583.7729544845712
Afghanistan,AFG,2010,1132.6910257886716
Afghanistan,AFG,2011,663.5228874411983
Afghanistan,AFG,2012,687.7361328842524
Afghanistan,AFG,2013,652.5711055251784
Albania,ALB,2005,1185.5533534199276
Albania,ALB,2006,1192.7558998361576
Albania,ALB,2007,1531.7300706798744
Albania,ALB,2008,1189.1510915920544
Albania,ALB,2009,674.4554302094248
Albania,ALB,2010,512.1313540117171
Albania,ALB,2011,346.0120941842915
Albania,ALB,2012,352.01699986035965
Albania,ALB,2013,266.499757225104
Algeria,DZA,2005,17239.677663456114
Algeria,DZA,2006,15142.862547312174
Algeria,DZA,2007,14098.74361990599
Algeria,DZA,2008,15064.945573936753
Algeria,DZA,2009,18038.98023391339
Algeria,DZA,2010,14782.037738591474
Algeria,DZA,2011,16726.094778202816
Algeria,DZA,2012,20073.437054291717
Algeria,DZA,2013,17950.332797702176
Angola,AGO,2005,3863.5465605495265
Angola,AGO,2006,5713.716229579921
Angola,AGO,2007,6735.064104382793
Angola,AGO,2008,9256.015920108359
Angola,AGO,2009,5571.552175441189
Angola,AGO,2010,4178.190915633371
Angola,AGO,2011,5272.762214577699
Angola,AGO,2012,6173.493391496886
Angola,AGO,2013,5791.469391056773
Argentina,ARG,2005,-132792.12698599623
Argentina,ARG,2006,-138406.47622735897
Argentina,ARG,2007,-130740.6388239275
Argentina,ARG,2008,-140158.1874293388
Argentina,ARG,2009,-173970.37799903375
Argentina,ARG,2010,-152541.78768088884
Argentina,ARG,2011,-198106.64930250074
Argentina,ARG,2012,-248202.9460188703
Argentina,ARG,2013,-163833.48598738338
Armenia,ARM,2005,392.20574232820974
Armenia,ARM,2006,336.86866525670496
Armenia,ARM,2007,350.66497271095466
Armenia,ARM,2008,421.25692049559177
Armenia,ARM,2009,370.16919303820123
Armenia,ARM,2010,513.5747353421419
Armenia,ARM,2011,384.0458332399735
Armenia,ARM,2012,385.74720813413273
Armenia,ARM,2013,433.90427657363864
Aruba,ABW,2005,945.5230016467336
Aruba,ABW,2006,930.2895642438159
Aruba,ABW,2007,733.3348643722943
Aruba,ABW,2008,819.2302295396174
Aruba,ABW,2009,247.85487066203257
Aruba,ABW,2010,224.03141384201447
Aruba,ABW,2011,148.55131235975176
Aruba,ABW,2012,146.98547463782222
Aruba,ABW,2013,137.89598724919168
Australia,AUS,2005,-31662.449018521096
Australia,AUS,2006,-28580.970258986978
Australia,AUS,2007,-20445.08179893614
Australia,AUS,2008,-9997.944998526065
Australia,AUS,2009,-11911.745983730034
Australia,AUS,2010,-15258.97102230502
Australia,AUS,2011,-12292.851164238422
Australia,AUS,2012,-10031.455414948217
Australia,AUS,2013,-33257.59509830948
Austria,AUT,2005,3249.590435925199
Austria,AUT,2006,3189.1081311816138
Austria,AUT,2007,3124.47690808923
Austria,AUT,2008,2825.24750889466
Austria,AUT,2009,2996.258703601298
Austria,AUT,2010,2908.5189438873144
Austria,AUT,2011,3078.8971968295195
Austria,AUT,2012,2973.2592103286865
Austria,AUT,2013,2419.8153219014357
Azerbaijan,AZE,2005,506.9372207491136
Azerbaijan,AZE,2006,565.5611193200065
Azerbaijan,AZE,2007,633.0649266170088
Azerbaijan,AZE,2008,733.2650190154353
Azerbaijan,AZE,2009,719.523197000162
Azerbaijan,AZE,2010,729.0495624922095
Azerbaijan,AZE,2011,761.2058639278591
Azerbaijan,AZE,2012,1084.604940867554
Azerbaijan,AZE,2013,903.3685955874997
Bahamas,BHS,2005,150.15736740233362
Bahamas,BHS,2006,82.48117009638136
Bahamas,BHS,2007,120.7914067626192
Bahamas,BHS,2008,82.8964304629489
Bahamas,BHS,2009,123.18015608136048
Bahamas,BHS,2010,129.75353411914836
Bahamas,BHS,2011,133.4948488735901
Bahamas,BHS,2012,190.41770572716578
Bahamas,BHS,2013,148.01215678148782
Bahrain,BHR,2005,537.082093268796
Bahrain,BHR,2006,484.15357396891824
Bahrain,BHR,2007,487.6440798037008
Bahrain,BHR,2008,408.0077854089194
Bahrain,BHR,2009,490.92598594549736
Bahrain,BHR,2010,1559.5505155840424
Bahrain,BHR,2011,889.320076310925
Bahrain,BHR,2012,970.2994831285353
Bahrain,BHR,2013,755.1940543340071
Bangladesh,BGD,2005,7350.980885306231
Bangladesh,BGD,2006,15564.53976393033
Bangladesh,BGD,2007,21543.28328436788
Bangladesh,BGD,2008,11524.335758070469
Bangladesh,BGD,2009,18150.60745664291
Bangladesh,BGD,2010,16526.292840401213
Bangladesh,BGD,2011,19286.037160680185
Bangladesh,BGD,2012,17000.351119431678
Bangladesh,BGD,2013,15254.353532863046
Barbados,BRB,2005,154.86964698078185
Barbados,BRB,2006,118.5047238040591
Barbados,BRB,2007,158.20516316399295
Barbados,BRB,2008,120.26802412466834
Barbados,BRB,2009,154.84286436842882
Barbados,BRB,2010,141.13482560489464
Barbados,BRB,2011,197.640589583744
Barbados,BRB,2012,112.16089080270949
Barbados,BRB,2013,155.30013989821393
Belarus,BLR,2005,897.0999102038485
Belarus,BLR,2006,1041.260443768123
Belarus,BLR,2007,812.6171200315501
Belarus,BLR,2008,1015.1251065876716
Belarus,BLR,2009,1078.2592240400238
Belarus,BLR,2010,965.3895528824098
Belarus,BLR,2011,1293.240316656072
Belarus,BLR,2012,1719.3441451542033
Belarus,BLR,2013,1062.0361039063741
Belgium,BEL,2005,12588.616692041902
Belgium,BEL,2006,15538.825245090842
Belgium,BEL,2007,13476.1546803797
Belgium,BEL,2008,13660.343421195357
Belgium,BEL,2009,14655.204786694023
Belgium,BEL,2010,11481.467259347153
Belgium,BEL,2011,11437.457491538667
Belgium,BEL,2012,10251.305417852986
Belgium,BEL,2013,8520.40599977923
Belize,BLZ,2005,-101.18501016896005
Belize,BLZ,2006,2.360214729236816
Belize,BLZ,2007,36.58147554111224
Belize,BLZ,2008,-92.40056718431413
Belize,BLZ,2009,-84.67613170095512
Belize,BLZ,2010,-241.61959398430758
Belize,BLZ,2011,-347.68230363326074
Belize,BLZ,2012,-417.870476404428
Belize,BLZ,2013,-334.9312134979548
Benin,BEN,2005,145.05747746472753
Benin,BEN,2006,1133.2685789072975
Benin,BEN,2007,1188.0722524699768
Benin,BEN,2008,1680.9260771697345
Benin,BEN,2009,1288.2970251157394
Benin,BEN,2010,933.5392468342543
Benin,BEN,2011,2531.96932879864
Benin,BEN,2012,554.1518641067964
Benin,BEN,2013,471.97277923215734
Bermuda,BMU,2005,48.13399357728148
Bermuda,BMU,2006,42.08651838891179
Bermuda,BMU,2007,30.410989862161337
Bermuda,BMU,2008,24.458130278476933
Bermuda,BMU,2009,20.234669614114456
Bermuda,BMU,2010,19.974224171064442
Bermuda,BMU,2011,14.730552020380609
Bermuda,BMU,2012,14.334305986870257
Bermuda,BMU,2013,16.248051428864517
Bhutan,BTN,2005,0.8112317184047697
Bhutan,BTN,2006,0.3546713401923398
Bhutan,BTN,2007,2.720571348018325
Bhutan,BTN,2008,7.366165771671717
Bhutan,BTN,2009,8.003740219524389
Bhutan,BTN,2010,22.656169075785215
Bhutan,BTN,2011,11.789874594400658
Bhutan,BTN,2012,23.20239569624431
Bhutan,BTN,2013,3.8421008294910735
Bosnia and Herzegovina,BIH,2005,835.4043657458707
Bosnia and Herzegovina,BIH,2006,1034.2814581774342
Bosnia and Herzegovina,BIH,2007,927.4697520673238
Bosnia and Herzegovina,BIH,2008,888.0966309760327
Bosnia and Herzegovina,BIH,2009,706.1314863358123
Bosnia and Herzegovina,BIH,2010,561.1491182849487
Bosnia and Herzegovina,BIH,2011,481.3237411861324
Bosnia and Herzegovina,BIH,2012,551.6481902118034
Bosnia and Herzegovina,BIH,2013,533.1941440209536
Botswana,BWA,2005,2.4345447517444114
Botswana,BWA,2006,26.81745529757994
Botswana,BWA,2007,355.4899395069313
Botswana,BWA,2008,317.35382542697363
Botswana,BWA,2009,518.1113267976992
Botswana,BWA,2010,729.5391387415025
Botswana,BWA,2011,423.12592511604385
Botswana,BWA,2012,1225.3033518740124
Botswana,BWA,2013,954.2185153865009
Brazil,BRA,2005,-490102.685177424
Brazil,BRA,2006,-447555.8736959181
Brazil,BRA,2007,-367228.614043216
Brazil,BRA,2008,-249158.06227307604
Brazil,BRA,2009,-193571.99998918734
Brazil,BRA,2010,-216446.52591232234
Brazil,BRA,2011,-221182.0428120338
Brazil,BRA,2012,-300611.9940675446
Brazil,BRA,2013,-329112.99874438066
Brunei,BRN,2005,-77.9410464425415
Brunei,BRN,2006,99.24300124988929
Brunei,BRN,2007,-360.5443357868885
Brunei,BRN,2008,80.06216633172221
Brunei,BRN,2009,104.76442630636996
Brunei,BRN,2010,134.45174040648988
Brunei,BRN,2011,164.9779942095613
Brunei,BRN,2012,214.25824788898933
Brunei,BRN,2013,240.30952776352365
Bulgaria,BGR,2005,9578.184352500182
Bulgaria,BGR,2006,10710.997790877429
Bulgaria,BGR,2007,1363.9428158036278
Bulgaria,BGR,2008,1401.0656743337374
Bulgaria,BGR,2009,1651.106294732525
Bulgaria,BGR,2010,1455.3684041551248
Bulgaria,BGR,2011,1476.3830061993588
Bulgaria,BGR,2012,1481.1377273225226
Bulgaria,BGR,2013,1423.7521503901348
Burkina Faso,BFA,2005,147.45587359047363
Burkina Faso,BFA,2006,188.12844028746207
Burkina Faso,BFA,2007,171.0079163725848
Burkina Faso,BFA,2008,130.47285022942023
Burkina Faso,BFA,2009,609.3021917910625
Burkina Faso,BFA,2010,521.0733667085123
Burkina Faso,BFA,2011,581.1435755907581
Burkina Faso,BFA,2012,460.7926218548953
Burkina Faso,BFA,2013,609.3316007631956
Burundi,BDI,2005,45.11959099667445
Burundi,BDI,2006,137.67580050802644
Burundi,BDI,2007,162.19256166457967
Burundi,BDI,2008,95.96091136015411
Burundi,BDI,2009,53.528385846371975
Burundi,BDI,2010,121.57954486198923
Burundi,BDI,2011,103.18298176604617
Burundi,BDI,2012,510.3270182886665
Burundi,BDI,2013,214.15436556360714
Cambodia,KHM,2005,292.0745146947811
Cambodia,KHM,2006,457.0806251560716
Cambodia,KHM,2007,469.8645259249315
Cambodia,KHM,2008,-223.9960931696114
Cambodia,KHM,2009,-553.6565712121483
Cambodia,KHM,2010,-721.0738348898703
Cambodia,KHM,2011,-709.2020426257404
Cambodia,KHM,2012,-1951.6016806203734
Cambodia,KHM,2013,-732.9837968066859
Cameroon,CMR,2005,-910.4729926955752
Cameroon,CMR,2006,-1465.5855413139434
Cameroon,CMR,2007,-1675.4964206574914
Cameroon,CMR,2008,-1537.04168168467
Cameroon,CMR,2009,-1461.3802358960238
Cameroon,CMR,2010,-2101.0266567465515
Cameroon,CMR,2011,-1747.159894294433
Cameroon,CMR,2012,-1051.8721615851755
Cameroon,CMR,2013,-335.6354398275944
Canada,CAN,2005,5387.216305163992
Canada,CAN,2006,5533.022948961417
Canada,CAN,2007,6331.469014438771
Canada,CAN,2008,5030.494172099739
Canada,CAN,2009,5503.007116610943
Canada,CAN,2010,6050.570249285576
Canada,CAN,2011,5542.45849958118
Canada,CAN,2012,5744.721993414849
Canada,CAN,2013,5401.245027811636
Cape Verde,CPV,2005,169.22093409576277
Cape Verde,CPV,2006,224.55879563911395
Cape Verde,CPV,2007,234.88057120818314
Cape Verde,CPV,2008,230.85391778273953
Cape Verde,CPV,2009,192.1515738640043
Cape Verde,CPV,2010,201.1332243283056
Cape Verde,CPV,2011,206.31665545701492
Cape Verde,CPV,2012,225.2958451440197
Cape Verde,CPV,2013,279.15633031983765
Cayman Islands,CYM,2005,5123.366656466503
Cayman Islands,CYM,2006,6627.429200334626
Cayman Islands,CYM,2007,4493.96286534038
Cayman Islands,CYM,2008,743.636878186115
Cayman Islands,CYM,2009,1747.0790222961593
Cayman Islands,CYM,2010,25.41865991569353
Cayman Islands,CYM,2011,45.87063517438265
Cayman Islands,CYM,2012,217.78160134625747
Cayman Islands,CYM,2013,35.20645052364823
Central African Republic,CAF,2005,21.300416107085766
Central African Republic,CAF,2006,-3.405810129523161
Central African Republic,CAF,2007,-225.61445267346153
Central African Republic,CAF,2008,-177.53228271724038
Central African Republic,CAF,2009,31.139228454492695
Central African Republic,CAF,2010,0.7980741706905974
Central African Republic,CAF,2011,-150.54119109118665
Central African Republic,CAF,2012,-96.75650783237825
Central African Republic,CAF,2013,-88.46050934509503
Chad,TCD,2005,23.27539023393183
Chad,TCD,2006,5.595792485992206
Chad,TCD,2007,14.352729207970242
Chad,TCD,2008,14.903830669284616
Chad,TCD,2009,73.54301571620272
Chad,TCD,2010,159.23435709432215
Chad,TCD,2011,-6.139722346264534
Chad,TCD,2012,-12.311782388638676
Chad,TCD,2013,-6.682348948118488
Chile,CHL,2005,24507.61878068962
Chile,CHL,2006,19376.443497283217
Chile,CHL,2007,36449.636977112
Chile,CHL,2008,33276.223681592
Chile,CHL,2009,37190.15251931227
Chile,CHL,2010,31897.148720356283
Chile,CHL,2011,27696.423339328885
Chile,CHL,2012,25361.676389948836
Chile,CHL,2013,26662.602775021704
China,CHN,2005,149357.91818933285
China,CHN,2006,171139.46372269062
China,CHN,2007,154436.96259728135
China,CHN,2008,150654.10159678847
China,CHN,2009,188946.85510863992
China,CHN,2010,215512.26091769637
China,CHN,2011,220344.3150551685
China,CHN,2012,276111.32343920815
China,CHN,2013,270174.0556825453
Colombia,COL,2005,7598.470796690381
Colombia,COL,2006,4567.15366062519
Colombia,COL,2007,-1346.9322337335907
Colombia,COL,2008,-9464.127859002663
Colombia,COL,2009,2472.8568591198127
Colombia,COL,2010,11453.281163531428
Colombia,COL,2011,12617.380050784006
Colombia,COL,2012,15013.3652642722
Colombia,COL,2013,6077.618752075781
Congo,COG,2005,-936.4587347012712
Congo,COG,2006,-798.216944492051
Congo,COG,2007,-745.8023830311977
Congo,COG,2008,-61.47393585044483
Congo,COG,2009,1880.2971175733765
Congo,COG,2010,-753.243184265486
Congo,COG,2011,-554.2207797384544
Congo,COG,2012,-1815.4400877191947
Congo,COG,2013,-2299.8540291462086
Cook Islands,COK,2005,1.200044017036242
Cook Islands,COK,2006,1.2148571676952704
Cook Islands,COK,2007,3.2675781650302524
Cook Islands,COK,2008,4.45409703005781
Cook Islands,COK,2009,3.9468958206646887
Cook Islands,COK,2010,7.90036868695242
Cook Islands,COK,2011,4.010689537372227
Cook Islands,COK,2012,5.015614895881695
Cook Islands,COK,2013,4.781795490609457
Costa Rica,CRI,2005,594.4111379442688
Costa Rica,CRI,2006,194.85673522335992
Costa Rica,CRI,2007,109.61539662881978
Costa Rica,CRI,2008,-343.0692298143631
Costa Rica,CRI,2009,-1231.801503329054
Costa Rica,CRI,2010,-1799.567293934835
Costa Rica,CRI,2011,-1539.6451879507213
Costa Rica,CRI,2012,-1521.324062394703
Costa Rica,CRI,2013,-369.43960635786607
Cote d'Ivoire,CIV,2005,-35595.98850473291
Cote d'Ivoire,CIV,2006,-43470.80351401084
Cote d'Ivoire,CIV,2007,-39956.39021802004
Cote d'Ivoire,CIV,2008,-32196.790279983565
Cote d'Ivoire,CIV,2009,-28417.448994664155
Cote d'Ivoire,CIV,2010,-15571.20878516233
Cote d'Ivoire,CIV,2011,-7470.613131337035
Cote d'Ivoire,CIV,2012,-2352.3699071651627
Cote d'Ivoire,CIV,2013,-3246.5942171181487
Croatia,HRV,2005,1631.4015496348482
Croatia,HRV,2006,1706.7051742954989
Croatia,HRV,2007,1588.3840849779313
Croatia,HRV,2008,1120.2330697083967
Croatia,HRV,2009,903.6928756621978
Croatia,HRV,2010,818.6889584583935
Croatia,HRV,2011,733.3937890391115
Croatia,HRV,2012,915.0281007629586
Croatia,HRV,2013,741.4627994139273
Cuba,CUB,2005,2139.6619292406613
Cuba,CUB,2006,2748.2506836804787
Cuba,CUB,2007,1269.1619656694438
Cuba,CUB,2008,1604.2972848487498
Cuba,CUB,2009,638.2049164945329
Cuba,CUB,2010,1732.569654400506
Cuba,CUB,2011,1824.806725029539
Cuba,CUB,2012,2115.750544185348
Cuba,CUB,2013,2297.3397464900117
Cyprus,CYP,2005,588.4429074100572
Cyprus,CYP,2006,528.1658367893812
Cyprus,CYP,2007,585.6011080916803
Cyprus,CYP,2008,677.7359038013749
Cyprus,CYP,2009,643.2283284270792
Cyprus,CYP,2010,456.11392148681455
Cyprus,CYP,2011,386.8002215653389
Cyprus,CYP,2012,452.73472324456554
Cyprus,CYP,2013,367.7911922539811
Democratic Republic of Congo,COD,2005,701.0775392677533
Democratic Republic of Congo,COD,2006,660.1088237481454
Democratic Republic of Congo,COD,2007,1378.3254617562343
Democratic Republic of Congo,COD,2008,1437.695382201433
Democratic Republic of Congo,COD,2009,-1722.0653776262188
Democratic Republic of Congo,COD,2010,-176.66817215557967
Democratic Republic of Congo,COD,2011,1341.2695277262537
Democratic Republic of Congo,COD,2012,1437.8879568167176
Democratic Republic of Congo,COD,2013,1530.4970263694559
Denmark,DNK,2005,5967.090391882574
Denmark,DNK,2006,5191.716871511955
Denmark,DNK,2007,4730.60381099486
Denmark,DNK,2008,3985.135589593306
Denmark,DNK,2009,4432.20328821127
Denmark,DNK,2010,4020.9575960294637
Denmark,DNK,2011,4341.193227885779
Denmark,DNK,2012,4052.355998732073
Denmark,DNK,2013,2959.179475920687
Djibouti,DJI,2005,397.7590565474455
Djibouti,DJI,2006,1366.587473773464
Djibouti,DJI,2007,1456.1584044232563
Djibouti,DJI,2008,1135.0944489883334
Djibouti,DJI,2009,1464.7568636923972
Djibouti,DJI,2010,1454.1649202408128
Djibouti,DJI,2011,2598.7994765574495
Djibouti,DJI,2012,4310.76149152313
Djibouti,DJI,2013,3679.354354821133
Dominica,DMA,2005,6.623912702171776
Dominica,DMA,2006,5.1428391298865765
Dominica,DMA,2007,1.7636065100445744
Dominica,DMA,2008,2.1941716913083136
Dominica,DMA,2009,2.701826305288045
Dominica,DMA,2010,1.7783755346300025
Dominica,DMA,2011,2.2188355659985595
Dominica,DMA,2012,0.6779192406687001
Dominica,DMA,2013,0.8473112757999801
Dominican Republic,DOM,2005,1231.5808307116695
Dominican Republic,DOM,2006,852.6959761740054
Dominican Republic,DOM,2007,742.5790618060437
Dominican Republic,DOM,2008,694.0168696619676
Dominican Republic,DOM,2009,504.787172907425
Dominican Republic,DOM,2010,1343.5560874112944
Dominican Republic,DOM,2011,1279.1457881279075
Dominican Republic,DOM,2012,3256.8486943780135
Dominican Republic,DOM,2013,1973.1271202705066
Ecuador,ECU,2005,2244.0419371890566
Ecuador,ECU,2006,2774.657866000889
Ecuador,ECU,2007,-1350.5935830681701
Ecuador,ECU,2008,-3808.787069461352
Ecuador,ECU,2009,-2888.694932805687
Ecuador,ECU,2010,-2057.5769602621294
Ecuador,ECU,2011,-3836.022945533692
Ecuador,ECU,2012,-1247.8393703510865
Ecuador,ECU,2013,1392.057077531419
Egypt,EGY,2005,33335.086190789356
Egypt,EGY,2006,43019.4859379726
Egypt,EGY,2007,32990.7649992355
Egypt,EGY,2008,24412.131508575723
Egypt,EGY,2009,12105.37014990676
Egypt,EGY,2010,37419.87856421033
Egypt,EGY,2011,28900.207288248283
Egypt,EGY,2012,42109.50822103115
Egypt,EGY,2013,41018.8744264195
El Salvador,SLV,2005,4134.13990785292
El Salvador,SLV,2006,4171.215131105448
El Salvador,SLV,2007,4651.083902468155
El Salvador,SLV,2008,5230.7139621023
El Salvador,SLV,2009,5675.754509684828
El Salvador,SLV,2010,4882.621330708227
El Salvador,SLV,2011,4223.497514890147
El Salvador,SLV,2012,3436.425769498533
El Salvador,SLV,2013,2557.5651904220294
Equatorial Guinea,GNQ,2005,282.2279090514494
Equatorial Guinea,GNQ,2006,161.80836800291968
Equatorial Guinea,GNQ,2007,284.6623736248669
Equatorial Guinea,GNQ,2008,282.46515732126176
Equatorial Guinea,GNQ,2009,194.47879173924247
Equatorial Guinea,GNQ,2010,128.21684526535486
Equatorial Guinea,GNQ,2011,194.2103533298927
Equatorial Guinea,GNQ,2012,188.7676029895331
Equatorial Guinea,GNQ,2013,200.0326345717956
Eritrea,ERI,2005,81.81289685843423
Eritrea,ERI,2006,36.22651734925624
Eritrea,ERI,2007,33.77784388416208
Eritrea,ERI,2008,27.220434941326612
Eritrea,ERI,2009,66.72235210379625
Eritrea,ERI,2010,37.959392893613725
Eritrea,ERI,2011,111.79704682050607
Eritrea,ERI,2012,79.72067725853852
Eritrea,ERI,2013,90.4339144791915
Estonia,EST,2005,236.64545802442166
Estonia,EST,2006,267.00562862221864
Estonia,EST,2007,352.1651294957718
Estonia,EST,2008,214.2830200657613
Estonia,EST,2009,212.29284225262293
Estonia,EST,2010,186.8700633472539
Estonia,EST,2011,233.65890242819145
Estonia,EST,2012,292.23187960460706
Estonia,EST,2013,356.7086262012318
Ethiopia,ETH,2005,-3400.415149442564
Ethiopia,ETH,2006,-3608.5476276144454
Ethiopia,ETH,2007,-2583.36638182736
Ethiopia,ETH,2008,-1964.7678923169515
Ethiopia,ETH,2009,-2620.901003876781
Ethiopia,ETH,2010,-1019.1647162514528
Ethiopia,ETH,2011,298.36944276793656
Ethiopia,ETH,2012,2208.2785458170474
Ethiopia,ETH,2013,1612.0239155924573
Fiji,FJI,2005,-437.292070136393
Fiji,FJI,2006,-341.509542197756
Fiji,FJI,2007,-183.28308623672547
Fiji,FJI,2008,-14.670361539381247
Fiji,FJI,2009,21.11349542062294
Fiji,FJI,2010,-2.9303330825283638
Fiji,FJI,2011,103.86275931027637
Fiji,FJI,2012,95.19147415150667
Fiji,FJI,2013,-324.01217051363415
Finland,FIN,2005,2329.3503177701455
Finland,FIN,2006,1986.3737045773419
Finland,FIN,2007,2639.791640747863
Finland,FIN,2008,2103.82937696088
Finland,FIN,2009,1864.7708791334721
Finland,FIN,2010,2008.8793961290467
Finland,FIN,2011,1706.7450247267586
Finland,FIN,2012,2448.482457802878
Finland,FIN,2013,1388.855756683662
France,FRA,2005,39049.00127015411
France,FRA,2006,36215.11105849618
France,FRA,2007,32482.639386598992
France,FRA,2008,29031.762760887
France,FRA,2009,26503.012632330876
France,FRA,2010,24171.714236792875
France,FRA,2011,23363.77182433053
France,FRA,2012,25091.081856529177
France,FRA,2013,21888.559406761666
French Guiana,GUF,2005,0
French Guiana,GUF,2006,0
French Guiana,GUF,2007,0
French Guiana,GUF,2008,0
French Guiana,GUF,2009,0
French Guiana,GUF,2010,0
French Guiana,GUF,2011,0
French Guiana,GUF,2012,0
French Guiana,GUF,2013,0
French Polynesia,PYF,2005,90.40063278700454
French Polynesia,PYF,2006,169.59002882417627
French Polynesia,PYF,2007,395.53868446307985
French Polynesia,PYF,2008,228.6491392588379
French Polynesia,PYF,2009,97.27309760748655
French Polynesia,PYF,2010,104.20793753810878
French Polynesia,PYF,2011,102.08319577620038
French Polynesia,PYF,2012,93.49245206305127
French Polynesia,PYF,2013,101.02333601311778
Gabon,GAB,2005,554.384798391713
Gabon,GAB,2006,488.9777199672303
Gabon,GAB,2007,475.9316865736414
Gabon,GAB,2008,257.78608608015566
Gabon,GAB,2009,437.56506477950916
Gabon,GAB,2010,150.9137334811212
Gabon,GAB,2011,227.05226539877367
Gabon,GAB,2012,344.62967088660434
Gabon,GAB,2013,362.18761751465354
Gambia,GMB,2005,342.813203147096
Gambia,GMB,2006,431.7978747121144
Gambia,GMB,2007,324.6390262564041
Gambia,GMB,2008,238.0820759832816
Gambia,GMB,2009,667.6395810256397
Gambia,GMB,2010,564.9258496835471
Gambia,GMB,2011,750.3401400424976
Gambia,GMB,2012,685.5063109852409
Gambia,GMB,2013,128.52651757623036
Georgia,GEO,2005,326.44974008353984
Georgia,GEO,2006,334.1153801040067
Georgia,GEO,2007,418.35120682259344
Georgia,GEO,2008,354.0098335099251
Georgia,GEO,2009,347.4441891142851
Georgia,GEO,2010,419.191445361608
Georgia,GEO,2011,639.4163725271583
Georgia,GEO,2012,1102.8686138470764
Georgia,GEO,2013,850.0630058254227
Germany,DEU,2005,46834.52913764328
Germany,DEU,2006,48728.38627927452
Germany,DEU,2007,51240.46001920746
Germany,DEU,2008,45485.67892834225
Germany,DEU,2009,48914.77767460314
Germany,DEU,2010,46622.591615153426
Germany,DEU,2011,42165.76320807876
Germany,DEU,2012,45163.424414635156
Germany,DEU,2013,36883.039541359256
Ghana,GHA,2005,-12355.064437275407
Ghana,GHA,2006,-15888.033546923554
Ghana,GHA,2007,-7814.839794474141
Ghana,GHA,2008,-7368.670711952684
Ghana,GHA,2009,-5040.704122092633
Ghana,GHA,2010,-1857.7469412691353
Ghana,GHA,2011,-5578.378243716725
Ghana,GHA,2012,-5236.356688736691
Ghana,GHA,2013,-7743.453375570643
Greece,GRC,2005,5733.063197276421
Greece,GRC,2006,6298.602518420494
Greece,GRC,2007,6454.620614018551
Greece,GRC,2008,5332.573657720681
Greece,GRC,2009,6654.493679699863
Greece,GRC,2010,5143.226096134057
Greece,GRC,2011,4486.994457486429
Greece,GRC,2012,5550.255642147504
Greece,GRC,2013,3441.1497721122946
Grenada,GRD,2005,81.3853222116429
Grenada,GRD,2006,66.20026893701275
Grenada,GRD,2007,35.08383054860896
Grenada,GRD,2008,31.188292351369242
Grenada,GRD,2009,18.759210499612912
Grenada,GRD,2010,10.450023651341986
Grenada,GRD,2011,24.9152288807073
Grenada,GRD,2012,-6.363507763361248
Grenada,GRD,2013,13.571711202179603
Guadeloupe,GLP,2005,0
Guadeloupe,GLP,2006,0
Guadeloupe,GLP,2007,0
Guadeloupe,GLP,2008,0
Guadeloupe,GLP,2009,0
Guadeloupe,GLP,2010,0
Guadeloupe,GLP,2011,0
Guatemala,GTM,2005,-8470.868544055376
Guatemala,GTM,2006,-5886.777149687543
Guatemala,GTM,2007,-923.8074185926998
Guatemala,GTM,2008,758.0024310370691
Guatemala,GTM,2009,987.8890630753785
Guatemala,GTM,2010,225.86124987328822
Guatemala,GTM,2011,540.1211987646866
Guatemala,GTM,2012,679.3233572612335
Guatemala,GTM,2013,611.3601841812779
Guinea,GIN,2005,-598.507135565902
Guinea,GIN,2006,-804.1105688733805
Guinea,GIN,2007,-507.1135666749324
Guinea,GIN,2008,-228.28797117550857
Guinea,GIN,2009,-291.8205974416778
Guinea,GIN,2010,-272.07478685469687
Guinea,GIN,2011,-4.703741745503066
Guinea,GIN,2012,587.8886548156115
Guinea,GIN,2013,525.2411869629432
Guinea-Bissau,GNB,2005,-242.74693663308472
Guinea-Bissau,GNB,2006,-120.6172701296016
Guinea-Bissau,GNB,2007,-132.17607403525926
Guinea-Bissau,GNB,2008,-204.71727169798146
Guinea-Bissau,GNB,2009,-619.5351658297091
Guinea-Bissau,GNB,2010,-244.83862892967863
Guinea-Bissau,GNB,2011,-502.79677232111317
Guinea-Bissau,GNB,2012,-596.7478442264623
Guinea-Bissau,GNB,2013,-565.4517854334063
Guyana,GUY,2005,98.60584882148191
Guyana,GUY,2006,133.14338917162172
Guyana,GUY,2007,59.334475037173206
Guyana,GUY,2008,73.62399423323637
Guyana,GUY,2009,61.96167965872175
Guyana,GUY,2010,111.15998483697354
Guyana,GUY,2011,57.13838448971728
Guyana,GUY,2012,52.56569159809851
Guyana,GUY,2013,-7.919503048935439
Haiti,HTI,2005,521.4909171392355
Haiti,HTI,2006,655.5625696957709
Haiti,HTI,2007,512.5289300342895
Haiti,HTI,2008,609.3350582782248
Haiti,HTI,2009,773.2834857465612
Haiti,HTI,2010,904.2540967647467
Haiti,HTI,2011,917.3218833807523
Haiti,HTI,2012,894.4618410523099
Haiti,HTI,2013,1134.1210874796611
Honduras,HND,2005,-2117.2603248301166
Honduras,HND,2006,-1177.9654943152345
Honduras,HND,2007,-977.6851658303349
Honduras,HND,2008,-1542.0327909459047
Honduras,HND,2009,-1850.569613104035
Honduras,HND,2010,-4083.7888902710074
Honduras,HND,2011,-5138.537891432694
Honduras,HND,2012,-5033.364301173684
Honduras,HND,2013,-3685.078487762212
Hong Kong,HKG,2005,7326.754719953096
Hong Kong,HKG,2006,7356.38172764962
Hong Kong,HKG,2007,7420.865801114067
Hong Kong,HKG,2008,8843.909487746852
Hong Kong,HKG,2009,9151.855427945593
Hong Kong,HKG,2010,8996.861122078231
Hong Kong,HKG,2011,8496.685723985258
Hong Kong,HKG,2012,14287.608124586359
Hong Kong,HKG,2013,23265.815466090942
Hungary,HUN,2005,3366.0188419781957
Hungary,HUN,2006,3095.4513624536494
Hungary,HUN,2007,2521.6236244107463
Hungary,HUN,2008,2036.3199642587165
Hungary,HUN,2009,2072.00062035246
Hungary,HUN,2010,1830.3273204089505
Hungary,HUN,2011,2003.314803202266
Hungary,HUN,2012,2053.3237272723572
Hungary,HUN,2013,1472.0886716190312
Iceland,ISL,2005,120.08857458187954
Iceland,ISL,2006,104.4109299419641
Iceland,ISL,2007,103.82484861020873
Iceland,ISL,2008,85.59085898067829
Iceland,ISL,2009,103.82516621973123
Iceland,ISL,2010,72.39375740701864
Iceland,ISL,2011,85.12604342380065
Iceland,ISL,2012,117.48215666964701
Iceland,ISL,2013,73.02351130403136
India,IND,2005,48351.264966769224
India,IND,2006,63949.4101942758
India,IND,2007,83050.46756841207
India,IND,2008,109762.47205756993
India,IND,2009,137631.49483142816
India,IND,2010,80315.93492808678
India,IND,2011,98901.5709087788
India,IND,2012,110834.76576452538
India,IND,2013,106160.0290061181
Indonesia,IDN,2005,-188323.1010800918
Indonesia,IDN,2006,-262266.7231550745
Indonesia,IDN,2007,-288411.73720408493
Indonesia,IDN,2008,-352100.0247710393
Indonesia,IDN,2009,-412769.0524949055
Indonesia,IDN,2010,-360786.3102392494
Indonesia,IDN,2011,-362266.7602448419
Indonesia,IDN,2012,-404735.84020423907
Indonesia,IDN,2013,-391353.50402658357
Iran,IRN,2005,18079.28875456403
Iran,IRN,2006,26809.498041860206
Iran,IRN,2007,25224.381594004335
Iran,IRN,2008,25392.380908239593
Iran,IRN,2009,28707.469952815598
Iran,IRN,2010,33882.215330586456
Iran,IRN,2011,40407.728405552974
Iran,IRN,2012,31546.333919636312
Iran,IRN,2013,25532.537332064367
Iraq,IRQ,2005,1648.3852560386313
Iraq,IRQ,2006,2019.4284557051806
Iraq,IRQ,2007,1290.9256096733327
Iraq,IRQ,2008,1849.9831010623723
Iraq,IRQ,2009,2519.2865547656716
Iraq,IRQ,2010,2998.1723759063966
Iraq,IRQ,2011,3433.514622475364
Iraq,IRQ,2012,3944.067088193025
Iraq,IRQ,2013,3052.9197428999632
Ireland,IRL,2005,3986.1043727301844
Ireland,IRL,2006,2869.8112971105716
Ireland,IRL,2007,2604.2952966184175
Ireland,IRL,2008,2351.8112222731575
Ireland,IRL,2009,3112.9520876426736
Ireland,IRL,2010,2582.092755624208
Ireland,IRL,2011,2317.719287560612
Ireland,IRL,2012,2855.634416390359
Ireland,IRL,2013,2188.5106964790853
Israel,ISR,2005,9873.832995024984
Israel,ISR,2006,10735.203691854778
Israel,ISR,2007,9984.689059136079
Israel,ISR,2008,9986.189632061376
Israel,ISR,2009,10415.400675152468
Israel,ISR,2010,9273.135059220733
Israel,ISR,2011,10017.422988801767
Israel,ISR,2012,9724.140685865412
Israel,ISR,2013,5732.509170530035
Italy,ITA,2005,44262.00030502836
Italy,ITA,2006,45002.4778833673
Italy,ITA,2007,40046.04620027355
Italy,ITA,2008,34159.37498599586
Italy,ITA,2009,45662.02868974374
Italy,ITA,2010,41867.58590428966
Italy,ITA,2011,37466.28916972087
Italy,ITA,2012,37455.12747370948
Italy,ITA,2013,34394.91640308422
Jamaica,JAM,2005,1120.364249385714
Jamaica,JAM,2006,808.6429747695045
Jamaica,JAM,2007,745.9420246625991
Jamaica,JAM,2008,821.1398920241058
Jamaica,JAM,2009,612.70710966041
Jamaica,JAM,2010,1034.5580558647098
Jamaica,JAM,2011,1051.5054169799826
Jamaica,JAM,2012,1137.0231233933998
Jamaica,JAM,2013,906.9315296717135
Japan,JPN,2005,64663.39352305357
Japan,JPN,2006,64487.507778096246
Japan,JPN,2007,56428.76533510957
Japan,JPN,2008,49844.20853967883
Japan,JPN,2009,51337.33730923212
Japan,JPN,2010,62737.56974112217
Japan,JPN,2011,65830.56996940728
Japan,JPN,2012,62862.58898514148
Japan,JPN,2013,77194.67322117306
Jordan,JOR,2005,3795.5973469052756
Jordan,JOR,2006,4040.684239286943
Jordan,JOR,2007,2776.8555349626677
Jordan,JOR,2008,3861.695528509529
Jordan,JOR,2009,3737.5936375456663
Jordan,JOR,2010,3337.208559421283
Jordan,JOR,2011,3201.944676784652
Jordan,JOR,2012,4411.7006603144255
Jordan,JOR,2013,4781.040592459037
Kazakhstan,KAZ,2005,1035.6471883989514
Kazakhstan,KAZ,2006,1507.6683007163717
Kazakhstan,KAZ,2007,1828.354754866818
Kazakhstan,KAZ,2008,1747.3159507584662
Kazakhstan,KAZ,2009,864.3524864668508
Kazakhstan,KAZ,2010,376.07255736932086
Kazakhstan,KAZ,2011,1018.5030316858841
Kazakhstan,KAZ,2012,1298.0190770769252
Kazakhstan,KAZ,2013,1315.3760809252265
Kenya,KEN,2005,2072.7249321162235
Kenya,KEN,2006,3659.3602258909814
Kenya,KEN,2007,6622.4154165293585
Kenya,KEN,2008,5633.321928546688
Kenya,KEN,2009,7269.817384147282
Kenya,KEN,2010,7359.970331640168
Kenya,KEN,2011,6671.149625656577
Kenya,KEN,2012,8606.063300485748
Kenya,KEN,2013,7440.40311023363
Kiribati,KIR,2005,25.687200503625437
Kiribati,KIR,2006,14.300212897732907
Kiribati,KIR,2007,283.54882129744834
Kiribati,KIR,2008,242.54594673845182
Kiribati,KIR,2009,15.493023727170117
Kiribati,KIR,2010,11.76166522256976
Kiribati,KIR,2011,38.19665022466304
Kiribati,KIR,2012,84.99450240063754
Kiribati,KIR,2013,86.50937946491732
Kuwait,KWT,2005,2423.525479832358
Kuwait,KWT,2006,2458.4083281649923
Kuwait,KWT,2007,2165.2064023231524
Kuwait,KWT,2008,2226.5769273361093
Kuwait,KWT,2009,2136.0937626441137
Kuwait,KWT,2010,1933.6250472832933
Kuwait,KWT,2011,2488.790845517229
Kuwait,KWT,2012,2544.315307503133
Kuwait,KWT,2013,2620.600627473326
Kyrgyzstan,KGZ,2005,64.98106716055105
Kyrgyzstan,KGZ,2006,109.17904858770355
Kyrgyzstan,KGZ,2007,112.52766786436527
Kyrgyzstan,KGZ,2008,121.77614952689478
Kyrgyzstan,KGZ,2009,88.05771791823477
Kyrgyzstan,KGZ,2010,121.56298727879884
Kyrgyzstan,KGZ,2011,132.07105498221364
Kyrgyzstan,KGZ,2012,127.2184418001923
Kyrgyzstan,KGZ,2013,150.49723139701496
Laos,LAO,2005,-4228.2323576579
Laos,LAO,2006,-6355.070813908038
Laos,LAO,2007,-3065.303392409136
Laos,LAO,2008,-4643.287817629243
Laos,LAO,2009,-6547.98658750271
Laos,LAO,2010,-7338.352403731282
Laos,LAO,2011,-4724.073088382087
Laos,LAO,2012,-3220.38577965655
Laos,LAO,2013,-4703.646248748599
Latvia,LVA,2005,595.6968524880066
Latvia,LVA,2006,576.6807428550169
Latvia,LVA,2007,474.2233896819088
Latvia,LVA,2008,414.6201133098353
Latvia,LVA,2009,332.14774246661716
Latvia,LVA,2010,362.17742541797327
Latvia,LVA,2011,394.48539305986463
Latvia,LVA,2012,663.3958601963304
Latvia,LVA,2013,637.8983806665387
Lebanon,LBN,2005,5330.260840153632
Lebanon,LBN,2006,4667.962641620875
Lebanon,LBN,2007,4055.256836731056
Lebanon,LBN,2008,3529.889690581354
Lebanon,LBN,2009,5117.716780111437
Lebanon,LBN,2010,4228.653776384049
Lebanon,LBN,2011,5452.7923845414925
Lebanon,LBN,2012,4028.4953122162206
Lebanon,LBN,2013,3375.7061600651896
Lesotho,LSO,2005,50.71085110784618
Lesotho,LSO,2006,117.09666065748225
Lesotho,LSO,2007,27.85566855049377
Lesotho,LSO,2008,13.918545572991897
Lesotho,LSO,2009,53.32886558733619
Lesotho,LSO,2010,7.690581798291454
Lesotho,LSO,2011,60.647933531415745
Lesotho,LSO,2012,863.5282484791442
Lesotho,LSO,2013,778.9018756024624
Liberia,LBR,2005,-570.1663634081774
Liberia,LBR,2006,-300.25397052271
Liberia,LBR,2007,52.687857685391464
Liberia,LBR,2008,40.46082122428015
Liberia,LBR,2009,-340.11926483878415
Liberia,LBR,2010,-3480.2570442447723
Liberia,LBR,2011,-6575.570140985688
Liberia,LBR,2012,-5119.417652493201
Liberia,LBR,2013,-4590.8725179298735
Libya,LBY,2005,3414.5571299047333
Libya,LBY,2006,3977.5139201621123
Libya,LBY,2007,3358.8673401465344
Libya,LBY,2008,4438.6374638094985
Libya,LBY,2009,3882.0010657885578
Libya,LBY,2010,4117.297919169922
Libya,LBY,2011,1897.7102743253884
Libya,LBY,2012,4650.489313041812
Libya,LBY,2013,3412.8525356846144
Lithuania,LTU,2005,942.9440526544425
Lithuania,LTU,2006,1010.2970385915687
Lithuania,LTU,2007,800.4167414613618
Lithuania,LTU,2008,775.8796465453514
Lithuania,LTU,2009,1208.2969542603007
Lithuania,LTU,2010,747.6977884867855
Lithuania,LTU,2011,1079.4463957684882
Lithuania,LTU,2012,753.3194082959799
Lithuania,LTU,2013,538.7452288102243
Luxembourg,LUX,2005,643.8807466644307
Luxembourg,LUX,2006,768.2171885585115
Luxembourg,LUX,2007,657.2831480373206
Luxembourg,LUX,2008,346.86324700837207
Luxembourg,LUX,2009,295.7366438325229
Luxembourg,LUX,2010,323.03341102795827
Luxembourg,LUX,2011,419.07662666675816
Luxembourg,LUX,2012,662.6711529147527
Luxembourg,LUX,2013,490.45660068897894
Macao,MAC,2005,428.98616484942977
Macao,MAC,2006,377.2670472633183
Macao,MAC,2007,334.7090002211429
Macao,MAC,2008,393.1506785034886
Macao,MAC,2009,442.28063277251044
Macao,MAC,2010,365.1283409091078
Macao,MAC,2011,443.74651363679635
Macao,MAC,2012,624.1416911919019
Macao,MAC,2013,398.38200306227276
Madagascar,MDG,2005,-570.127482378688
Madagascar,MDG,2006,-3685.2022713699116
Madagascar,MDG,2007,-2508.511932602778
Madagascar,MDG,2008,-2185.446001485965
Madagascar,MDG,2009,-2816.9419902990485
Madagascar,MDG,2010,-4521.70643338294
Madagascar,MDG,2011,-2431.795706563338
Madagascar,MDG,2012,-1327.2375934117263
Madagascar,MDG,2013,3729.245011000374
Malawi,MWI,2005,-263.9840342332109
Malawi,MWI,2006,-259.6337221831409
Malawi,MWI,2007,-809.8193796673568
Malawi,MWI,2008,575.7972919507883
Malawi,MWI,2009,69.73620077980377
Malawi,MWI,2010,-154.16774649410218
Malawi,MWI,2011,-344.25742633066056
Malawi,MWI,2012,-227.43862903118497
Malawi,MWI,2013,-258.333904981293
Malaysia,MYS,2005,-35239.140650415946
Malaysia,MYS,2006,-35069.935041616554
Malaysia,MYS,2007,-34861.31637215537
Malaysia,MYS,2008,-39941.06825272458
Malaysia,MYS,2009,-56343.707677101345
Malaysia,MYS,2010,-74456.18290332668
Malaysia,MYS,2011,-79065.06382426366
Malaysia,MYS,2012,-73823.51496296015
Malaysia,MYS,2013,-79851.42984067203
Maldives,MDV,2005,123.48606605200744
Maldives,MDV,2006,241.53698858938895
Maldives,MDV,2007,172.95339857950367
Maldives,MDV,2008,196.84469252461895
Maldives,MDV,2009,103.57983531416836
Maldives,MDV,2010,136.2243544523108
Maldives,MDV,2011,210.97525335379234
Maldives,MDV,2012,198.20768024183218
Maldives,MDV,2013,263.1966819588783
Mali,MLI,2005,334.90855676190716
Mali,MLI,2006,402.69140947838093
Mali,MLI,2007,740.6763322942456
Mali,MLI,2008,676.0025063281596
Mali,MLI,2009,283.46152937742
Mali,MLI,2010,517.9773149352013
Mali,MLI,2011,315.1723642467608
Mali,MLI,2012,431.31433100702117
Mali,MLI,2013,107.066708788916
Malta,MLT,2005,565.3757617351826
Malta,MLT,2006,453.4280545638548
Malta,MLT,2007,401.3295857426554
Malta,MLT,2008,331.95723786426146
Malta,MLT,2009,294.2471406328276
Malta,MLT,2010,232.12844629327088
Malta,MLT,2011,277.258832699684
Malta,MLT,2012,357.04882650952067
Malta,MLT,2013,289.76794820552476
Martinique,MTQ,2005,0
Martinique,MTQ,2006,0
Martinique,MTQ,2007,0
Martinique,MTQ,2008,0
Martinique,MTQ,2009,0
Martinique,MTQ,2010,0
Martinique,MTQ,2011,0
Martinique,MTQ,2012,0
Mauritania,MRT,2005,412.00630160378296
Mauritania,MRT,2006,354.62922841021935
Mauritania,MRT,2007,383.45594302004906
Mauritania,MRT,2008,516.0315471179455
Mauritania,MRT,2009,794.7651219886284
Mauritania,MRT,2010,599.3584364189095
Mauritania,MRT,2011,1033.8380854502345
Mauritania,MRT,2012,1779.0786048642583
Mauritania,MRT,2013,916.9827376817708
Mauritius,MUS,2005,968.7491471514305
Mauritius,MUS,2006,1404.235772780424
Mauritius,MUS,2007,985.4507398938196
Mauritius,MUS,2008,1041.3645432344497
Mauritius,MUS,2009,1140.3687043622645
Mauritius,MUS,2010,1160.9302952562412
Mauritius,MUS,2011,1510.158687688712
Mauritius,MUS,2012,1069.1766893912675
Mauritius,MUS,2013,880.2445988169145
Mexico,MEX,2005,388.21076812127285
Mexico,MEX,2006,857.0053331147501
Mexico,MEX,2007,-579.9744063465405
Mexico,MEX,2008,-491.26539052320004
Mexico,MEX,2009,-1121.1675585345656
Mexico,MEX,2010,-283.0841265316558
Mexico,MEX,2011,-3408.0161322765052
Mexico,MEX,2012,928.935309290624
Mexico,MEX,2013,3949.9173177480698
Moldova,MDA,2005,646.6952796604527
Moldova,MDA,2006,607.2323356011673
Moldova,MDA,2007,178.00955198215985
Moldova,MDA,2008,364.50319735294266
Moldova,MDA,2009,147.2683913295758
Moldova,MDA,2010,112.12779409275869
Moldova,MDA,2011,106.08652958000411
Moldova,MDA,2012,108.97779885591686
Moldova,MDA,2013,118.96304414612884
Mongolia,MNG,2005,76.5506284738514
Mongolia,MNG,2006,77.88629574658017
Mongolia,MNG,2007,178.2860699959157
Mongolia,MNG,2008,62.99612367911949
Mongolia,MNG,2009,61.98738894096207
Mongolia,MNG,2010,139.88717031407367
Mongolia,MNG,2011,99.15021193694442
Mongolia,MNG,2012,123.71529071924682
Mongolia,MNG,2013,110.26976973657482
Montenegro,MNE,2006,100.20570106773037
Montenegro,MNE,2007,78.82105599032798
Montenegro,MNE,2008,104.22870508586259
Montenegro,MNE,2009,110.29524923113314
Montenegro,MNE,2010,96.42959816676482
Montenegro,MNE,2011,94.59949033542527
Montenegro,MNE,2012,142.5770787225437
Montenegro,MNE,2013,114.94978946436251
Morocco,MAR,2005,6551.8498182313815
Morocco,MAR,2006,4799.29987045828
Morocco,MAR,2007,3585.156303583968
Morocco,MAR,2008,4359.275394052551
Morocco,MAR,2009,6331.763977795204
Morocco,MAR,2010,5539.263077617813
Morocco,MAR,2011,6899.259963474086
Morocco,MAR,2012,9952.79840556
Morocco,MAR,2013,6288.231076071076
Mozambique,MOZ,2005,-3101.075151724348
Mozambique,MOZ,2006,-8022.256152969043
Mozambique,MOZ,2007,-10125.831006196997
Mozambique,MOZ,2008,-6663.221232488198
Mozambique,MOZ,2009,-6621.6589512253995
Mozambique,MOZ,2010,-8414.67945208869
Mozambique,MOZ,2011,-2676.9317605080287
Mozambique,MOZ,2012,-3046.484598536379
Mozambique,MOZ,2013,-6069.514198847144
Myanmar,MMR,2005,-7651.7293345828075
Myanmar,MMR,2006,-6331.074272087353
Myanmar,MMR,2007,-6100.220378845101
Myanmar,MMR,2008,-9525.232951206213
Myanmar,MMR,2009,-12479.07497293684
Myanmar,MMR,2010,-6434.695243293958
Myanmar,MMR,2011,-5367.9069266322185
Myanmar,MMR,2012,-3099.5416445691444
Myanmar,MMR,2013,-1281.005294057024
Namibia,NAM,2005,737.8984923938493
Namibia,NAM,2006,1000.2492438445195
Namibia,NAM,2007,3255.0708019880285
Namibia,NAM,2008,3308.8304290591764
Namibia,NAM,2009,186.39708242120616
Namibia,NAM,2010,670.9058101363075
Namibia,NAM,2011,541.997829102642
Namibia,NAM,2012,1134.7316195295655
Namibia,NAM,2013,1404.0871788097334
Nepal,NPL,2005,38.63755420100961
Nepal,NPL,2006,86.75801548938944
Nepal,NPL,2007,65.61570020332465
Nepal,NPL,2008,77.43806194543686
Nepal,NPL,2009,1362.4860397720322
Nepal,NPL,2010,2180.1760544231715
Nepal,NPL,2011,1440.8616940662753
Nepal,NPL,2012,1120.9156704545314
Nepal,NPL,2013,2058.842956946194
Netherlands,NLD,2005,34399.1267707507
Netherlands,NLD,2006,27222.14733409758
Netherlands,NLD,2007,19295.688751286598
Netherlands,NLD,2008,21954.88259337937
Netherlands,NLD,2009,26094.20068478459
Netherlands,NLD,2010,18855.757883789054
Netherlands,NLD,2011,18540.445040062546
Netherlands,NLD,2012,25951.385562038056
Netherlands,NLD,2013,22079.52726185107
New Caledonia,NCL,2005,68.25300613684833
New Caledonia,NCL,2006,78.97374952428805
New Caledonia,NCL,2007,78.93179315713486
New Caledonia,NCL,2008,63.15921073949019
New Caledonia,NCL,2009,64.10494214460958
New Caledonia,NCL,2010,90.97541003101557
New Caledonia,NCL,2011,84.58445550268733
New Caledonia,NCL,2012,87.79401490830975
New Caledonia,NCL,2013,92.33028359097165
New Zealand,NZL,2005,1522.231727728143
New Zealand,NZL,2006,1391.0570684518045
New Zealand,NZL,2007,2527.442264686093
New Zealand,NZL,2008,4917.407068188195
New Zealand,NZL,2009,3080.6332475520944
New Zealand,NZL,2010,5068.468942200367
New Zealand,NZL,2011,3361.04898203925
New Zealand,NZL,2012,3659.0372388046126
New Zealand,NZL,2013,3791.294155088425
Nicaragua,NIC,2005,-12337.904269418272
Nicaragua,NIC,2006,-11934.005935193201
Nicaragua,NIC,2007,-14598.439211565561
Nicaragua,NIC,2008,-18563.129354719324
Nicaragua,NIC,2009,-24111.357271669985
Nicaragua,NIC,2010,-25606.166399964215
Nicaragua,NIC,2011,-30841.84530418338
Nicaragua,NIC,2012,-28525.212148968196
Nicaragua,NIC,2013,-13219.647293468546
Niger,NER,2005,744.7103677451486
Niger,NER,2006,609.3071995132979
Niger,NER,2007,420.1520882256367
Niger,NER,2008,508.5668078866172
Niger,NER,2009,148.65188247267847
Niger,NER,2010,492.0472156374626
Niger,NER,2011,510.1418573371508
Niger,NER,2012,514.2119460147386
Niger,NER,2013,454.2573340264477
Nigeria,NGA,2005,1016.9237357331695
Nigeria,NGA,2006,3093.616388612969
Nigeria,NGA,2007,2161.3914843763196
Nigeria,NGA,2008,1241.6939598118042
Nigeria,NGA,2009,4327.260000215381
Nigeria,NGA,2010,5433.121827302515
Nigeria,NGA,2011,7601.17424029587
Nigeria,NGA,2012,5528.315639296998
Nigeria,NGA,2013,5442.472323083217
North Korea,PRK,2005,691.3024291511869
North Korea,PRK,2006,667.5192132155695
North Korea,PRK,2007,507.3824044226811
North Korea,PRK,2008,300.737274275116
North Korea,PRK,2009,327.52069963028856
North Korea,PRK,2010,155.57165483282674
North Korea,PRK,2011,209.01816393326754
North Korea,PRK,2012,346.6494216235851
North Korea,PRK,2013,616.4014084041523
Norway,NOR,2005,3268.991711278033
Norway,NOR,2006,2860.1125861814926
Norway,NOR,2007,2518.972795886481
Norway,NOR,2008,2690.9061635574094
Norway,NOR,2009,1940.2641415869296
Norway,NOR,2010,1531.4913613680926
Norway,NOR,2011,1553.747570977389
Norway,NOR,2012,1419.10647990637
Norway,NOR,2013,1239.8091049767368
Oman,OMN,2005,838.8008980185939
Oman,OMN,2006,1659.6581925775267
Oman,OMN,2007,1097.0807720114046
Oman,OMN,2008,1124.5137087938378
Oman,OMN,2009,1380.7230146657796
Oman,OMN,2010,2389.719017644555
Oman,OMN,2011,2306.3734635827404
Oman,OMN,2012,3150.162793085076
Oman,OMN,2013,3190.9810863575944
Pakistan,PAK,2005,12287.828557909466
Pakistan,PAK,2006,15841.505366987369
Pakistan,PAK,2007,17172.4067262687
Pakistan,PAK,2008,18923.058386787296
Pakistan,PAK,2009,15912.584227072159
Pakistan,PAK,2010,14107.508236355876
Pakistan,PAK,2011,16080.68875453418
Pakistan,PAK,2012,18814.09446391411
Pakistan,PAK,2013,17808.370404649
Palestine,PSE,2005,655.4938960201562
Palestine,PSE,2006,217.69486554728508
Palestine,PSE,2007,158.4401160851661
Palestine,PSE,2008,75.96589069129281
Palestine,PSE,2009,96.52091442478736
Palestine,PSE,2010,38.76422836645286
Palestine,PSE,2011,37.852437179094615
Palestine,PSE,2012,35.47985838048222
Palestine,PSE,2013,37.8503062719125
Panama,PAN,2005,-836.9710974586783
Panama,PAN,2006,-1066.030630291898
Panama,PAN,2007,-1151.2421782522952
Panama,PAN,2008,-618.6978647383248
Panama,PAN,2009,-262.73315835553876
Panama,PAN,2010,-559.6348420160621
Panama,PAN,2011,-192.51635193226684
Panama,PAN,2012,599.4845123630566
Panama,PAN,2013,318.04654994321754
Papua New Guinea,PNG,2005,-6992.878281667996
Papua New Guinea,PNG,2006,-9548.469593254431
Papua New Guinea,PNG,2007,-13293.34915317516
Papua New Guinea,PNG,2008,-14169.961632268398
Papua New Guinea,PNG,2009,-15376.412456595095
Papua New Guinea,PNG,2010,-13855.393255514799
Papua New Guinea,PNG,2011,-9968.745044178011
Papua New Guinea,PNG,2012,-5767.417306538682
Papua New Guinea,PNG,2013,-4047.8644761982905
Paraguay,PRY,2005,-86404.1659877846
Paraguay,PRY,2006,-106932.9628417108
Paraguay,PRY,2007,-139243.61695893877
Paraguay,PRY,2008,-165021.32155504572
Paraguay,PRY,2009,-172543.81588005772
Paraguay,PRY,2010,-119646.43543356321
Paraguay,PRY,2011,-111469.84414295091
Paraguay,PRY,2012,-145209.95665561873
Paraguay,PRY,2013,-120389.65716895265
Peru,PER,2005,1157.5407453332446
Peru,PER,2006,2338.0954421761708
Peru,PER,2007,1227.3163711187372
Peru,PER,2008,2596.0901335828967
Peru,PER,2009,2507.9063732778886
Peru,PER,2010,-865.9534095410054
Peru,PER,2011,1886.7006854198116
Peru,PER,2012,6130.039480232255
Peru,PER,2013,612.4577730893798
Philippines,PHL,2005,6938.982126775816
Philippines,PHL,2006,7395.51805228275
Philippines,PHL,2007,7124.13182168793
Philippines,PHL,2008,5493.768451660282
Philippines,PHL,2009,6840.373401463839
Philippines,PHL,2010,2833.7584264923207
Philippines,PHL,2011,2484.0402289917038
Philippines,PHL,2012,2206.568583984932
Philippines,PHL,2013,789.8518596769209
Poland,POL,2005,10473.067743287442
Poland,POL,2006,10553.955688994954
Poland,POL,2007,9174.903133414495
Poland,POL,2008,9128.992354249282
Poland,POL,2009,11253.247523804423
Poland,POL,2010,9090.22641790321
Poland,POL,2011,10269.117145891114
Poland,POL,2012,12131.009822286085
Poland,POL,2013,10793.920392531565
Portugal,PRT,2005,6313.1875836107865
Portugal,PRT,2006,7253.2218779007235
Portugal,PRT,2007,8281.845672246727
Portugal,PRT,2008,5453.028234345955
Portugal,PRT,2009,4773.560477299172
Portugal,PRT,2010,7623.535567677176
Portugal,PRT,2011,7128.359931103689
Portugal,PRT,2012,5909.140635331249
Portugal,PRT,2013,4681.711450604591
Qatar,QAT,2005,765.4138082428838
Qatar,QAT,2006,978.4128924120375
Qatar,QAT,2007,886.392831137401
Qatar,QAT,2008,1361.3834266334948
Qatar,QAT,2009,519.0165411232157
Qatar,QAT,2010,1143.6177514569574
Qatar,QAT,2011,538.2403215298256
Qatar,QAT,2012,675.0361164465363
Qatar,QAT,2013,1050.6724428855766
Reunion,REU,2005,0
Reunion,REU,2006,0
Reunion,REU,2007,0
Reunion,REU,2008,0
Reunion,REU,2009,0
Reunion,REU,2010,0
Reunion,REU,2011,0
Reunion,REU,2012,0
Reunion,REU,2013,0
Romania,ROU,2005,5864.771515867288
Romania,ROU,2006,8030.101299564429
Romania,ROU,2007,2823.99081983484
Romania,ROU,2008,2975.8665675093075
Romania,ROU,2009,2937.429052139809
Romania,ROU,2010,2757.092807509313
Romania,ROU,2011,2893.0275004912883
Romania,ROU,2012,2873.4450295665442
Romania,ROU,2013,2909.674530287548
Russia,RUS,2005,97383.82675177777
Russia,RUS,2006,95360.07720625716
Russia,RUS,2007,116063.99100206063
Russia,RUS,2008,115364.81464070913
Russia,RUS,2009,87873.89516093403
Russia,RUS,2010,78568.29697270789
Russia,RUS,2011,67437.70583557265
Russia,RUS,2012,76372.97601748325
Russia,RUS,2013,72298.53333603268
Rwanda,RWA,2005,176.81910651788598
Rwanda,RWA,2006,305.14341012388127
Rwanda,RWA,2007,423.7630109283691
Rwanda,RWA,2008,441.185970022372
Rwanda,RWA,2009,1070.1230810113054
Rwanda,RWA,2010,916.8813234614358
Rwanda,RWA,2011,1033.7246100520786
Rwanda,RWA,2012,1005.5847232793769
Rwanda,RWA,2013,514.2048020749105
Saint Lucia,LCA,2005,76.03458322110586
Saint Lucia,LCA,2006,54.166571395915156
Saint Lucia,LCA,2007,31.341034317713998
Saint Lucia,LCA,2008,21.289901488510942
Saint Lucia,LCA,2009,28.163859868921822
Saint Lucia,LCA,2010,34.361159583536335
Saint Lucia,LCA,2011,21.440003309837294
Saint Lucia,LCA,2012,29.490578450202648
Saint Lucia,LCA,2013,26.722255411629003
Saint Vincent and the Grenadines,VCT,2005,0.907584123815621
Saint Vincent and the Grenadines,VCT,2006,2.8570137259469113
Saint Vincent and the Grenadines,VCT,2007,2.7050457659005818
Saint Vincent and the Grenadines,VCT,2008,7.6512385731400645
Saint Vincent and the Grenadines,VCT,2009,2.66802575574561
Saint Vincent and the Grenadines,VCT,2010,5.317850337715159
Saint Vincent and the Grenadines,VCT,2011,0.9841174460796869
Saint Vincent and the Grenadines,VCT,2012,0.822893512682775
Saint Vincent and the Grenadines,VCT,2013,0.7390188648998898
Samoa,WSM,2005,31.15932347836361
Samoa,WSM,2006,44.46708115081008
Samoa,WSM,2007,55.501766170018
Samoa,WSM,2008,66.01252079451947
Samoa,WSM,2009,64.35313347070249
Samoa,WSM,2010,68.98973004540834
Samoa,WSM,2011,48.97216627558592
Samoa,WSM,2012,134.0550621947686
Samoa,WSM,2013,82.22559313062003
Sao Tome and Principe,STP,2005,0.0624794914820983
Sao Tome and Principe,STP,2006,0.25545638582088
Sao Tome and Principe,STP,2007,0.39038027412325993
Sao Tome and Principe,STP,2008,2.82835816880784
Sao Tome and Principe,STP,2009,0.26112144529785003
Sao Tome and Principe,STP,2010,0.3042035239696799
Sao Tome and Principe,STP,2011,0.29676184768732
Sao Tome and Principe,STP,2012,0.42681927309582307
Sao Tome and Principe,STP,2013,0.48154830567551804
Saudi Arabia,SAU,2005,15754.187671831174
Saudi Arabia,SAU,2006,17243.53194674547
Saudi Arabia,SAU,2007,16386.579669160827
Saudi Arabia,SAU,2008,14349.520722371171
Saudi Arabia,SAU,2009,16793.645014751222
Saudi Arabia,SAU,2010,17973.12028605069
Saudi Arabia,SAU,2011,20077.278729711263
Saudi Arabia,SAU,2012,28389.527422581887
Saudi Arabia,SAU,2013,24167.08305661236
Senegal,SEN,2005,2254.264489961218
Senegal,SEN,2006,2191.1241730376655
Senegal,SEN,2007,1989.6301544522146
Senegal,SEN,2008,2046.098910699028
Senegal,SEN,2009,2094.9849286618432
Senegal,SEN,2010,1711.9619164526816
Senegal,SEN,2011,1712.936427378807
Senegal,SEN,2012,1993.0285259137077
Senegal,SEN,2013,1228.4202438469313
Serbia,SRB,2006,1272.7979746681526
Serbia,SRB,2007,612.9686267899725
Serbia,SRB,2008,647.755813502612
Serbia,SRB,2009,637.3385222326608
Serbia,SRB,2010,550.2938760792364
Serbia,SRB,2011,560.6263213217773
Serbia,SRB,2012,757.2033699628038
Serbia,SRB,2013,844.1549307887664
Seychelles,SYC,2005,43.27100701397254
Seychelles,SYC,2006,72.16551869984474
Seychelles,SYC,2007,210.29806723926063
Seychelles,SYC,2008,108.21181117139929
Seychelles,SYC,2009,83.910254446642
Seychelles,SYC,2010,65.0767821396496
Seychelles,SYC,2011,65.78694195480448
Seychelles,SYC,2012,39.51036899137391
Seychelles,SYC,2013,62.13320352276356
Sierra Leone,SLE,2005,69.01461922401177
Sierra Leone,SLE,2006,94.27444256240142
Sierra Leone,SLE,2007,45.24410781908546
Sierra Leone,SLE,2008,46.94843820495953
Sierra Leone,SLE,2009,-203.81327583775055
Sierra Leone,SLE,2010,-150.21835966348408
Sierra Leone,SLE,2011,-234.12741881073453
Sierra Leone,SLE,2012,-211.0670308163808
Sierra Leone,SLE,2013,10.621650348792173
Singapore,SGP,2005,5581.153781832036
Singapore,SGP,2006,6103.890654562259
Singapore,SGP,2007,5365.824190670586
Singapore,SGP,2008,5185.671380147587
Singapore,SGP,2009,5650.090042569794
Singapore,SGP,2010,5771.761192039866
Singapore,SGP,2011,13062.442691419055
Singapore,SGP,2012,17529.597065873826
Singapore,SGP,2013,11014.489397786492
Slovakia,SVK,2005,2291.17811960605
Slovakia,SVK,2006,1351.4797889877261
Slovakia,SVK,2007,1984.6941956718383
Slovakia,SVK,2008,1528.4696365991597
Slovakia,SVK,2009,1421.8262336885941
Slovakia,SVK,2010,1702.1320784112897
Slovakia,SVK,2011,1197.9988528765632
Slovakia,SVK,2012,2558.400829977143
Slovakia,SVK,2013,2321.7826461544387
Slovenia,SVN,2005,1437.0588185702497
Slovenia,SVN,2006,2667.6966904522674
Slovenia,SVN,2007,1878.4843639412907
Slovenia,SVN,2008,1907.497467180308
Slovenia,SVN,2009,2119.631737643546
Slovenia,SVN,2010,1774.6737359630658
Slovenia,SVN,2011,1974.6957093663495
Slovenia,SVN,2012,2369.077774936288
Slovenia,SVN,2013,1254.4844847660727
Solomon Islands,SLB,2005,0.714697337117022
Solomon Islands,SLB,2006,0.42600320660263014
Solomon Islands,SLB,2007,1.1668573835501899
Solomon Islands,SLB,2008,0.5566629162432202
Solomon Islands,SLB,2009,0.8551389073082502
Solomon Islands,SLB,2010,0
Solomon Islands,SLB,2011,0.057084507110950006
Solomon Islands,SLB,2012,0
Solomon Islands,SLB,2013,0
Somalia,SOM,2005,524.3616882051858
Somalia,SOM,2006,266.46791783785824
Somalia,SOM,2007,272.5448881937424
Somalia,SOM,2008,461.236007482752
Somalia,SOM,2009,552.923850946014
Somalia,SOM,2010,517.8057531022719
Somalia,SOM,2011,287.75872204890476
Somalia,SOM,2012,300.0654519604569
Somalia,SOM,2013,499.9572643562258
South Africa,ZAF,2005,11816.606809694524
South Africa,ZAF,2006,13714.51590914742
South Africa,ZAF,2007,20053.444349531608
South Africa,ZAF,2008,11827.530615306736
South Africa,ZAF,2009,14481.15930969701
South Africa,ZAF,2010,14567.317472231967
South Africa,ZAF,2011,15192.243734089057
South Africa,ZAF,2012,17497.363980331633
South Africa,ZAF,2013,12726.35736225501
South Korea,KOR,2005,25909.183367844875
South Korea,KOR,2006,24398.53753162641
South Korea,KOR,2007,23710.311410790764
South Korea,KOR,2008,20995.024385057175
South Korea,KOR,2009,23397.470675357832
South Korea,KOR,2010,26943.643560197484
South Korea,KOR,2011,29543.746339711557
South Korea,KOR,2012,37902.58039969637
South Korea,KOR,2013,40224.71328877312
Spain,ESP,2005,31181.35621153871
Spain,ESP,2006,29325.269606874997
Spain,ESP,2007,25154.728224095077
Spain,ESP,2008,19293.137214623275
Spain,ESP,2009,13997.926599940962
Spain,ESP,2010,12423.833337622935
Spain,ESP,2011,13826.485599620442
Spain,ESP,2012,19618.51724604096
Spain,ESP,2013,20001.460884589855
Sri Lanka,LKA,2005,1984.2553035944425
Sri Lanka,LKA,2006,6608.225289575294
Sri Lanka,LKA,2007,3978.9122764717495
Sri Lanka,LKA,2008,1267.2611700076031
Sri Lanka,LKA,2009,972.91987617413
Sri Lanka,LKA,2010,1124.5024286834541
Sri Lanka,LKA,2011,1534.5662454753765
Sri Lanka,LKA,2012,848.161590843758
Sri Lanka,LKA,2013,1244.1049917341788
Sudan,SDN,2005,815.4210894311841
Sudan,SDN,2006,1058.1189628258653
Sudan,SDN,2007,1533.014398861234
Sudan,SDN,2008,1086.2299154118718
Sudan,SDN,2009,1526.4914399047586
Sudan,SDN,2010,1913.3867047466151
Sudan,SDN,2011,1430.3378917594048
Suriname,SUR,2005,115.9864803123081
Suriname,SUR,2006,123.02830852182177
Suriname,SUR,2007,47.07043250157494
Suriname,SUR,2008,-70.22890207839487
Suriname,SUR,2009,-141.75282094613135
Suriname,SUR,2010,-452.60769429243055
Suriname,SUR,2011,-346.1053788621289
Suriname,SUR,2012,-398.07968924148236
Suriname,SUR,2013,-360.2211658066997
Sweden,SWE,2005,5871.349949343651
Sweden,SWE,2006,5429.303315089049
Sweden,SWE,2007,5164.920931122998
Sweden,SWE,2008,4628.141014982086
Sweden,SWE,2009,4852.419807211831
Sweden,SWE,2010,4140.612411936698
Sweden,SWE,2011,4393.097604557913
Sweden,SWE,2012,4314.559855741674
Sweden,SWE,2013,3733.7887135173646
Switzerland,CHE,2005,3935.2771572960573
Switzerland,CHE,2006,4696.528989983445
Switzerland,CHE,2007,3417.249623294634
Switzerland,CHE,2008,4010.339334630877
Switzerland,CHE,2009,5320.452373303505
Switzerland,CHE,2010,3037.340933166646
Switzerland,CHE,2011,3605.7770671625312
Switzerland,CHE,2012,3376.092229372378
Switzerland,CHE,2013,4301.1327566387345
Syria,SYR,2005,3182.310894647096
Syria,SYR,2006,2102.1382009233607
Syria,SYR,2007,2432.5232348888735
Syria,SYR,2008,2395.1855355622984
Syria,SYR,2009,5467.586183955836
Syria,SYR,2010,3491.169578519997
Syria,SYR,2011,4103.2153033781115
Syria,SYR,2012,2095.932587183178
Syria,SYR,2013,1063.0851907525696
Taiwan,TWN,2005,7238.779334400553
Taiwan,TWN,2006,6473.341297997468
Taiwan,TWN,2007,3829.9312648375894
Taiwan,TWN,2008,4373.389054466928
Taiwan,TWN,2009,7306.086303692723
Taiwan,TWN,2010,8370.734106422378
Taiwan,TWN,2011,8243.74666056875
Taiwan,TWN,2012,12868.223758684017
Taiwan,TWN,2013,13042.675089979024
Tajikistan,TJK,2005,124.23564378870556
Tajikistan,TJK,2006,78.7997598427767
Tajikistan,TJK,2007,111.83489989558362
Tajikistan,TJK,2008,132.6428592425205
Tajikistan,TJK,2009,92.51576870417466
Tajikistan,TJK,2010,110.45092562937812
Tajikistan,TJK,2011,103.00424710244215
Tajikistan,TJK,2012,104.33288132203889
Tajikistan,TJK,2013,102.27871508947536
Tanzania,TZA,2005,-6028.048056935106
Tanzania,TZA,2006,-6078.42027772154
Tanzania,TZA,2007,-8824.963934231273
Tanzania,TZA,2008,-10674.700148376069
Tanzania,TZA,2009,-16597.681477244478
Tanzania,TZA,2010,-11577.839522293885
Tanzania,TZA,2011,-8665.351027299388
Tanzania,TZA,2012,-10319.703471996268
Tanzania,TZA,2013,-8775.253480564657
Thailand,THA,2005,4431.937768672011
Thailand,THA,2006,1180.0860515793756
Thailand,THA,2007,-13359.097116794073
Thailand,THA,2008,-11302.607681162626
Thailand,THA,2009,-16650.965575948314
Thailand,THA,2010,-27301.989984007872
Thailand,THA,2011,-38037.64866887033
Thailand,THA,2012,-35663.398360432766
Thailand,THA,2013,-44734.72953877921
Timor,TLS,2005,24.85617715447438
Timor,TLS,2006,-6.325990387299612
Timor,TLS,2007,14.92877291495472
Timor,TLS,2008,36.533500434741484
Timor,TLS,2009,129.54322724712696
Timor,TLS,2010,141.3677042684418
Timor,TLS,2011,217.50527257526352
Timor,TLS,2012,189.96233640371895
Timor,TLS,2013,216.45025948621821
Togo,TGO,2005,-316.0927417967323
Togo,TGO,2006,349.6614165297178
Togo,TGO,2007,-399.2993462163363
Togo,TGO,2008,-311.77741331132756
Togo,TGO,2009,-576.923817502538
Togo,TGO,2010,-899.3622051832663
Togo,TGO,2011,-711.9087896479828
Togo,TGO,2012,-500.17068630499443
Togo,TGO,2013,-449.20332515534574
Tonga,TON,2005,2.388688396540012
Tonga,TON,2006,2.860101434667684
Tonga,TON,2007,1.8953546888971409
Tonga,TON,2008,1.2592056230814126
Tonga,TON,2009,1.0437630495633496
Tonga,TON,2010,5.21685262240699
Tonga,TON,2011,3.275308062321403
Tonga,TON,2012,2.8186935981730907
Tonga,TON,2013,0.8715739449727978
Trinidad and Tobago,TTO,2005,776.9253754402399
Trinidad and Tobago,TTO,2006,639.5761535121921
Trinidad and Tobago,TTO,2007,573.9430170150613
Trinidad and Tobago,TTO,2008,469.5023570192185
Trinidad and Tobago,TTO,2009,599.4565832764703
Trinidad and Tobago,TTO,2010,501.8200949454748
Trinidad and Tobago,TTO,2011,512.5182566376809
Trinidad and Tobago,TTO,2012,610.7400749709066
Trinidad and Tobago,TTO,2013,506.7020177872707
Tunisia,TUN,2005,2267.916263870242
Tunisia,TUN,2006,2478.7017462244085
Tunisia,TUN,2007,3007.578764648196
Tunisia,TUN,2008,3687.1788398062754
Tunisia,TUN,2009,3213.5110491532246
Tunisia,TUN,2010,2429.209834570426
Tunisia,TUN,2011,3842.4729722119228
Tunisia,TUN,2012,6020.732909746264
Tunisia,TUN,2013,4351.528693220928
Turkey,TUR,2005,10123.806698002714
Turkey,TUR,2006,11515.3274479151
Turkey,TUR,2007,11151.627526967826
Turkey,TUR,2008,11854.771106619057
Turkey,TUR,2009,11528.105630939473
Turkey,TUR,2010,18491.874667149823
Turkey,TUR,2011,20900.618548420225
Turkey,TUR,2012,21311.34245451649
Turkey,TUR,2013,18569.64497025681
Turkmenistan,TKM,2005,123.56486098457067
Turkmenistan,TKM,2006,40.29654035953374
Turkmenistan,TKM,2007,49.49989321827364
Turkmenistan,TKM,2008,105.82312593538923
Turkmenistan,TKM,2009,144.3795525709786
Turkmenistan,TKM,2010,232.78745540146707
Turkmenistan,TKM,2011,123.68341909060663
Turkmenistan,TKM,2012,261.59943699307
Turkmenistan,TKM,2013,186.98935070295698
Uganda,UGA,2005,-670.355573334673
Uganda,UGA,2006,-1859.160499639689
Uganda,UGA,2007,-4766.781635791831
Uganda,UGA,2008,-4278.235179658001
Uganda,UGA,2009,-4425.983594798894
Uganda,UGA,2010,-3719.0140156956368
Uganda,UGA,2011,-3590.9191534701386
Uganda,UGA,2012,-1022.941017532452
Uganda,UGA,2013,-234.46788817693232
Ukraine,UKR,2005,6523.943621221465
Ukraine,UKR,2006,5838.888964068221
Ukraine,UKR,2007,7941.3869901852895
Ukraine,UKR,2008,6776.842920858077
Ukraine,UKR,2009,4572.923242175622
Ukraine,UKR,2010,2391.1817400360014
Ukraine,UKR,2011,3724.7814388024185
Ukraine,UKR,2012,3514.213798633061
Ukraine,UKR,2013,3794.281389552726
United Arab Emirates,ARE,2005,3914.8043679189464
United Arab Emirates,ARE,2006,7914.171746430024
United Arab Emirates,ARE,2007,6826.288924110867
United Arab Emirates,ARE,2008,8978.71982052529
United Arab Emirates,ARE,2009,8615.767845374568
United Arab Emirates,ARE,2010,4474.013172917669
United Arab Emirates,ARE,2011,11249.924788684431
United Arab Emirates,ARE,2012,14680.835581828433
United Arab Emirates,ARE,2013,13125.008500675278
United Kingdom,GBR,2005,50738.05667993748
United Kingdom,GBR,2006,48670.7622337891
United Kingdom,GBR,2007,43308.83609412721
United Kingdom,GBR,2008,38821.87091732765
United Kingdom,GBR,2009,41744.39412289103
United Kingdom,GBR,2010,33865.76612762504
United Kingdom,GBR,2011,30962.9092795461
United Kingdom,GBR,2012,32897.243465201645
United Kingdom,GBR,2013,26483.345786165046
United States,USA,2005,63726.35246904788
United States,USA,2006,65722.10780414847
United States,USA,2007,66465.76131288364
United States,USA,2008,66102.18821302033
United States,USA,2009,65954.19083403317
United States,USA,2010,63677.09744516806
United States,USA,2011,65309.106955418436
United States,USA,2012,60038.02658708079
United States,USA,2013,68427.87244270777
Uruguay,URY,2005,4227.919455930134
Uruguay,URY,2006,-409.470547636447
Uruguay,URY,2007,-6465.629634203428
Uruguay,URY,2008,-1874.6186149303248
Uruguay,URY,2009,-8641.977743055773
Uruguay,URY,2010,-9771.289652284933
Uruguay,URY,2011,-10118.298392004148
Uruguay,URY,2012,-9808.482102711814
Uruguay,URY,2013,-10691.894333059257
Uzbekistan,UZB,2005,236.14471867244276
Uzbekistan,UZB,2006,137.36903511035402
Uzbekistan,UZB,2007,139.2248715682936
Uzbekistan,UZB,2008,163.41135834747658
Uzbekistan,UZB,2009,161.72922877690158
Uzbekistan,UZB,2010,305.68126176955747
Uzbekistan,UZB,2011,229.4760487035544
Uzbekistan,UZB,2012,258.0908695078758
Uzbekistan,UZB,2013,315.64348792686764
Vanuatu,VUT,2005,3.71780305112702
Vanuatu,VUT,2006,3.9980955095613444
Vanuatu,VUT,2007,1.9133282836773413
Vanuatu,VUT,2008,1.529316988027333
Vanuatu,VUT,2009,2.55409718867519
Vanuatu,VUT,2010,1.8505115443122888
Vanuatu,VUT,2011,2.9530471120926096
Vanuatu,VUT,2012,1.8955477356459687
Vanuatu,VUT,2013,1.7636518050641465
Venezuela,VEN,2005,10335.258519756462
Venezuela,VEN,2006,17788.764441705098
Venezuela,VEN,2007,35270.06585076981
Venezuela,VEN,2008,51928.46428603101
Venezuela,VEN,2009,38207.56201594787
Venezuela,VEN,2010,15927.058061435891
Venezuela,VEN,2011,17837.74604469024
Venezuela,VEN,2012,25228.380902134835
Venezuela,VEN,2013,25363.370840538395
Vietnam,VNM,2005,-6602.570897540099
Vietnam,VNM,2006,-3017.6901667026686
Vietnam,VNM,2007,-3357.070327550682
Vietnam,VNM,2008,2049.0230268973537
Vietnam,VNM,2009,4424.768606873258
Vietnam,VNM,2010,-27944.630439758068
Vietnam,VNM,2011,-26524.713134528633
Vietnam,VNM,2012,-20864.409307375376
Vietnam,VNM,2013,-17090.304902430624
Yemen,YEM,2005,2341.8208756948493
Yemen,YEM,2006,2131.7235444430403
Yemen,YEM,2007,2778.6523589442277
Yemen,YEM,2008,1831.5327291182825
Yemen,YEM,2009,2512.6756615750783
Yemen,YEM,2010,2782.7410440143626
Yemen,YEM,2011,4432.145168552698
Yemen,YEM,2012,4519.655435456382
Yemen,YEM,2013,3257.7575881655775
Zambia,ZMB,2005,-9943.682962205785
Zambia,ZMB,2006,-12969.62096897413
Zambia,ZMB,2007,-9214.315524047546
Zambia,ZMB,2008,-5582.227616945289
Zambia,ZMB,2009,-4415.281078699554
Zambia,ZMB,2010,-12119.540377144585
Zambia,ZMB,2011,-19042.77805713752
Zambia,ZMB,2012,-26349.494887712914
Zambia,ZMB,2013,-22138.28729901171
Zimbabwe,ZWE,2005,1409.2671180791567
Zimbabwe,ZWE,2006,5054.018288454285
Zimbabwe,ZWE,2007,659.662926719695
Zimbabwe,ZWE,2008,890.2954552309675
Zimbabwe,ZWE,2009,-676.4667093988774
Zimbabwe,ZWE,2010,3324.3166679698606
Zimbabwe,ZWE,2011,6031.760749884497
Zimbabwe,ZWE,2012,7555.484737057175
Zimbabwe,ZWE,2013,2919.7910592864882