country_code,year,wood_pulp_export_tonnes
AFG,2020,38
AFG,2019,38
AFG,2018,38
AFG,2017,35
AFG,2016,35
AFG,2015,35
AFG,2014,35
AFG,2013,35
AFG,2012,35
AFG,2011,35
AFG,2010,35
AFG,2009,35
AFG,2008,35
AFG,2007,35
AFG,2006,19
AFG,2005,19
AFG,2004,19
AFG,2003,19
AFG,2002,0
AFG,2001,0
AFG,2000,0
AFG,1999,0
AFG,1998,0
AFG,1997,0
AFG,1996,0
AFG,1995,0
ALB,2020,0
ALB,2019,0
ALB,2018,0
ALB,2017,0
ALB,2016,25
ALB,2015,25
ALB,2014,25
ALB,2013,25
ALB,2012,25
ALB,2011,15
ALB,2010,16
ALB,2009,16
ALB,2008,16
ALB,2007,16
ALB,2006,16
ALB,2005,16
ALB,2004,16
ALB,2003,16
ALB,2002,16
ALB,2001,16
ALB,2000,16
ALB,1999,29
ALB,1998,29
ALB,1997,14
ALB,1996,0
DZA,2020,24
DZA,2019,24
DZA,2018,24
DZA,2017,24
DZA,2016,24
DZA,2015,24
DZA,2014,24
DZA,2013,0
DZA,2012,0
DZA,2011,0
DZA,2010,0
DZA,2009,0
DZA,2008,0
DZA,2007,0
DZA,2006,0
DZA,2005,0
DZA,2004,0
DZA,2003,0
DZA,2002,0
DZA,2001,0
DZA,2000,0
DZA,1999,0
DZA,1998,0
DZA,1997,0
DZA,1996,0
DZA,1995,0
DZA,1994,0
DZA,1993,444
DZA,1992,444
ASM,2020,562
ASM,2019,562
AGO,2020,706
AGO,2019,706
AGO,2018,706
AGO,2017,706
AGO,2016,706
AGO,2015,706
AGO,2014,706
AGO,2013,961
AGO,2012,961
AGO,2011,961
AGO,2010,961
AGO,2009,961
AGO,2008,961
AGO,2007,433
AGO,2006,433
AGO,2005,433
AGO,2004,433
AGO,2003,433
AGO,2002,433
AGO,2001,433
AGO,2000,433
AGO,1999,433
AGO,1998,255
AGO,1997,255
AGO,1996,0
AGO,1995,0
AGO,1994,0
AGO,1987,0
AGO,1974,18600
AGO,1973,33300
AGO,1972,30900
AGO,1971,31900
AGO,1970,33900
AGO,1969,31700
AGO,1968,27100
ARG,2020,193670
ARG,2019,193670
ARG,2018,196000
ARG,2017,214000
ARG,2016,175000
ARG,2015,168000
ARG,2014,184877
ARG,2013,196531
ARG,2012,164178
ARG,2011,204000
ARG,2010,229002
ARG,2009,249000
ARG,2008,178000
ARG,2007,201000
ARG,2006,212000
ARG,2005,212000
ARG,2004,290482
ARG,2003,254205
ARG,2002,258000
ARG,2001,245000
ARG,2000,240000
ARG,1999,197800
ARG,1998,198000
ARG,1997,198700
ARG,1996,189800
ARG,1995,158400
ARG,1994,152500
ARG,1993,151000
ARG,1992,100970
ARG,1991,114000
ARG,1990,114000
ARG,1989,52000
ARG,1988,73400
ARG,1987,66000
ARG,1986,66000
ARG,1985,81900
ARG,1984,45100
ARG,1983,38300
ARM,2020,0
ARM,2019,0
ARM,2018,0
ARM,2017,0
ARM,2016,25
ARM,2015,0
ARM,2014,0
ARM,2013,0
ARM,2012,0
ARM,2011,0
ARM,2010,4
ARM,2009,34
ARM,2008,0
ARM,2007,0
ARM,2006,0
ARM,2005,0
ARM,2004,0
ARM,2003,0
ARM,2002,0
ARM,2001,0
AUS,2020,414
AUS,2019,132
AUS,2018,596
AUS,2017,151
AUS,2016,436
AUS,2015,1328
AUS,2014,3000
AUS,2013,3014
AUS,2012,528
AUS,2011,11443
AUS,2010,16317
AUS,2009,19000
AUS,2008,17000
AUS,2007,10000
AUS,2006,10000
AUS,2005,6000
AUS,2004,4000
AUS,2003,3000
AUS,2002,3500
AUS,2001,2000
AUS,2000,1600
AUS,1999,0
AUS,1998,0
AUS,1997,0
AUS,1996,0
AUS,1995,0
AUS,1994,0
AUS,1993,212
AUS,1992,6084
AUS,1991,2200
AUS,1990,2200
AUS,1989,0
AUS,1987,0
AUS,1982,3800
AUS,1981,3800
AUS,1980,100
AUS,1979,100
AUS,1978,4500
AUS,1977,4500
AUS,1976,4500
AUS,1975,8000
AUT,2020,442167
AUT,2019,450128
AUT,2018,460971
AUT,2017,423813
AUT,2016,418365
AUT,2015,308805
AUT,2014,347710
AUT,2013,435880
AUT,2012,376510
AUT,2011,392808
AUT,2010,353240
AUT,2009,300179
AUT,2008,269621
AUT,2007,284011
AUT,2006,221698
AUT,2005,234002
AUT,2004,258000
AUT,2003,295000
AUT,2002,323000
AUT,2001,345000
AUT,2000,332000
AUT,1999,385000
AUT,1998,290000
AUT,1997,289700
AUT,1996,273500
AUT,1995,232800
AUT,1994,235000
AUT,1993,205776
AUT,1992,189607
AUT,1991,167000
AUT,1990,206200
AUT,1989,246100
AUT,1988,260000
AUT,1987,297400
AUT,1986,334800
AUT,1985,286500
AUT,1984,256900
AUT,1983,240700
AUT,1982,229600
AUT,1981,257500
AUT,1980,248000
AUT,1979,230900
AUT,1978,180000
AUT,1977,129500
AUT,1976,147900
AUT,1975,116300
AUT,1974,112900
AUT,1973,92300
AUT,1972,108100
AUT,1971,112100
AUT,1970,131700
AUT,1969,146400
AUT,1968,145000
AUT,1967,1400
AUT,1966,1700
AUT,1965,2700
AUT,1964,3800
AUT,1963,4600
AUT,1962,5100
AUT,1961,4700
AZE,2020,0
AZE,2019,0
AZE,2018,0
AZE,2017,0
AZE,2016,0
AZE,2015,0
AZE,2014,0
AZE,2013,0
AZE,2012,0
AZE,2011,7
AZE,2010,0
AZE,2009,0
AZE,2008,0
AZE,2007,0
AZE,2006,0
AZE,2005,0
AZE,2004,0
AZE,2003,0
AZE,2002,0
AZE,2001,0
AZE,2000,0
AZE,1999,0
AZE,1998,200
AZE,1997,200
BHS,2020,199
BHS,2019,199
BHS,2018,199
BHS,2017,199
BHS,2016,199
BHS,2015,199
BHS,2014,199
BHS,2013,199
BHS,2012,199
BHS,2011,199
BHS,2010,199
BHS,2009,199
BHS,2008,199
BHS,2007,91
BHS,2006,91
BHS,2005,0
BHS,2004,0
BHS,2003,0
BHS,2002,0
BHS,2001,0
BHS,2000,0
BHS,1999,0
BHS,1998,0
BHS,1997,0
BHS,1996,0
BHS,1995,0
BHS,1994,0
BHR,2020,482
BHR,2019,482
BHR,2018,504
BHR,2017,504
BHR,2016,504
BHR,2015,512
BHR,2014,256
BHR,2013,208
BHR,2012,208
BHR,2011,208
BHR,2010,208
BHR,2009,200
BHR,2008,200
BHR,2007,200
BGD,2020,6
BGD,2019,6
BGD,2018,6
BGD,2017,6
BGD,2016,7
BGD,2015,103
BGD,2014,103
BGD,2013,103
BGD,2012,103
BGD,2011,103
BGD,2010,103
BRB,2020,10
BRB,2019,10
BRB,2018,10
BRB,2017,10
BRB,2016,10
BRB,2015,10
BRB,2014,10
BRB,2013,23
BRB,2012,23
BRB,2011,25
BRB,2010,25
BRB,2009,288
BRB,2008,13
BRB,2007,13
BRB,2006,0
BRB,2005,0
BRB,2004,0
BRB,2003,0
BRB,2002,0
BRB,2001,0
BRB,2000,0
BRB,1999,0
BRB,1998,0
BRB,1997,0
BRB,1996,0
BRB,1995,1134
BRB,1994,0
BRB,1993,0
BLR,2020,215600
BLR,2019,115023
BLR,2018,21001
BLR,2017,2
BLR,2016,0
BLR,2015,56
BLR,2014,219
BLR,2013,0
BLR,2012,11
BLR,2011,135
BLR,2010,119
BLR,2009,100
BLR,2008,100
BLR,2007,100
BLR,2006,100
BLR,2005,100
BLR,2004,100
BLR,2003,100
BLR,2002,300
BLR,2001,0
BLR,2000,100
BLR,1999,100
BLR,1998,1199
BLR,1997,500
BLR,1996,800
BLR,1995,1000
BLR,1994,1000
BLR,1993,20
BLR,1992,100
BEL,2020,641910
BEL,2019,641910
BEL,2018,750313
BEL,2017,797845
BEL,2016,798479
BEL,2015,781382
BEL,2014,847333
BEL,2013,843970
BEL,2012,809240
BEL,2011,825223
BEL,2010,1112541
BEL,2009,996635
BEL,2008,1189641
BEL,2007,1479719
BEL,2006,1080293
BEL,2005,726183
BEL,2004,724443
BEL,2003,623603
BEL,2002,694563
BEL,2001,728440
BEL,2000,719000
BLZ,2020,91
BLZ,2019,91
BLZ,2018,724
BLZ,2017,24
BLZ,2016,774
BLZ,2015,774
BLZ,2014,774
BLZ,2013,4
BLZ,2012,4
BLZ,2011,4
BLZ,2010,4
BLZ,2009,4
BLZ,2008,104
BLZ,2007,209
BLZ,2006,1005
BLZ,2005,793
BLZ,2004,793
BLZ,2003,1943
BLZ,2002,1534
BLZ,2001,604
BLZ,2000,1868
BLZ,1999,1887
BLZ,1998,314
BLZ,1997,0
BLZ,1996,0
BLZ,1995,0
BLZ,1994,0
BLZ,1993,0
BEN,2020,0
BEN,2019,0
BEN,2018,0
BEN,2017,0
BEN,2016,0
BEN,2015,0
BEN,2014,0
BEN,2013,0
BEN,2012,0
BEN,2011,0
BEN,2010,0
BEN,2009,0
BEN,2008,0
BEN,2007,0
BEN,2006,0
BEN,2005,0
BEN,2004,0
BEN,2003,0
BEN,2002,0
BEN,2001,0
BEN,2000,0
BEN,1999,0
BEN,1998,21
BTN,2020,97
BTN,2019,97
BTN,2018,97
BTN,2017,97
BTN,2016,97
BTN,2015,19
BTN,2014,19
BTN,2013,19
BTN,2012,19
BTN,2011,19
BTN,2010,19
BTN,2009,19
BTN,2008,19
BTN,2007,19
BTN,2006,19
BTN,2005,19
BTN,2004,19
BTN,2003,19
BTN,2002,19
BTN,2001,19
BTN,2000,19
BTN,1999,19
BTN,1998,19
BTN,1997,19
BIH,2020,0
BIH,2019,20
BIH,2018,24
BIH,2017,0
BIH,2016,10
BIH,2015,0
BIH,2014,110
BIH,2013,0
BIH,2012,0
BIH,2011,0
BIH,2010,74
BIH,2009,0
BIH,2008,0
BIH,2007,50
BIH,2006,0
BIH,2005,0
BIH,2004,0
BIH,2003,44
BIH,2002,44
BIH,2001,44
BIH,2000,44
BIH,1999,44
BIH,1998,32
BIH,1997,24
BIH,1993,0
BIH,1992,172
BRA,2020,16480045
BRA,2019,15500753
BRA,2018,15190432
BRA,2017,13841746
BRA,2016,13523520
BRA,2015,11970252
BRA,2014,11028410
BRA,2013,9848335
BRA,2012,8911538
BRA,2011,8879788
BRA,2010,8793019
BRA,2009,8585845
BRA,2008,7203020
BRA,2007,6571259
BRA,2006,6238041
BRA,2005,5545236
BRA,2004,4987314
BRA,2003,4565740
BRA,2002,3416263
BRA,2001,3349380
BRA,2000,3010211
BRA,1999,3109050
BRA,1998,2802932
BRA,1997,2502700
BRA,1996,2245800
BRA,1995,1985505
BRA,1994,2077473
BRA,1993,2042931
BRA,1992,1677922
BRA,1991,1375000
BRA,1990,1033400
BRA,1989,999700
BRA,1988,1061800
BRA,1987,814300
BRA,1986,879500
BRA,1985,927700
BRA,1984,975600
BRA,1983,986100
BRA,1982,824600
BRA,1981,951000
BRA,1980,890400
BRA,1979,582400
BRA,1978,267900
BRA,1977,94600
BRA,1976,140600
BRA,1975,153200
BRA,1974,133700
BRA,1973,193800
BRA,1972,140700
BRA,1971,33300
BRA,1970,39300
BRA,1969,26700
BRA,1968,11900
BRA,1967,2400
BRA,1966,6200
BRA,1965,8500
BRA,1964,3500
BRA,1963,400
BRA,1962,4100
BRA,1961,400
VGB,2020,0
VGB,2019,0
VGB,2018,0
VGB,2017,0
VGB,2016,0
VGB,2015,0
VGB,2014,0
VGB,2013,0
VGB,2012,0
VGB,2011,0
VGB,2010,3415
VGB,2009,4523
VGB,2008,0
VGB,2007,0
VGB,2006,0
VGB,2005,0
VGB,2004,0
VGB,2003,0
VGB,2002,0
VGB,2001,0
VGB,2000,0
VGB,1999,0
VGB,1998,0
VGB,1997,0
VGB,1996,0
VGB,1995,0
VGB,1994,0
VGB,1993,0
BRN,2020,26
BRN,2019,26
BRN,2018,26
BRN,2017,26
BRN,2016,0
BRN,2015,0
BRN,2014,0
BRN,2013,26
BRN,2012,26
BRN,2011,26
BRN,2010,26
BRN,2009,26
BRN,2008,26
BGR,2020,65730
BGR,2019,112661
BGR,2018,111973
BGR,2017,107718
BGR,2016,101989
BGR,2015,88270
BGR,2014,111314
BGR,2013,107180
BGR,2012,83033
BGR,2011,103431
BGR,2010,95602
BGR,2009,8658
BGR,2008,67845
BGR,2007,44941
BGR,2006,48160
BGR,2005,59850
BGR,2004,59850
BGR,2003,59850
BGR,2002,59850
BGR,2001,59850
BGR,2000,59850
BGR,1999,59850
BGR,1998,41900
BGR,1997,41900
BGR,1996,21900
BGR,1995,6000
BGR,1994,32400
BGR,1993,26100
BGR,1992,35121
BGR,1991,29600
BGR,1990,29600
BGR,1989,30200
BGR,1988,26600
BGR,1987,8600
BGR,1986,2400
BGR,1985,7700
BGR,1984,11700
BGR,1983,10300
BGR,1982,10900
BGR,1981,9900
BGR,1980,15200
BGR,1979,22900
BGR,1978,27100
BGR,1977,19900
BGR,1976,21300
BGR,1975,13500
BGR,1974,14800
BGR,1973,22500
BGR,1972,22500
BGR,1971,15300
BGR,1970,15600
BGR,1969,17400
BGR,1968,10100
BFA,2020,49
BFA,2019,49
BFA,2018,49
BFA,2017,49
BFA,2016,49
BFA,2015,49
BFA,2014,71
BFA,2013,49
BFA,2012,49
BFA,2011,49
BFA,2010,49
BDI,2020,86
BDI,2019,86
KHM,2020,25
KHM,2019,25
KHM,2018,25
KHM,2017,25
KHM,2016,25
KHM,2015,25
KHM,2014,25
KHM,2013,111
KHM,2012,111
KHM,2011,111
KHM,2010,111
KHM,2009,111
KHM,2008,111
KHM,2007,111
KHM,2006,25
CAN,2020,9018275
CAN,2019,9675655
CAN,2018,9749391
CAN,2017,9911767
CAN,2016,9903648
CAN,2015,9911924
CAN,2014,9680017
CAN,2013,9822319
CAN,2012,9913000
CAN,2011,9675360
CAN,2010,9305000
CAN,2009,8275000
CAN,2008,9605000
CAN,2007,10619000
CAN,2006,10900000
CAN,2005,10611000
CAN,2004,11497335
CAN,2003,11516421
CAN,2002,12106000
CAN,2001,11302000
CAN,2000,11879443
CAN,1999,11649000
CAN,1998,10604800
CAN,1997,11021300
CAN,1996,10318000
CAN,1995,10750000
CAN,1994,10510000
CAN,1993,9379124
CAN,1992,8921924
CAN,1991,8775800
CAN,1990,7883500
CAN,1989,8241300
CAN,1988,8405500
CAN,1987,8241400
CAN,1986,7622000
CAN,1985,7024400
CAN,1984,7040100
CAN,1983,6823000
CAN,1982,6122500
CAN,1981,6752000
CAN,1980,7244300
CAN,1979,7104500
CAN,1978,6637700
CAN,1977,6091600
CAN,1976,6114500
CAN,1975,4985600
CAN,1974,6424500
CAN,1973,5912400
CAN,1972,5535900
CAN,1971,5140400
CAN,1970,5063400
CAN,1969,5256800
CAN,1968,4510000
CAN,1967,525100
CAN,1966,560900
CAN,1965,636900
CAN,1964,626900
CAN,1963,565700
CAN,1962,560800
CAN,1961,496000
CYM,2020,0
CYM,2019,0
CYM,2018,0
CYM,2017,0
CYM,2016,0
CYM,2015,0
CYM,2014,0
CYM,2013,0
CYM,2012,0
CYM,2011,0
CYM,2010,0
CYM,2009,0
CYM,2008,0
CYM,2007,0
CYM,2006,0
CYM,2005,0
CYM,2004,0
CYM,2003,0
CYM,2002,0
CYM,2001,0
CYM,2000,0
CYM,1999,0
CYM,1998,0
CYM,1997,0
CYM,1996,0
CYM,1995,0
CYM,1994,0
CYM,1993,0
CAF,2020,0
CAF,2019,0
CAF,2018,0
CAF,2017,0
CAF,2016,0
CAF,2015,0
CAF,2014,0
CAF,2013,0
CAF,2012,0
CAF,2011,0
CAF,2010,0
CAF,2009,0
CAF,2008,0
CAF,2007,0
CAF,2006,0
CAF,2005,0
CAF,2004,0
CAF,2003,0
CAF,2002,0
CAF,2001,0
CAF,2000,0
CAF,1999,0
CAF,1998,0
CAF,1997,0
CAF,1996,0
CAF,1995,0
CAF,1994,0
CAF,1993,0
TCD,2020,0
TCD,2019,0
TCD,2018,0
TCD,2017,0
TCD,2016,0
TCD,2015,0
TCD,2014,0
TCD,2013,0
TCD,2012,0
TCD,2011,0
TCD,2010,0
TCD,2009,248
TCD,2008,248
TCD,2007,248
TCD,2006,248
TCD,2005,248
TCD,2004,248
TCD,2003,248
TCD,2002,248
TCD,2001,248
TCD,2000,248
TCD,1999,248
TCD,1998,248
TCD,1997,248
CHL,2020,4246477
CHL,2019,4709090
CHL,2018,4687609
CHL,2017,4491837
CHL,2016,4652467
CHL,2015,4418281
CHL,2014,4670256
CHL,2013,4556222
CHL,2012,4325111
CHL,2011,4024934
CHL,2010,3379000
CHL,2009,4310159
CHL,2008,4061000
CHL,2007,3859000
CHL,2006,2649984
CHL,2005,2616000
CHL,2004,2545000
CHL,2003,2110000
CHL,2002,2152000
CHL,2001,2173000
CHL,2000,1835000
CHL,1999,1905000
CHL,1998,1745000
CHL,1997,1575500
CHL,1996,1655200
CHL,1995,1625300
CHL,1994,1585200
CHL,1993,1480162
CHL,1992,1326712
CHL,1991,664200
CHL,1990,581100
CHL,1989,493700
CHL,1988,479100
CHL,1987,526500
CHL,1986,562000
CHL,1985,503000
CHL,1984,492600
CHL,1983,523700
CHL,1982,458800
CHL,1981,321400
CHL,1980,415600
CHL,1979,431900
CHL,1978,437700
CHL,1977,338800
CHL,1976,236700
CHL,1975,174400
CHL,1974,180000
CHL,1973,102000
CHL,1972,120800
CHL,1971,109300
CHL,1970,105300
CHL,1969,121200
CHL,1968,118200
CHN,2020,182958
CHN,2019,129499
CHN,2018,168617
CHN,2017,221197
CHN,2016,164191
CHN,2015,85567
CHN,2014,47675
CHN,2013,44819
CHN,2012,38682
CHN,2011,45602
CHN,2010,49743
CHN,2009,51011
CHN,2008,28291
CHN,2007,81084
CHN,2006,69057
CHN,2005,39917
CHN,2004,31160
CHN,2003,27310
CHN,2002,26496
CHN,2001,32496
CHN,2000,57642
CHN,1999,42709
CHN,1998,19100
CHN,1997,29808
CHN,1996,20800
CHN,1995,69000
CHN,1994,43452
CHN,1993,108643
CHN,1992,154169
CHN,1991,20200
CHN,1990,85100
CHN,1989,83000
CHN,1988,110900
CHN,1987,70800
CHN,1986,81800
CHN,1985,58800
CHN,1984,28900
CHN,1983,57900
CHN,1982,67900
CHN,1981,36400
CHN,1980,30000
CHN,1979,35200
CHN,1978,32900
CHN,1977,20200
CHN,1976,19100
CHN,1975,16400
CHN,1974,23200
CHN,1973,18300
CHN,1972,53600
CHN,1971,49500
CHN,1970,15700
CHN,1969,3000
CHN,1968,200
CHN,2020,21696
CHN,2019,19172
CHN,2018,2235
CHN,2017,3852
CHN,2016,681
CHN,2015,814
CHN,2014,446
CHN,2013,3150
CHN,2012,773
CHN,2011,148
CHN,2010,280
CHN,2009,6466
CHN,2008,498
CHN,2007,703
CHN,2006,2302
CHN,2005,1303
CHN,2004,1029
CHN,2003,2471
CHN,2002,959
CHN,2001,6146
CHN,2000,12342
CHN,1999,10387
CHN,1998,5400
CHN,1997,2600
CHN,1996,6000
CHN,1995,28600
CHN,1994,2021
CHN,1993,13415
CHN,1992,20022
CHN,1991,15400
CHN,1990,9100
CHN,1989,7400
CHN,1988,20900
CHN,1987,6000
CHN,1986,2800
CHN,1985,3000
CHN,1984,500
CHN,2020,488
CHN,2019,96
CHN,2018,0
CHN,2017,0
CHN,2016,0
CHN,2015,0
CHN,2014,0
CHN,2013,0
CHN,2012,0
CHN,2011,0
CHN,2010,0
CHN,2009,0
CHN,2008,0
CHN,2007,0
CHN,2006,0
CHN,2005,0
CHN,2004,0
CHN,2003,15
CHN,2002,0
CHN,2001,0
CHN,2000,0
CHN,1999,0
CHN,1998,0
CHN,1997,8
COL,2020,1629
COL,2019,0
COL,2018,200
COL,2017,363
COL,2016,580
COL,2015,522
COL,2014,2027
COL,2013,701
COL,2012,314
COL,2011,417
COL,2010,644
COL,2009,103
COL,2008,57
COL,2007,57
COL,2006,57
COL,2005,191
COL,2004,191
COL,2003,1460
COL,2002,0
COL,2001,0
COL,2000,0
COL,1999,0
COL,1998,0
COL,1997,0
COL,1996,0
COL,1995,0
COL,1994,0
COL,1993,23
COM,2020,0
COM,2019,0
COM,2018,0
COM,2017,0
COM,2016,0
COM,2015,0
COM,2014,0
COM,2013,0
COM,2012,0
COM,2011,0
COM,2010,0
COM,2009,0
COM,2008,0
COM,2007,0
COM,2006,0
COM,2005,0
COM,2004,0
COM,2003,0
COM,2002,0
COM,2001,0
COM,2000,0
COM,1999,0
COM,1998,0
COM,1997,0
COM,1996,0
COM,1995,0
COM,1994,0
COG,2020,1
COG,2019,1
COG,2018,497
COG,2017,497
COG,2016,0
COG,2015,0
COG,2014,0
COG,2013,0
COG,2012,0
COG,2011,0
COG,2010,0
COG,2009,0
COG,2008,0
COG,2007,0
COG,2006,0
COG,2005,0
COG,2004,0
COG,2003,0
COG,2002,0
COG,2001,0
COG,2000,0
COG,1999,0
COG,1998,0
COG,1997,0
COG,1996,0
COG,1995,0
COG,1994,0
COG,1993,0
COK,2020,0
COK,2019,0
COK,2018,0
COK,2017,0
COK,2016,0
COK,2015,0
COK,2014,0
COK,2013,0
COK,2012,0
COK,2011,0
COK,2010,0
COK,2009,0
COK,2008,0
COK,2007,0
COK,2006,0
COK,2005,0
COK,2004,0
COK,2003,0
COK,2002,0
COK,2001,0
COK,2000,0
COK,1999,0
COK,1998,0
COK,1997,0
COK,1996,0
COK,1995,0
COK,1994,0
COK,1992,0
CRI,2020,0
CRI,2019,9
CRI,2018,46
CRI,2017,5
CRI,2016,356
CRI,2015,396
CRI,2014,315
CRI,2013,168
CRI,2012,161
CRI,2011,121
CRI,2010,86
CRI,2009,22
CRI,2008,46
CRI,2007,160
CRI,2006,285
CRI,2005,18
CRI,2004,18
CRI,2003,0
CRI,2002,0
CRI,2001,0
CRI,2000,0
CRI,1999,0
CRI,1998,0
CRI,1997,0
CRI,1996,0
CRI,1995,3
CRI,1994,3
CRI,1993,203
HRV,2020,44503
HRV,2019,47359
HRV,2018,40237
HRV,2017,41193
HRV,2016,32526
HRV,2015,31628
HRV,2014,32261
HRV,2013,39715
HRV,2012,29000
HRV,2011,37004
HRV,2010,43001
HRV,2009,46002
HRV,2008,45000
HRV,2007,47000
HRV,2006,43000
HRV,2005,43000
HRV,2004,43000
HRV,2003,40000
HRV,2002,43000
HRV,2001,38000
HRV,2000,50000
HRV,1999,54200
HRV,1998,49600
HRV,1997,47600
HRV,1996,36000
HRV,1995,36700
HRV,1994,33289
HRV,1993,35289
HRV,1992,32909
CYP,2020,0
CYP,2019,0
CYP,2018,0
CYP,2017,0
CYP,2016,0
CYP,2015,0
CYP,2014,0
CYP,2013,0
CYP,2012,0
CYP,2011,0
CYP,2010,4
CYP,2009,0
CYP,2008,0
CYP,2007,0
CYP,2006,0
CYP,2005,0
CYP,2004,103
CYP,2003,39
CYP,2002,10
CYP,2001,0
CYP,2000,90
CYP,1999,0
CYP,1998,0
CYP,1997,0
CYP,1996,0
CYP,1995,0
CZE,2020,324226
CZE,2019,301407
CZE,2018,264941
CZE,2017,269580
CZE,2016,258675
CZE,2015,318587
CZE,2014,399943
CZE,2013,405872
CZE,2012,360660
CZE,2011,328083
CZE,2010,386008
CZE,2009,416105
CZE,2008,347157
CZE,2007,366021
CZE,2006,343122
CZE,2005,357580
CZE,2004,340040
CZE,2003,335000
CZE,2002,330000
CZE,2001,317000
CZE,2000,289000
CZE,1999,257100
CZE,1998,244300
CZE,1997,224000
CZE,1996,224000
CZE,1995,190000
CZE,1994,201696
CZE,1993,172296
DNK,2020,3342
DNK,2019,3342
DNK,2018,1243
DNK,2017,1543
DNK,2016,1543
DNK,2015,1786
DNK,2014,12622
DNK,2013,12622
DNK,2012,16582
DNK,2011,15955
DNK,2010,16751
DNK,2009,12656
DNK,2008,20328
DNK,2007,26872
DNK,2006,23892
DNK,2005,343
DNK,2004,628
DNK,2003,673
DNK,2002,1452
DNK,2001,3000
DNK,2000,1400
DNK,1999,1000
DNK,1998,31000
DNK,1997,75600
DNK,1996,63000
DNK,1995,70000
DNK,1994,63300
DNK,1993,43333
DNK,1992,68936
DNK,1991,68300
DNK,1990,61900
DNK,1989,65400
DNK,1988,53300
DNK,1987,53000
DNK,1986,64200
DNK,1985,62900
DNK,1984,64800
DNK,1983,48100
DNK,1982,55000
DNK,1981,61000
DNK,1980,62400
DNK,1979,59600
DNK,1978,41900
DNK,1977,46600
DNK,1976,55600
DNK,1975,61400
DNK,1974,98300
DNK,1973,89000
DNK,1972,78300
DNK,1971,71500
DNK,1970,77900
DNK,1969,65900
DNK,1968,55700
DNK,1967,47500
DNK,1966,40000
DNK,1965,32200
DNK,1964,26100
DNK,1963,10700
DNK,1962,5000
DNK,1961,4700
DJI,2020,0
DJI,2019,0
DJI,2018,0
DJI,2017,0
DJI,2016,0
DJI,2015,0
DJI,2014,0
DJI,2013,18
DJI,2012,18
DJI,2011,18
DJI,2010,18
DJI,2009,18
DJI,2008,18
DJI,2007,21
DJI,2006,21
DJI,2005,0
DJI,2004,0
DJI,2003,0
DJI,2002,0
DJI,2001,0
DJI,2000,26
DJI,1999,26
DJI,1998,26
DJI,1997,0
DJI,1996,0
DJI,1995,0
DJI,1994,0
DMA,2020,1
DMA,2019,1
DMA,2018,1
DMA,2017,1
DMA,2016,1
DMA,2015,1
DMA,2014,1
DMA,2013,3
DMA,2012,3
DMA,2011,3
DMA,2010,3
DMA,2009,3
DMA,2008,3
DMA,2007,3
DMA,2006,3
DMA,2005,1
DMA,2004,1
DMA,2003,1
DMA,2002,1
DMA,2001,1
DMA,2000,1
DMA,1999,1
DOM,2020,8
DOM,2019,8
DOM,2018,8
DOM,2017,8
DOM,2016,12
DOM,2015,7
ECU,2020,31
ECU,2019,90
ECU,2018,280
ECU,2017,104
ECU,2016,129
ECU,2015,1
ECU,2014,1
ECU,2013,60
ECU,2012,139
ECU,2011,159
ECU,2010,159
ECU,2009,260
ECU,2008,260
ECU,2007,260
ECU,2006,260
ECU,2005,260
ECU,2004,260
ECU,2003,0
ECU,2002,0
ECU,2001,0
ECU,2000,0
ECU,1999,0
ECU,1998,0
ECU,1997,0
ECU,1996,0
ECU,1995,0
ECU,1994,0
ECU,1993,421
ECU,1992,520
EGY,2020,377
EGY,2019,351
EGY,2018,271
EGY,2017,41
EGY,2016,21
EGY,2015,33
EGY,2014,33
EGY,2013,34
EGY,2012,135
EGY,2011,183
EGY,2010,680
EGY,2009,632
SLV,2020,0
SLV,2019,0
SLV,2018,546
SLV,2017,546
SLV,2016,1
SLV,2015,46
SLV,2014,43
SLV,2013,625
SLV,2012,618
SLV,2011,618
SLV,2010,618
SLV,2009,618
SLV,2008,618
SLV,2007,616
SLV,2006,724
SLV,2005,724
SLV,2004,724
SLV,2003,67
ERI,2020,157
ERI,2019,166
ERI,2018,166
ERI,2017,166
ERI,2016,166
ERI,2015,436
ERI,2014,436
ERI,2013,436
ERI,2012,436
ERI,2011,436
ERI,2010,436
ERI,2009,436
ERI,2008,436
ERI,2007,436
ERI,2006,436
ERI,2005,436
ERI,2004,436
EST,2020,197756
EST,2019,186326
EST,2018,177023
EST,2017,182946
EST,2016,193110
EST,2015,173795
EST,2014,173408
EST,2013,138016
EST,2012,146396
EST,2011,143702
EST,2010,132832
EST,2009,133934
EST,2008,125385
EST,2007,126378
EST,2006,51344
EST,2005,0
EST,2004,0
EST,2003,0
EST,2002,0
EST,2001,0
EST,2000,120
EST,1999,0
EST,1998,2700
EST,1997,2000
EST,1996,0
EST,1995,6000
EST,1994,11000
EST,1993,581
EST,1992,251
SWZ,2020,744
SWZ,2019,772
SWZ,2018,0
SWZ,2017,0
SWZ,2016,0
SWZ,2015,0
SWZ,2014,0
SWZ,2013,0
SWZ,2012,0
SWZ,2011,0
SWZ,2010,14505
SWZ,2009,101349
SWZ,2008,147400
SWZ,2007,173600
SWZ,2006,159300
SWZ,2005,156300
SWZ,2004,182900
SWZ,2003,156300
SWZ,2002,197700
SWZ,2001,210000
SWZ,2000,210000
SWZ,1999,210000
SWZ,1998,210000
SWZ,1997,210000
SWZ,1996,210000
SWZ,1995,107000
SWZ,1994,193400
SWZ,1993,193400
SWZ,1992,154400
SWZ,1991,154400
SWZ,1990,154400
SWZ,1989,154400
SWZ,1988,174000
SWZ,1987,174000
SWZ,1986,174000
SWZ,1985,174000
SWZ,1984,178000
SWZ,1983,126000
SWZ,1982,126000
SWZ,1981,156700
SWZ,1980,156000
SWZ,1979,161000
SWZ,1978,150000
SWZ,1977,123000
SWZ,1976,180000
SWZ,1975,90000
SWZ,1974,136000
SWZ,1973,136000
SWZ,1972,125000
SWZ,1971,100000
SWZ,1970,98000
SWZ,1969,84000
SWZ,1968,90000
ETH,2020,3
ETH,2019,3
ETH,2018,3
ETH,2017,3
ETH,2016,4
ETH,2015,0
ETH,2014,0
ETH,2013,0
ETH,2012,1
ETH,2011,0
ETH,2010,0
ETH,2009,0
ETH,2008,0
ETH,2007,0
ETH,2006,0
ETH,2005,0
ETH,2004,0
ETH,2003,0
ETH,2002,0
ETH,2001,0
ETH,2000,0
ETH,1999,0
ETH,1998,0
ETH,1997,0
ETH,1996,95
ETH,1995,95
FJI,2020,1
FJI,2019,1
FJI,2018,1
FJI,2017,1
FJI,2016,0
FJI,2015,0
FJI,2014,0
FJI,2013,1
FJI,2012,1
FJI,2011,1
FJI,2010,1
FJI,2009,1
FJI,2008,1
FJI,2007,1
FJI,2006,1
FJI,2005,1
FJI,2004,1
FJI,2003,1
FIN,2020,4332954
FIN,2019,4518365
FIN,2018,4044950
FIN,2017,3655111
FIN,2016,3506084
FIN,2015,3136303
FIN,2014,3004941
FIN,2013,3073492
FIN,2012,2710392
FIN,2011,2475167
FIN,2010,2158736
FIN,2009,1457536
FIN,2008,2224871
FIN,2007,2551642
FIN,2006,2761445
FIN,2005,2036796
FIN,2004,2358802
FIN,2003,2384984
FIN,2002,2114481
FIN,2001,1698545
FIN,2000,1681249
FIN,1999,1882000
FIN,1998,1634600
FIN,1997,1751000
FIN,1996,1542000
FIN,1995,1302000
FIN,1994,1492500
FIN,1993,1455957
FIN,1992,1323404
FIN,1991,1349900
FIN,1990,1460700
FIN,1989,1653000
FIN,1988,1680000
FIN,1987,1599000
FIN,1986,1468800
FIN,1985,1534100
FIN,1984,1561000
FIN,1983,1572000
FIN,1982,1458000
FIN,1981,1685000
FIN,1980,1938800
FIN,1979,1865300
FIN,1978,1531200
FIN,1977,1180600
FIN,1976,1083372
FIN,1975,943500
FIN,1974,1330300
FIN,1973,1659900
FIN,1972,1610600
FIN,1971,1506900
FIN,1970,2056900
FIN,1969,2216600
FIN,1968,2224100
FIN,1967,345800
FIN,1966,341300
FIN,1965,391900
FIN,1964,421800
FIN,1963,380500
FIN,1962,351500
FIN,1961,341700
FRA,2020,550716
FRA,2019,565771
FRA,2018,509620
FRA,2017,582043
FRA,2016,599917
FRA,2015,586754
FRA,2014,535658
FRA,2013,481831
FRA,2012,555959
FRA,2011,712615
FRA,2010,581920
FRA,2009,417386
FRA,2008,580229
FRA,2007,606129
FRA,2006,533286
FRA,2005,464536
FRA,2004,577806
FRA,2003,552959
FRA,2002,542088
FRA,2001,502632
FRA,2000,392195
FRA,1999,384490
FRA,1998,450600
FRA,1997,518200
FRA,1996,365000
FRA,1995,421000
FRA,1994,472300
FRA,1993,418000
FRA,1992,420092
FRA,1991,405300
FRA,1990,379000
FRA,1989,357600
FRA,1988,424900
FRA,1987,397700
FRA,1986,339400
FRA,1985,305300
FRA,1984,241200
FRA,1983,213600
FRA,1982,166600
FRA,1981,152500
FRA,1980,187200
FRA,1979,215100
FRA,1978,176800
FRA,1977,158000
FRA,1976,158700
FRA,1975,76200
FRA,1974,173600
FRA,1973,249700
FRA,1972,143400
FRA,1971,107000
FRA,1970,165900
FRA,1969,144700
FRA,1968,153700
FRA,1967,200
FRA,1966,100
FRA,1965,200
FRA,1964,100
FRA,1963,300
FRA,1962,800
FRA,1961,1600
GAB,2020,24
GAB,2019,24
GAB,2018,24
GAB,2017,24
GAB,2016,24
GAB,2015,24
GAB,2014,24
GAB,2013,50
GAB,2012,24
GMB,2020,664
GMB,2019,664
GEO,2020,0
GEO,2019,0
GEO,2018,0
GEO,2017,0
GEO,2016,0
GEO,2015,0
GEO,2014,0
GEO,2013,0
GEO,2012,0
GEO,2011,0
GEO,2010,0
GEO,2009,0
GEO,2008,0
GEO,2007,0
GEO,2006,0
GEO,2005,297
GEO,2004,297
GEO,2003,297
GEO,2002,297
GEO,2001,297
GEO,2000,297
GEO,1999,297
GEO,1998,297
DEU,2020,1146000
DEU,2019,1254000
DEU,2018,1089000
DEU,2017,1253000
DEU,2016,1258000
DEU,2015,1238000
DEU,2014,1316741
DEU,2013,1272000
DEU,2012,1126000
DEU,2011,1077000
DEU,2010,957493
DEU,2009,1049136
DEU,2008,1037000
DEU,2007,982000
DEU,2006,1021405
DEU,2005,824000
DEU,2004,528000
DEU,2003,456000
DEU,2002,522000
DEU,2001,439000
DEU,2000,392000
DEU,1999,331000
DEU,1998,379000
DEU,1997,392000
DEU,1996,346000
DEU,1995,271000
DEU,1994,198500
DEU,1993,192402
DEU,1992,213900
DEU,1991,191400
DEU,1990,164900
DEU,1989,167300
DEU,1988,181600
DEU,1987,140200
DEU,1986,127000
DEU,1985,110900
DEU,1984,134700
DEU,1983,114400
DEU,1982,101800
DEU,1981,111000
DEU,1980,116400
DEU,1979,117100
DEU,1978,95000
DEU,1977,110400
DEU,1976,120400
DEU,1975,72000
DEU,1974,94100
DEU,1973,126000
DEU,1972,95000
DEU,1971,50200
DEU,1970,64200
DEU,1969,87900
DEU,1968,70100
DEU,1967,22500
DEU,1966,31300
DEU,1965,32500
DEU,1964,35900
DEU,1963,40000
DEU,1962,41800
DEU,1961,34700
GHA,2020,0
GHA,2019,0
GHA,2018,0
GHA,2017,0
GHA,2016,0
GHA,2015,0
GHA,2014,0
GHA,2013,0
GHA,2012,0
GHA,2011,0
GHA,2010,0
GHA,2009,0
GHA,2008,41
GHA,2007,41
GHA,2006,41
GHA,2005,41
GHA,2004,41
GIB,2020,0
GIB,2019,0
GIB,2018,0
GIB,2017,0
GIB,2016,0
GIB,2015,0
GIB,2014,0
GIB,2013,0
GIB,2012,0
GIB,2011,0
GIB,2010,0
GIB,2009,0
GIB,2008,0
GIB,2007,0
GIB,2006,0
GIB,2005,0
GIB,2004,0
GIB,2003,0
GIB,2002,0
GIB,2001,0
GIB,2000,0
GIB,1999,0
GIB,1998,0
GIB,1997,0
GIB,1996,0
GIB,1995,0
GIB,1994,0
GRC,2020,1242
GRC,2019,2596
GRC,2018,3235
GRC,2017,3232
GRC,2016,3237
GRC,2015,3237
GRC,2014,3237
GRC,2013,7158
GRC,2012,12908
GRC,2011,81
GRC,2010,1448
GRC,2009,1130
GRC,2008,96
GRC,2007,840
GRC,2006,980
GRC,2005,4978
GRC,2004,6574
GRC,2003,4456
GRC,2002,1405
GRC,2001,1562
GRC,2000,1024
GRC,1999,1000
GRC,1998,0
GRC,1997,400
GRC,1996,902
GRC,1995,902
GRC,1994,884
GRC,1992,265
GRL,2020,0
GRL,2019,0
GRL,2018,0
GRL,2017,0
GRL,2016,0
GRL,2015,0
GRL,2014,0
GRL,2013,0
GRL,2012,0
GRL,2011,0
GRL,2010,0
GRL,2009,0
GRL,2008,0
GRL,2007,0
GRL,2006,0
GRL,2005,0
GRL,2004,0
GRL,2003,0
GRL,2002,0
GRL,2001,0
GRL,2000,0
GRL,1999,0
GRL,1998,0
GRL,1997,0
GRL,1996,0
GRL,1995,0
GRL,1994,0
GRL,1993,0
GTM,2020,91
GTM,2019,89
GTM,2018,88
GTM,2017,92
GTM,2016,62
GTM,2015,297
GTM,2014,61
GTM,2013,60
GTM,2012,61
GTM,2011,1
GTM,2010,1
GTM,2009,33
GTM,2008,517
GTM,2007,35
GTM,2006,47
GTM,2005,26
GTM,2004,108
GTM,2003,9
GNB,2020,193
GNB,2019,193
GNB,2018,193
GNB,2017,193
GNB,2016,193
GNB,2015,193
GNB,2014,193
GNB,2013,193
GNB,2012,193
GUY,2020,829
GUY,2019,829
GUY,2018,829
GUY,2017,829
GUY,2016,1
HTI,2020,0
HTI,2019,0
HTI,2018,0
HTI,2017,0
HTI,2016,0
HTI,2015,0
HTI,2014,0
HTI,2013,0
HTI,2012,113
HTI,2011,113
HND,2020,0
HND,2019,0
HND,2018,0
HND,2017,0
HND,2016,0
HND,2015,0
HND,2014,15
HND,2013,0
HND,2012,0
HND,2011,0
HND,2010,0
HND,2009,46
HND,2008,46
HND,2007,46
HND,2006,46
HND,2005,46
HND,2004,46
HND,2003,0
HND,2002,0
HND,2001,0
HND,2000,200
HND,1999,200
HND,1998,200
HND,1997,200
HND,1996,100
HND,1995,0
HND,1994,0
HND,1993,51
HND,1992,51
HUN,2020,1865
HUN,2019,1865
HUN,2018,300
HUN,2017,456
HUN,2016,66
HUN,2015,10035
HUN,2014,14971
HUN,2013,4558
HUN,2012,5787
HUN,2011,4351
HUN,2010,31
HUN,2009,0
HUN,2008,0
HUN,2007,200
HUN,2006,469
HUN,2005,0
HUN,2004,0
HUN,2003,1000
HUN,2002,0
HUN,2001,0
HUN,2000,3400
HUN,1999,300
HUN,1998,800
HUN,1997,0
HUN,1996,2900
HUN,1995,2600
HUN,1994,2700
HUN,1993,3451
HUN,1992,286
HUN,1991,3000
HUN,1990,3000
HUN,1989,3000
HUN,1988,3000
HUN,1987,2900
HUN,1986,6400
HUN,1985,16500
HUN,1984,11600
HUN,1983,14900
HUN,1982,17000
HUN,1981,9900
HUN,1980,11900
HUN,1979,6700
HUN,1978,3200
HUN,1977,1400
HUN,1976,3400
HUN,1975,4700
HUN,1974,3600
HUN,1973,8100
HUN,1972,14400
HUN,1971,10400
HUN,1970,10300
HUN,1969,6800
HUN,1968,4400
ISL,2020,0
ISL,2019,0
ISL,2018,0
ISL,2017,0
ISL,2016,0
ISL,2015,0
ISL,2014,0
ISL,2013,0
ISL,2012,0
ISL,2011,0
ISL,2010,0
ISL,2009,0
ISL,2008,0
ISL,2007,0
ISL,2006,0
ISL,2005,0
ISL,2004,0
ISL,2003,0
ISL,2002,0
ISL,2001,0
ISL,2000,0
ISL,1999,0
ISL,1998,0
ISL,1997,0
ISL,1996,0
ISL,1995,0
ISL,1994,0
ISL,1993,0
ISL,1992,151
IND,2020,2127
IND,2019,3910
IND,2018,6221
IND,2017,1690
IND,2016,11031
IND,2015,12700
IND,2014,4997
IND,2013,1651
IND,2012,2387
IND,2011,830
IND,2010,2710
IND,2009,3478
IND,2008,21088
IND,2007,4592
IND,2006,4592
IND,2005,13552
IND,2004,13552
IND,2003,25000
IND,2002,25000
IND,2001,25000
IND,2000,16000
IND,1999,1200
IND,1998,100
IND,1997,1500
IND,1996,1500
IND,1995,3290
IND,1994,384
IND,1993,396
IND,1992,28
IDN,2020,5955324
IDN,2019,5384902
IDN,2018,4225827
IDN,2017,4592306
IDN,2016,3533991
IDN,2015,3400394
IDN,2014,3497630
IDN,2013,3718046
IDN,2012,3196836
IDN,2011,2960682
IDN,2010,2572858
IDN,2009,2244488
IDN,2008,2733119
IDN,2007,2439019
IDN,2006,2861373
IDN,2005,2493340
IDN,2004,1677363
IDN,2003,2375087
IDN,2002,2245166
IDN,2001,1699200
IDN,2000,1356300
IDN,1999,1196900
IDN,1998,1655600
IDN,1997,1284702
IDN,1996,1127202
IDN,1995,565594
IDN,1994,123594
IDN,1993,109180
IDN,1992,114882
IDN,1991,128600
IDN,1990,130000
IDN,1989,87000
IRN,2020,515
IRN,2019,3691
IRN,2018,3691
IRN,2017,76
IRN,2016,180
IRN,2015,240
IRN,2014,61
IRN,2013,60
IRN,2012,60
IRN,2011,60
IRN,2010,60
IRN,2009,1
IRN,2008,1
IRN,2007,1
IRN,2006,1
IRN,2005,1
IRN,2004,50
IRN,2003,50
IRN,2002,0
IRN,2001,0
IRN,2000,0
IRN,1999,0
IRN,1998,0
IRN,1997,0
IRN,1996,0
IRN,1995,0
IRN,1994,0
IRQ,2020,29
IRQ,2019,29
IRQ,2018,29
IRQ,2017,29
IRQ,2016,29
IRQ,2015,29
IRQ,2014,29
IRQ,2013,29
IRQ,2012,29
IRQ,2011,23
IRQ,2010,23
IRQ,2009,23
IRQ,2008,23
IRQ,2007,23
IRQ,2006,23
IRQ,2005,23
IRQ,2004,23
IRQ,2003,23
IRQ,2002,23
IRQ,2001,23
IRQ,2000,23
IRQ,1999,23
IRQ,1998,0
IRQ,1997,0
IRQ,1996,0
IRQ,1995,0
IRQ,1994,0
IRQ,1993,0
IRL,2020,36
IRL,2019,36
IRL,2018,36
IRL,2017,22
IRL,2016,3068
IRL,2015,34
IRL,2014,1
IRL,2013,168
IRL,2012,3
IRL,2011,33
IRL,2010,578
IRL,2009,20
IRL,2008,199
IRL,2007,2003
IRL,2006,610
IRL,2005,1636
IRL,2004,4440
IRL,2003,2671
IRL,2002,1514
IRL,2001,5000
IRL,2000,1000
IRL,1999,1000
IRL,1998,5000
IRL,1997,0
IRL,1996,0
IRL,1995,0
IRL,1994,264
IRL,1993,640
IRL,1992,388
IRL,1987,0
IRL,1982,1300
IRL,1981,100
IRL,1980,30600
IRL,1979,32300
IRL,1978,25500
IRL,1977,24800
IRL,1976,20600
IRL,1974,700
ISR,2020,0
ISR,2019,0
ISR,2018,0
ISR,2017,31
ISR,2016,31
ISR,2015,31
ISR,2014,497
ISR,2013,0
ISR,2012,0
ISR,2011,2
ISR,2010,0
ISR,2009,89
ISR,2008,0
ISR,2007,0
ISR,2006,0
ISR,2005,0
ISR,2004,0
ISR,2003,0
ISR,2002,0
ISR,2001,0
ISR,2000,126
ISR,1999,0
ISR,1998,0
ISR,1997,0
ISR,1996,0
ISR,1995,66
ISR,1994,66
ISR,1993,41
ISR,1992,229
ITA,2020,77077
ITA,2019,113096
ITA,2018,195720
ITA,2017,122268
ITA,2016,84770
ITA,2015,49935
ITA,2014,34885
ITA,2013,35336
ITA,2012,37260
ITA,2011,35371
ITA,2010,28284
ITA,2009,28116
ITA,2008,45393
ITA,2007,41359
ITA,2006,30492
ITA,2005,34477
ITA,2004,21953
ITA,2003,18909
ITA,2002,17186
ITA,2001,23000
ITA,2000,22255
ITA,1999,18000
ITA,1998,14180
ITA,1997,12427
ITA,1996,20361
ITA,1995,19800
ITA,1994,32200
ITA,1993,40161
ITA,1992,21048
ITA,1991,60300
ITA,1990,71900
ITA,1989,68600
ITA,1988,57000
ITA,1987,40700
ITA,1986,52400
ITA,1985,63000
ITA,1984,55000
ITA,1983,41300
ITA,1982,19700
ITA,1981,14000
ITA,1980,1100
ITA,1979,900
ITA,1978,900
ITA,1977,2240
ITA,1976,3300
ITA,1975,4500
ITA,1974,5200
ITA,1973,1500
ITA,1972,2700
ITA,1971,5600
ITA,1970,4800
ITA,1969,2700
ITA,1968,2300
ITA,1967,2400
ITA,1966,1300
ITA,1962,100
ITA,1961,100
JAM,2016,0
JAM,2015,0
JAM,2014,57
JPN,2020,344915
JPN,2019,342198
JPN,2018,373355
JPN,2017,368060
JPN,2016,344988
JPN,2015,411012
JPN,2014,391895
JPN,2013,451654
JPN,2012,349968
JPN,2011,393360
JPN,2010,409257
JPN,2009,160000
JPN,2008,188000
JPN,2007,228000
JPN,2006,228000
JPN,2005,193000
JPN,2004,206000
JPN,2003,193000
JPN,2002,133000
JPN,2001,104000
JPN,2000,132000
JPN,1999,83000
JPN,1998,43000
JPN,1997,62400
JPN,1996,79700
JPN,1995,69300
JPN,1994,13400
JPN,1993,5954
JPN,1992,7601
JPN,1991,11200
JPN,1990,17900
JPN,1989,9200
JPN,1988,12800
JPN,1987,16600
JPN,1986,37100
JPN,1985,19900
JPN,1984,38700
JPN,1983,45500
JPN,1982,68000
JPN,1981,104600
JPN,1980,100000
JPN,1979,110100
JPN,1978,96500
JPN,1977,159648
JPN,1976,136800
JPN,1975,150100
JPN,1974,236800
JPN,1973,50000
JPN,1972,47200
JPN,1971,48800
JPN,1970,11300
JPN,1969,12000
JPN,1968,2100
JPN,1967,100
JPN,1966,100
JPN,1965,300
JPN,1964,300
JPN,1963,300
JPN,1962,800
JPN,1961,7500
JOR,2020,1491
JOR,2019,1452
JOR,2018,2972
JOR,2017,129
JOR,2016,180
JOR,2015,1041
JOR,2014,1163
JOR,2013,1715
JOR,2012,357
JOR,2011,357
JOR,2010,320
JOR,2009,2465
JOR,2008,1698
JOR,2007,0
JOR,2006,0
JOR,2005,0
JOR,2004,0
JOR,2003,0
JOR,2002,0
JOR,2001,0
JOR,2000,0
JOR,1999,0
JOR,1998,0
JOR,1997,0
JOR,1996,0
JOR,1995,0
JOR,1994,0
JOR,1993,25
JOR,1992,24
KAZ,2020,0
KAZ,2019,0
KAZ,2018,0
KAZ,2017,0
KAZ,2016,0
KAZ,2015,0
KAZ,2014,0
KAZ,2013,0
KAZ,2012,0
KAZ,2011,0
KAZ,2010,0
KAZ,2009,0
KAZ,2008,0
KAZ,2007,0
KAZ,2006,0
KAZ,2005,200
KAZ,2004,200
KAZ,2003,200
KAZ,2002,0
KAZ,2001,0
KAZ,2000,0
KAZ,1999,0
KAZ,1998,0
KEN,2020,11
KEN,2019,24
KEN,2018,24
KEN,2017,24
KEN,2016,32
KEN,2015,114
KEN,2014,104
KEN,2013,119
KEN,2012,119
KEN,2011,31
KEN,2010,31
KEN,2009,57
KEN,2008,57
KEN,2007,24
KEN,2006,11
KEN,2005,15
KEN,2004,15
KEN,2003,0
KEN,2002,0
KEN,2001,0
KEN,2000,0
KEN,1999,0
KEN,1998,0
KEN,1997,0
KEN,1996,0
KEN,1995,24
KEN,1994,0
KEN,1993,18
KEN,1992,18
KWT,2020,1016
KWT,2019,1016
KWT,2018,1016
KWT,2017,1016
KWT,2016,1016
KWT,2015,1016
KWT,2014,1016
KWT,2013,1367
KWT,2012,956
KWT,2011,956
KGZ,2020,0
KGZ,2019,0
KGZ,2018,0
KGZ,2017,0
KGZ,2016,0
KGZ,2015,0
KGZ,2014,0
KGZ,2013,0
KGZ,2012,0
KGZ,2011,0
KGZ,2010,0
KGZ,2009,0
KGZ,2008,0
KGZ,2007,0
KGZ,2006,0
KGZ,2005,0
KGZ,2004,0
KGZ,2003,0
KGZ,2002,0
KGZ,2001,0
KGZ,2000,0
KGZ,1999,0
LVA,2020,0
LVA,2019,842
LVA,2018,2931
LVA,2017,2931
LVA,2016,6147
LVA,2015,1
LVA,2014,108
LVA,2013,98
LVA,2012,98
LVA,2011,65
LVA,2010,34
LVA,2009,2
LVA,2008,71
LVA,2007,21
LVA,2006,5
LVA,2005,11
LVA,2004,4
LVA,2003,1
LVA,2002,0
LVA,2001,0
LVA,2000,0
LVA,1999,0
LVA,1998,0
LVA,1997,0
LVA,1996,0
LVA,1995,0
LVA,1994,0
LVA,1993,0
LVA,1992,0
LBN,2020,70
LBN,2019,178
LBN,2018,244
LBN,2017,103
LBN,2016,97
LBN,2015,50
LBN,2014,50
LBN,2013,120
LBN,2012,343
LBN,2011,76
LBN,2010,101
LBN,2009,49
LBN,2008,49
LBN,2007,49
LBN,2006,49
LBN,2005,49
LBN,2004,49
LBN,2003,0
LBN,2002,0
LBN,2001,0
LBN,2000,0
LBN,1999,0
LBN,1998,0
LBN,1997,0
LBN,1996,0
LBN,1995,0
LBN,1994,0
LBN,1992,0
LBR,2020,49
LBR,2019,49
LBY,2020,3
LBY,2019,3
LBY,2018,3
LBY,2017,3
LBY,2016,3
LIE,2020,0
LIE,2019,0
LIE,2018,0
LIE,2017,0
LIE,2016,0
LIE,2015,0
LIE,2014,0
LIE,2013,0
LIE,2012,0
LIE,2011,0
LIE,2010,0
LIE,2009,0
LIE,2008,0
LIE,2007,0
LIE,2006,0
LTU,2020,11358
LTU,2019,11263
LTU,2018,5450
LTU,2017,9569
LTU,2016,13398
LTU,2015,11778
LTU,2014,23741
LTU,2013,31903
LTU,2012,40685
LTU,2011,33936
LTU,2010,14650
LTU,2009,1
LTU,2008,76
LTU,2007,314
LTU,2006,253
LTU,2005,240
LTU,2004,1
LTU,2003,0
LTU,2002,2270
LTU,2001,4420
LTU,2000,6323
LTU,1999,3916
LTU,1998,12600
LTU,1997,10100
LTU,1996,12700
LTU,1995,3900
LTU,1994,800
LTU,1993,2200
LTU,1992,2300
LUX,2020,9
LUX,2019,28
LUX,2018,5
LUX,2017,4
LUX,2016,0
LUX,2015,0
LUX,2014,0
LUX,2013,0
LUX,2012,0
LUX,2011,1
LUX,2010,2
LUX,2009,0
LUX,2008,1
LUX,2007,0
LUX,2006,27
LUX,2005,0
LUX,2004,3
LUX,2003,0
LUX,2002,5
LUX,2001,0
LUX,2000,0
MDG,2020,0
MDG,2019,0
MDG,2018,0
MDG,2017,0
MDG,2016,0
MDG,2015,0
MDG,2014,0
MDG,2013,0
MDG,2012,0
MDG,2011,0
MDG,2010,0
MDG,2009,0
MDG,2008,0
MDG,2007,0
MDG,2006,0
MDG,2005,0
MDG,2004,0
MDG,2003,0
MDG,2002,0
MDG,2001,0
MDG,2000,0
MDG,1999,0
MDG,1998,0
MDG,1997,0
MDG,1996,0
MDG,1995,0
MDG,1994,0
MDG,1992,0
MWI,2020,29
MWI,2019,29
MWI,2018,29
MWI,2017,29
MWI,2016,0
MWI,2015,0
MWI,2014,0
MWI,2013,29
MWI,2012,29
MWI,2011,29
MWI,2010,29
MWI,2009,29
MYS,2020,17069
MYS,2019,8320
MYS,2018,2801
MYS,2017,1191
MYS,2016,659
MYS,2015,62456
MYS,2014,69087
MYS,2013,68343
MYS,2012,57120
MYS,2011,18923
MYS,2010,9572
MYS,2009,5620
MYS,2008,9481
MYS,2007,12730
MYS,2006,12730
MYS,2005,15981
MYS,2004,15556
MYS,2003,8616
MYS,2002,0
MYS,2001,0
MYS,2000,0
MYS,1999,0
MYS,1998,0
MYS,1997,0
MYS,1996,0
MYS,1995,0
MLI,2020,0
MLI,2019,0
MLI,2018,0
MLI,2017,0
MLI,2016,9
MLI,2015,9
MLI,2014,9
MLT,2020,0
MLT,2019,0
MLT,2018,0
MLT,2017,0
MLT,2016,0
MLT,2015,0
MLT,2014,0
MLT,2013,0
MLT,2012,0
MLT,2011,0
MLT,2010,0
MLT,2009,0
MLT,2008,0
MLT,2007,0
MLT,2006,0
MLT,2005,0
MLT,2004,20
MLT,2003,1
MLT,2002,0
MLT,2001,0
MLT,2000,0
MLT,1999,0
MLT,1998,0
MUS,2020,36
MUS,2019,36
MUS,2018,36
MUS,2017,36
MUS,2016,36
MUS,2015,36
MUS,2014,3
MUS,2013,3
MUS,2012,3
MUS,2011,3
MUS,2010,3
MEX,2020,57
MEX,2019,3538
MEX,2018,3245
MEX,2017,13605
MEX,2016,7009
MEX,2015,168
MEX,2014,241
MEX,2013,66
MEX,2012,131
MEX,2011,252
MEX,2010,371
MEX,2009,194
MEX,2008,68
MEX,2007,25
MEX,2006,20000
MEX,2005,20000
MEX,2004,36400
MEX,2003,36400
MEX,2002,36400
MEX,2001,36400
MEX,2000,15500
MEX,1999,2100
MEX,1998,2200
MEX,1997,9100
MEX,1996,22000
MEX,1995,4900
MEX,1994,0
MEX,1993,257
MEX,1992,257
MEX,1987,0
MEX,1962,1300
MEX,1961,300
MNG,2020,159
MNG,2019,159
MNG,2018,159
MNG,2017,159
MNG,2016,159
MNG,2015,159
MNG,2014,98
MNG,2013,98
MNG,2012,98
MNG,2011,98
MNG,2010,98
MNG,2009,98
MNG,2008,98
MNG,2007,0
MNG,2006,0
MNG,2005,0
MNG,2004,0
MNG,2003,0
MNG,2002,0
MNG,2001,0
MNG,2000,0
MNG,1999,0
MNG,1998,0
MNG,1997,0
MNG,1996,0
MNG,1995,0
MNE,2020,0
MNE,2019,0
MNE,2018,0
MNE,2017,0
MNE,2016,0
MNE,2015,0
MNE,2014,0
MNE,2013,0
MNE,2012,0
MNE,2011,0
MNE,2010,0
MNE,2009,0
MNE,2008,0
MNE,2007,0
MNE,2006,0
MAR,2020,605
MAR,2019,178
MAR,2018,127
MAR,2017,64
MAR,2016,66
MAR,2015,780
MAR,2014,2279
MAR,2013,21185
MAR,2012,111406
MAR,2011,98229
MAR,2010,125691
MAR,2009,109108
MAR,2008,87848
MAR,2007,121375
MAR,2006,123301
MAR,2005,103970
MAR,2004,103970
MAR,2003,215796
MAR,2002,115000
MAR,2001,63000
MAR,2000,114000
MAR,1999,124000
MAR,1998,73000
MAR,1997,102000
MAR,1996,68300
MAR,1995,74100
MAR,1994,112300
MAR,1993,126200
MAR,1992,80923
MAR,1991,68500
MAR,1990,82200
MAR,1989,85200
MAR,1988,98600
MAR,1987,80800
MAR,1986,60600
MAR,1985,60600
MAR,1984,66600
MAR,1983,63000
MAR,1982,55700
MAR,1981,59200
MAR,1980,69000
MAR,1979,63400
MAR,1978,49400
MAR,1977,33400
MAR,1976,41900
MAR,1975,30900
MAR,1974,47100
MAR,1973,31200
MAR,1972,31200
MAR,1971,43600
MAR,1970,41000
MAR,1969,39500
MAR,1968,34900
MOZ,2020,200
MOZ,2019,200
MOZ,2018,200
MOZ,2017,200
MOZ,2016,200
MOZ,2015,199
MOZ,2014,199
MOZ,2013,199
MMR,2020,8
MMR,2019,8
MMR,2018,8
MMR,2017,8
MMR,2016,8
MMR,2015,8
MMR,2014,8
MMR,2013,1066
MMR,2012,1066
MMR,2011,1066
MMR,2010,8
NAM,2020,29
NAM,2019,29
NAM,2018,0
NAM,2017,0
NAM,2016,0
NAM,2015,0
NAM,2014,6
NAM,2013,55
NAM,2012,12
NAM,2011,11
NPL,2020,155
NPL,2019,155
NPL,2018,155
NPL,2017,155
NPL,2016,155
NPL,2015,155
NPL,2014,155
NPL,2013,199
NPL,2012,199
NPL,2011,199
NPL,2010,199
NPL,2009,92
NPL,2008,173
NPL,2007,173
NPL,2006,130
NPL,2005,130
NPL,2004,130
NPL,2003,96
NPL,2002,96
NPL,2001,96
NPL,2000,96
NPL,1999,96
NPL,1998,96
NPL,1997,96
NLD,2020,682200
NLD,2019,803700
NLD,2018,1008100
NLD,2017,1045400
NLD,2016,872900
NLD,2015,479631
NLD,2014,630921
NLD,2013,763771
NLD,2012,2301480
NLD,2011,943700
NLD,2010,1899064
NLD,2009,1528938
NLD,2008,623800
NLD,2007,430268
NLD,2006,508600
NLD,2005,498900
NLD,2004,369500
NLD,2003,346800
NLD,2002,159600
NLD,2001,282100
NLD,2000,363000
NLD,1999,352000
NLD,1998,321000
NLD,1997,274400
NLD,1996,256100
NLD,1995,226300
NLD,1994,160100
NLD,1993,75328
NLD,1992,19897
NLD,1991,4700
NLD,1990,7800
NLD,1989,3800
NLD,1988,2700
NLD,1987,2300
NLD,1986,2800
NLD,1985,3700
NLD,1984,1000
NLD,1983,1000
NLD,1982,2700
NLD,1981,3100
NLD,1980,5600
NLD,1979,7800
NLD,1978,2500
NLD,1977,4900
NLD,1976,10400
NLD,1975,10700
NLD,1974,5800
NLD,1973,2600
NLD,1972,3100
NLD,1971,2600
NLD,1970,9500
NLD,1969,5900
NLD,1968,700
NLD,1967,0
NLD,1966,300
NCL,2020,14
NCL,2019,14
NCL,2018,0
NCL,2017,0
NCL,2016,0
NCL,2015,0
NCL,2014,0
NCL,2013,0
NCL,2012,0
NCL,2011,1
NCL,2010,1
NCL,2009,1
NCL,2008,1
NCL,2007,1
NCL,2006,1
NCL,2005,1
NCL,2004,1
NCL,2003,0
NCL,2002,0
NCL,2001,0
NCL,2000,0
NCL,1999,0
NCL,1998,99
NCL,1997,99
NZL,2020,905698
NZL,2019,966967
NZL,2018,888825
NZL,2017,946391
NZL,2016,928004
NZL,2015,934670
NZL,2014,894442
NZL,2013,882725
NZL,2012,852791
NZL,2011,814884
NZL,2010,780806
NZL,2009,882789
NZL,2008,791000
NZL,2007,867000
NZL,2006,838000
NZL,2005,837000
NZL,2004,861000
NZL,2003,675000
NZL,2002,768000
NZL,2001,795000
NZL,2000,742000
NZL,1999,627000
NZL,1998,708000
NZL,1997,586000
NZL,1996,679800
NZL,1995,640900
NZL,1994,665600
NZL,1993,699175
NZL,1992,642216
NZL,1991,648200
NZL,1990,625600
NZL,1989,567900
NZL,1988,483400
NZL,1987,483400
NZL,1986,503800
NZL,1985,428200
NZL,1984,458900
NZL,1983,470500
NZL,1982,416900
NZL,1981,514200
NZL,1980,475000
NZL,1979,463800
NZL,1978,430400
NZL,1977,447300
NZL,1976,370100
NZL,1975,327200
NZL,1974,232000
NZL,1973,141500
NZL,1972,109000
NZL,1971,97400
NZL,1970,95200
NZL,1969,79500
NZL,1968,94000
NZL,1967,100
NIC,2020,19
NIC,2019,19
NIC,2018,19
NIC,2017,19
NIC,2016,19
NIC,2015,19
NIC,2014,19
NIC,2013,30
NIC,2012,19
NIC,2011,1
NIC,2010,1
NIC,2009,1
NIC,2008,1
NIC,2007,0
NIC,2006,0
NIC,2005,0
NIC,2004,0
NIC,2003,0
NIC,2002,0
NIC,2001,23
NIC,2000,23
NIC,1999,23
NIC,1998,23
NER,2020,0
NER,2019,0
NER,2018,0
NER,2017,0
NER,2016,0
NER,2015,0
NER,2014,0
NER,2013,0
NER,2012,0
NER,2011,0
NER,2010,0
NER,2009,0
NER,2008,0
NER,2007,0
NER,2006,0
NER,2005,0
NER,2004,0
NER,2003,0
NER,2002,0
NER,2001,0
NER,2000,0
NER,1999,0
NER,1998,0
NGA,2020,144
NGA,2019,144
NGA,2018,144
NGA,2017,144
NGA,2016,144
NGA,2015,845
NGA,2014,845
NGA,2013,865
NGA,2012,318
NGA,2011,20
NGA,2010,1066
NGA,2009,1066
NGA,2008,1066
NIU,2020,0
NIU,2019,0
NIU,2018,0
NIU,2017,0
NIU,2016,0
NIU,2015,0
NIU,2014,0
NIU,2013,0
NIU,2012,0
NIU,2011,0
NIU,2010,0
NIU,2009,0
NIU,2008,0
NIU,2007,0
NIU,2006,0
NIU,2005,0
NIU,2004,0
NIU,2003,0
NIU,2002,0
NIU,2001,0
NIU,2000,0
NIU,1999,0
NIU,1998,0
NIU,1997,0
NIU,1996,0
NIU,1995,0
NIU,1994,0
NIU,1992,0
NFK,2020,46
NFK,2019,46
MKD,2020,57
MKD,2019,52
MKD,2018,42
MKD,2017,74
MKD,2016,39
MKD,2015,71
MKD,2014,30
MKD,2013,4
MKD,2012,3
MKD,2011,42
MKD,2010,35
MKD,2009,1
MKD,2008,1
MKD,2007,1
MKD,2006,0
MKD,2005,0
MKD,2004,1
MKD,2003,0
MKD,2002,0
MKD,2001,0
MKD,2000,0
MKD,1999,0
MKD,1998,0
NOR,2020,353164
NOR,2019,351570
NOR,2018,387107
NOR,2017,375617
NOR,2016,337234
NOR,2015,334524
NOR,2014,360782
NOR,2013,464248
NOR,2012,520159
NOR,2011,589246
NOR,2010,578216
NOR,2009,535835
NOR,2008,644967
NOR,2007,630513
NOR,2006,641219
NOR,2005,669860
NOR,2004,659028
NOR,2003,640594
NOR,2002,614000
NOR,2001,632000
NOR,2000,551000
NOR,1999,562000
NOR,1998,552000
NOR,1997,532000
NOR,1996,542500
NOR,1995,599500
NOR,1994,585400
NOR,1993,511636
NOR,1992,546209
NOR,1991,570100
NOR,1990,588700
NOR,1989,636000
NOR,1988,602600
NOR,1987,612900
NOR,1986,576600
NOR,1985,611700
NOR,1984,573900
NOR,1983,536100
NOR,1982,495500
NOR,1981,544700
NOR,1980,529300
NOR,1979,573100
NOR,1978,609900
NOR,1977,566700
NOR,1976,650200
NOR,1975,597400
NOR,1974,959400
NOR,1973,982500
NOR,1972,817400
NOR,1971,769800
NOR,1970,980500
NOR,1969,945600
NOR,1968,916400
NOR,1967,635700
NOR,1966,655200
NOR,1965,652200
NOR,1964,658500
NOR,1963,585800
NOR,1962,566100
NOR,1961,581500
OMN,2020,710
OMN,2019,710
OMN,2018,710
OMN,2017,66
OMN,2016,24
OMN,2015,24
OMN,2014,24
OMN,2013,191
OMN,2012,167
OMN,2011,167
OMN,2010,167
OMN,2009,4
OMN,2008,4
OMN,2007,4
OMN,2006,4
OMN,2005,4
OMN,2004,4
OMN,2003,0
OMN,2002,0
OMN,2001,0
OMN,2000,0
OMN,1999,0
OMN,1998,0
OMN,1997,0
OMN,1996,0
OMN,1995,0
PAK,2020,129
PAK,2019,129
PAK,2018,140
PAK,2017,117
PAK,2016,308
PAK,2015,340
PAK,2014,468
PAK,2013,1372
PAK,2012,1329
PAK,2011,1211
PAK,2010,975
PAN,2020,0
PAN,2019,0
PAN,2018,0
PAN,2017,26
PAN,2016,657
PAN,2015,478
PAN,2014,0
PAN,2013,0
PAN,2012,0
PAN,2011,0
PAN,2010,0
PAN,2009,0
PAN,2008,0
PAN,2007,0
PAN,2006,0
PAN,2005,0
PAN,2004,0
PAN,2003,0
PAN,2002,0
PAN,2001,0
PAN,2000,0
PAN,1999,0
PAN,1998,0
PAN,1997,0
PAN,1996,0
PAN,1995,0
PAN,1994,0
PAN,1993,0
PAN,1992,0
PNG,2020,305
PNG,2019,305
PNG,2018,305
PNG,2017,305
PNG,2016,305
PNG,2015,305
PNG,2014,305
PNG,2013,305
PNG,2012,305
PNG,2011,0
PNG,2010,0
PNG,2009,0
PNG,2008,0
PNG,2007,0
PNG,2006,0
PNG,2005,0
PNG,2004,0
PNG,2003,0
PNG,2002,0
PNG,2001,0
PNG,2000,0
PNG,1999,0
PNG,1998,0
PNG,1997,0
PNG,1996,0
PNG,1995,0
PNG,1994,0
PRY,2020,178
PRY,2019,156
PRY,2018,156
PRY,2017,156
PRY,2016,156
PRY,2015,156
PRY,2014,156
PRY,2013,0
PRY,2012,0
PRY,2011,0
PRY,2010,0
PRY,2009,0
PRY,2008,0
PRY,2007,0
PRY,2006,0
PRY,2005,0
PRY,2004,0
PRY,2003,0
PRY,2002,0
PRY,2001,0
PRY,2000,0
PRY,1999,0
PRY,1998,0
PRY,1997,0
PRY,1996,0
PRY,1995,0
PRY,1994,0
PER,2020,1194
PER,2019,1038
PER,2018,32
PER,2017,32
PER,2016,4
PER,2015,114
PER,2014,114
PER,2013,20
PER,2012,17
PER,2011,177
PER,2010,177
PER,2009,19
PER,2008,15
PER,2007,0
PER,2006,0
PER,2005,0
PER,2004,0
PER,2003,0
PER,2002,0
PER,2001,0
PER,2000,0
PER,1999,0
PER,1998,0
PER,1997,0
PER,1996,0
PER,1995,0
PER,1994,0
PER,1993,24
PER,1987,0
PER,1972,600
PER,1971,3300
PER,1970,200
PER,1969,200
PHL,2020,0
PHL,2019,0
PHL,2018,0
PHL,2017,65
PHL,2016,0
PHL,2015,449
PHL,2014,449
PHL,2013,48
PHL,2012,1
PHL,2011,1
PHL,2010,10
PHL,2009,166
PHL,2008,200
PHL,2007,200
PHL,2006,200
PHL,2005,200
PHL,2004,200
PHL,2003,200
PHL,2002,200
PHL,2001,300
PHL,2000,100
PHL,1999,80
PHL,1998,100
PHL,1997,300
PHL,1996,100
PHL,1995,0
PHL,1994,0
PHL,1993,300
PHL,1992,205
PHL,1987,0
PHL,1983,1600
PHL,1982,1600
PHL,1981,2100
PHL,1980,500
PHL,1974,2700
PHL,1973,9600
POL,2020,143389
POL,2019,114321
POL,2018,149384
POL,2017,189405
POL,2016,166424
POL,2015,166190
POL,2014,160785
POL,2013,87472
POL,2012,18902
POL,2011,37585
POL,2010,30239
POL,2009,22005
POL,2008,21518
POL,2007,17882
POL,2006,30500
POL,2005,42020
POL,2004,40601
POL,2003,34200
POL,2002,28500
POL,2001,36100
POL,2000,32600
POL,1999,39800
POL,1998,73300
POL,1997,91900
POL,1996,94800
POL,1995,69400
POL,1994,76200
POL,1993,73630
POL,1992,59388
POL,1991,25200
POL,1990,25200
POL,1989,15000
POL,1988,14000
POL,1987,17000
POL,1986,19000
POL,1985,34900
POL,1984,32600
POL,1983,35100
POL,1982,4600
POL,1981,2000
POL,1980,2000
POL,1979,2000
POL,1978,2000
POL,1977,2000
POL,1976,2000
POL,1975,1000
POL,1974,6000
POL,1973,11000
POL,1972,12000
POL,1971,9000
POL,1970,16000
POL,1969,54000
POL,1968,27000
PYF,2020,562
PYF,2019,562
PYF,2018,0
PYF,2017,0
PYF,2016,0
PYF,2015,0
PYF,2014,0
PYF,2013,0
PYF,2012,0
PYF,2011,0
PYF,2010,0
PYF,2009,0
PYF,2008,0
PYF,2007,0
PYF,2006,0
PYF,2005,0
PYF,2004,0
PYF,2003,0
PYF,2002,0
PYF,2001,0
PYF,2000,0
PYF,1999,0
PYF,1998,0
PYF,1997,0
PYF,1996,0
PYF,1995,0
PYF,1994,0
PYF,1992,0
PRT,2020,1329493
PRT,2019,1255259
PRT,2018,1169799
PRT,2017,1179166
PRT,2016,1238617
PRT,2015,1189833
PRT,2014,1144197
PRT,2013,1165935
PRT,2012,1080691
PRT,2011,1013367
PRT,2010,830923
PRT,2009,1149275
PRT,2008,945256
PRT,2007,1040000
PRT,2006,1038044
PRT,2005,762000
PRT,2004,933000
PRT,2003,961000
PRT,2002,962000
PRT,2001,980000
PRT,2000,969099
PRT,1999,1145000
PRT,1998,1070159
PRT,1997,1087000
PRT,1996,1009700
PRT,1995,970500
PRT,1994,1060000
PRT,1993,905533
PRT,1992,1040950
PRT,1991,1092000
PRT,1990,1057300
PRT,1989,1003100
PRT,1988,1017000
PRT,1987,1013000
PRT,1986,890000
PRT,1985,878600
PRT,1984,661900
PRT,1983,603000
PRT,1982,515000
PRT,1981,454800
PRT,1980,445400
PRT,1979,346100
PRT,1978,290600
PRT,1977,317600
PRT,1976,359500
PRT,1975,264800
PRT,1974,363300
PRT,1973,464100
PRT,1972,459200
PRT,1971,291900
PRT,1970,340300
PRT,1969,279900
PRT,1968,207500
PRT,1964,100
QAT,2020,45
QAT,2019,45
QAT,2018,45
QAT,2017,45
QAT,2016,45
QAT,2015,45
QAT,2014,45
QAT,2013,177
QAT,2012,177
QAT,2011,148
QAT,2010,1
QAT,2009,1
QAT,2008,1
QAT,2007,1
QAT,2006,1
QAT,2005,0
QAT,2004,0
QAT,2003,0
QAT,2002,0
QAT,2001,0
QAT,2000,0
QAT,1999,0
QAT,1998,0
QAT,1997,0
QAT,1996,0
QAT,1995,0
QAT,1994,0
QAT,1992,0
ROU,2020,16311
ROU,2019,14492
ROU,2018,986
ROU,2017,1508
ROU,2016,6
ROU,2015,109
ROU,2014,1640
ROU,2013,124
ROU,2012,779
ROU,2011,3926
ROU,2010,1280
ROU,2009,8700
ROU,2008,4312
ROU,2007,9000
ROU,2006,2000
ROU,2005,15000
ROU,2004,32000
ROU,2003,48800
ROU,2002,30100
ROU,2001,25400
ROU,2000,31200
ROU,1999,9900
ROU,1998,2300
ROU,1997,2700
ROU,1996,4100
ROU,1995,4000
ROU,1994,1084
ROU,1993,3000
ROU,1992,3000
ROU,1991,3000
ROU,1990,3000
ROU,1989,3000
ROU,1988,3000
ROU,1987,3000
ROU,1986,3000
ROU,1985,3000
ROU,1984,3000
ROU,1983,3000
ROU,1982,3000
ROU,1981,17000
ROU,1980,26000
ROU,1979,31400
ROU,1978,33800
ROU,1977,36400
ROU,1976,55900
ROU,1975,60600
ROU,1974,60500
ROU,1973,44700
ROU,1972,41900
ROU,1971,32300
ROU,1970,32400
ROU,1969,39700
ROU,1968,39300
RUS,2020,2444127
RUS,2019,2190127
RUS,2018,2255359
RUS,2017,2258553
RUS,2016,2300250
RUS,2015,2227380
RUS,2014,2061350
RUS,2013,1976498
RUS,2012,2258332
RUS,2011,2035173
RUS,2010,1869532
RUS,2009,1715064
RUS,2008,2035000
RUS,2007,1899000
RUS,2006,1918000
RUS,2005,1946000
RUS,2004,1866000
RUS,2003,1916000
RUS,2002,1885000
RUS,2001,1785000
RUS,2000,1648500
RUS,1999,1389900
RUS,1998,1056000
RUS,1997,985000
RUS,1996,1079000
RUS,1995,1331100
RUS,1994,933200
RUS,1993,1023290
RUS,1992,805740
RWA,2020,0
RWA,2019,0
RWA,2018,0
RWA,2017,0
RWA,2016,0
RWA,2015,0
RWA,2014,0
RWA,2013,0
RWA,2012,0
RWA,2011,0
RWA,2010,0
RWA,2009,0
RWA,2008,0
RWA,2007,0
RWA,2006,0
RWA,2005,0
RWA,2004,0
RWA,2003,0
RWA,2002,0
RWA,2001,0
RWA,2000,0
RWA,1999,0
RWA,1998,0
RWA,1997,0
RWA,1996,0
RWA,1995,0
RWA,1994,0
RWA,1993,0
SPM,2020,0
SPM,2019,0
SPM,2018,0
SPM,2017,0
SPM,2016,0
SPM,2015,0
SPM,2014,0
SPM,2013,0
SPM,2012,0
SPM,2011,0
SPM,2010,0
SPM,2009,0
SPM,2008,0
SPM,2007,0
SPM,2006,0
SPM,2005,0
SPM,2004,0
SPM,2003,0
SPM,2002,0
SPM,2001,0
SPM,2000,0
SPM,1999,0
SPM,1998,0
SPM,1997,0
SPM,1996,0
SPM,1995,0
SPM,1994,0
WSM,2020,0
WSM,2019,0
WSM,2018,0
WSM,2017,0
WSM,2016,0
WSM,2015,0
WSM,2014,0
WSM,2013,0
WSM,2012,0
WSM,2011,0
WSM,2010,0
WSM,2009,0
WSM,2008,0
WSM,2007,0
WSM,2006,0
WSM,2005,0
WSM,2004,0
WSM,2003,0
WSM,2002,0
WSM,2001,0
WSM,2000,0
WSM,1999,0
WSM,1998,0
WSM,1997,0
WSM,1996,0
SAU,2020,221
SAU,2019,146
SAU,2018,157
SAU,2017,76
SAU,2016,1949
SAU,2015,587
SAU,2014,1425
SAU,2013,581
SAU,2012,1090
SAU,2011,2933
SAU,2010,244
SAU,2009,0
SAU,2008,0
SAU,2007,0
SAU,2006,0
SAU,2005,0
SAU,2004,0
SAU,2003,0
SAU,2002,0
SAU,2001,0
SAU,2000,0
SAU,1999,0
SAU,1998,100
SAU,1997,1138
SAU,1996,1138
SAU,1995,1138
SAU,1994,1521
SAU,1993,638
SAU,1992,0
SEN,2020,2
SEN,2019,2
SEN,2018,2
SEN,2017,2
SEN,2016,28
SEN,2015,2
SRB,2020,110
SRB,2019,100
SRB,2018,100
SRB,2017,105
SRB,2016,0
SRB,2015,100
SRB,2014,1000
SRB,2013,0
SRB,2012,0
SRB,2011,1
SRB,2010,7
SRB,2009,1
SRB,2008,1000
SRB,2007,1000
SRB,2006,1000
SYC,2020,0
SYC,2019,0
SLE,2020,508
SLE,2019,508
SLE,2018,508
SLE,2017,508
SLE,2016,508
SLE,2015,508
SLE,2014,508
SLE,2013,685
SLE,2012,685
SLE,2011,685
SLE,2010,685
SLE,2009,685
SLE,2008,685
SLE,2007,685
SLE,2006,685
SLE,2005,685
SLE,2004,685
SLE,2003,1412
SLE,2002,1132
SLE,2001,1339
SLE,2000,1339
SLE,1999,1200
SLE,1998,400
SLE,1997,400
SLE,1996,400
SLE,1995,0
SLE,1994,0
SGP,2020,655175
SGP,2019,840518
SGP,2018,905218
SGP,2017,469386
SGP,2016,767476
SGP,2015,461116
SGP,2014,523135
SGP,2013,396328
SGP,2012,100404
SGP,2011,49401
SGP,2010,35918
SGP,2009,27016
SGP,2008,997
SGP,2007,9733
SGP,2006,10141
SGP,2005,106
SGP,2004,141
SGP,2003,4106
SGP,2002,86300
SGP,2001,86300
SGP,2000,143500
SGP,1999,143500
SGP,1998,351000
SGP,1997,16300
SGP,1996,16300
SGP,1995,19400
SGP,1994,25211
SGP,1993,10156
SGP,1992,14960
SGP,1991,22800
SGP,1990,12400
SGP,1989,10100
SGP,1988,25000
SGP,1987,13700
SGP,1986,14400
SGP,1985,5600
SGP,1984,9200
SGP,1983,2100
SGP,1982,100
SGP,1981,300
SGP,1980,500
SGP,1979,300
SGP,1978,100
SGP,1977,200
SGP,1976,600
SGP,1975,200
SGP,1974,1500
SGP,1973,500
SGP,1972,1300
SGP,1971,1200
SGP,1970,100
SGP,1969,200
SGP,1968,100
SVK,2020,311606
SVK,2019,230227
SVK,2018,219919
SVK,2017,247962
SVK,2016,220259
SVK,2015,265145
SVK,2014,231500
SVK,2013,182636
SVK,2012,196614
SVK,2011,174048
SVK,2010,161636
SVK,2009,137081
SVK,2008,130096
SVK,2007,122000
SVK,2006,91000
SVK,2005,105000
SVK,2004,109000
SVK,2003,119000
SVK,2002,101000
SVK,2001,94000
SVK,2000,75000
SVK,1999,127417
SVK,1998,86800
SVK,1997,800
SVK,1996,67000
SVK,1995,76000
SVK,1994,66000
SVK,1993,5100
SVN,2020,14751
SVN,2019,8467
SVN,2018,4866
SVN,2017,6093
SVN,2016,8859
SVN,2015,8319
SVN,2014,30244
SVN,2013,3895
SVN,2012,1982
SVN,2011,4
SVN,2010,26
SVN,2009,52
SVN,2008,58
SVN,2007,66
SVN,2006,24682
SVN,2005,44804
SVN,2004,31015
SVN,2003,37955
SVN,2002,26570
SVN,2001,39200
SVN,2000,35380
SVN,1999,54000
SVN,1998,47000
SVN,1997,59000
SVN,1996,36000
SVN,1995,48600
SVN,1994,32200
SVN,1993,19808
SVN,1992,43200
SOM,2020,20
SOM,2019,20
SOM,2018,20
SOM,2017,20
SOM,2016,20
SOM,2015,20
SOM,2014,20
SOM,2013,93
SOM,2012,93
SOM,2011,93
SOM,2010,93
SOM,2009,93
SOM,2008,93
SOM,2007,93
SOM,2006,93
SOM,2005,93
SOM,2004,93
SOM,2003,93
SOM,2002,43
SOM,2001,23
SOM,2000,23
SOM,1999,23
SOM,1998,23
SOM,1997,23
ZAF,2020,1060310
ZAF,2019,1142173
ZAF,2018,1127109
ZAF,2017,1138388
ZAF,2016,1034413
ZAF,2015,1067433
ZAF,2014,1095687
ZAF,2013,858088
ZAF,2012,875794
ZAF,2011,993090
ZAF,2010,941276
ZAF,2009,939608
ZAF,2008,715628
ZAF,2007,732508
ZAF,2006,759748
ZAF,2005,754503
ZAF,2004,906998
ZAF,2003,825206
ZAF,2002,638900
ZAF,2001,592300
ZAF,2000,774700
ZAF,1999,774700
ZAF,1998,587700
ZAF,1997,553400
ZAF,1996,796500
ZAF,1995,553200
ZAF,1994,471743
ZAF,1993,385412
ZAF,1992,417763
ZAF,1991,338805
ZAF,1990,338805
ZAF,1989,325474
ZAF,1988,426208
ZAF,1987,304391
ZAF,1986,335336
ZAF,1985,305400
ZAF,1984,307300
ZAF,1983,368000
ZAF,1982,350700
ZAF,1981,294000
ZAF,1980,411500
ZAF,1979,447500
ZAF,1978,557800
ZAF,1977,529300
ZAF,1976,469800
ZAF,1975,553400
ZAF,1974,494600
ZAF,1973,385900
ZAF,1972,356500
ZAF,1971,330300
ZAF,1970,278000
ZAF,1969,288400
ZAF,1968,261500
ZAF,1967,162300
ZAF,1966,154700
ZAF,1965,135900
ZAF,1964,110500
ZAF,1963,125000
ZAF,1962,106300
ZAF,1961,84100
ESP,2020,929314
ESP,2019,932991
ESP,2018,934530
ESP,2017,967441
ESP,2016,907408
ESP,2015,665814
ESP,2014,1037800
ESP,2013,1183599
ESP,2012,1172855
ESP,2011,1139881
ESP,2010,896554
ESP,2009,873592
ESP,2008,899714
ESP,2007,1126122
ESP,2006,994654
ESP,2005,939297
ESP,2004,971000
ESP,2003,854000
ESP,2002,724000
ESP,2001,805119
ESP,2000,809494
ESP,1999,646000
ESP,1998,714000
ESP,1997,745600
ESP,1996,659500
ESP,1995,643100
ESP,1994,717000
ESP,1993,592124
ESP,1992,592125
ESP,1991,597000
ESP,1990,513900
ESP,1989,543700
ESP,1988,553400
ESP,1987,521100
ESP,1986,439200
ESP,1985,341200
ESP,1984,311000
ESP,1983,343000
ESP,1982,177000
ESP,1981,189300
ESP,1980,190900
ESP,1979,122300
ESP,1978,122100
ESP,1977,83200
ESP,1976,65900
ESP,1975,54000
ESP,1974,51200
ESP,1973,46800
ESP,1972,16100
ESP,1971,14900
ESP,1970,20700
ESP,1969,19400
ESP,1968,29600
ESP,1967,0
ESP,1966,1200
ESP,1965,2900
ESP,1964,2800
ESP,1963,3400
ESP,1962,2400
ESP,1961,3000
LKA,2020,23
LKA,2019,23
LKA,2018,23
LKA,2017,23
LKA,2016,19
LKA,2015,55
LKA,2014,222
LKA,2013,239
LKA,2012,239
LKA,2011,157
LKA,2010,628
LKA,2009,121
LKA,2008,121
LKA,2007,40
LKA,2006,40
LKA,2005,40
LKA,2004,40
LKA,2003,0
LKA,2002,0
LKA,2001,0
LKA,2000,0
LKA,1999,0
LKA,1998,0
LKA,1997,0
LKA,1996,0
LKA,1995,0
LKA,1994,0
LKA,1993,2
SWE,2020,4331481
SWE,2019,4242065
SWE,2018,3641313
SWE,2017,3322313
SWE,2016,3250986
SWE,2015,3483542
SWE,2014,3454006
SWE,2013,3434792
SWE,2012,3333272
SWE,2011,3151351
SWE,2010,3242725
SWE,2009,3332000
SWE,2008,3583612
SWE,2007,3504000
SWE,2006,3354000
SWE,2005,3535000
SWE,2004,3546315
SWE,2003,3426207
SWE,2002,3378299
SWE,2001,3041040
SWE,2000,3072797
SWE,1999,2969000
SWE,1998,2878400
SWE,1997,2871000
SWE,1996,2678000
SWE,1995,2560000
SWE,1994,2837000
SWE,1993,2865471
SWE,1992,2816833
SWE,1991,2777000
SWE,1990,2767700
SWE,1989,2913400
SWE,1988,3111400
SWE,1987,3065400
SWE,1986,2958700
SWE,1985,3038300
SWE,1984,3271200
SWE,1983,3087400
SWE,1982,2485000
SWE,1981,2886400
SWE,1980,3051700
SWE,1979,3518700
SWE,1978,3872300
SWE,1977,3219500
SWE,1976,3287400
SWE,1975,3238700
SWE,1974,4632200
SWE,1973,4765000
SWE,1972,3702200
SWE,1971,3328400
SWE,1970,3761500
SWE,1969,3685700
SWE,1968,3602000
SWE,1967,748300
SWE,1966,793800
SWE,1965,814100
SWE,1964,841600
SWE,1963,749300
SWE,1962,701900
SWE,1961,786200
CHE,2020,360
CHE,2019,41
CHE,2018,147
CHE,2017,76
CHE,2016,69
CHE,2015,4478
CHE,2014,256
CHE,2013,714
CHE,2012,595
CHE,2011,8216
CHE,2010,10558
CHE,2009,23802
CHE,2008,90298
CHE,2007,107779
CHE,2006,102627
CHE,2005,111687
CHE,2004,111849
CHE,2003,112580
CHE,2002,134227
CHE,2001,134810
CHE,2000,135360
CHE,1999,121220
CHE,1998,123139
CHE,1997,120000
CHE,1996,94400
CHE,1995,78000
CHE,1994,89400
CHE,1993,80496
CHE,1992,111266
CHE,1991,68000
CHE,1990,55000
CHE,1989,53000
CHE,1988,62000
CHE,1987,61000
CHE,1986,58000
CHE,1985,50000
CHE,1984,50000
CHE,1983,42000
CHE,1982,29000
CHE,1981,25000
CHE,1980,27400
CHE,1979,34100
CHE,1978,14200
CHE,1977,18352
CHE,1976,9900
CHE,1975,10200
CHE,1974,16300
CHE,1973,15500
CHE,1972,9300
CHE,1971,9400
CHE,1970,17500
CHE,1969,14600
CHE,1968,10800
CHE,1967,1800
CHE,1966,2800
CHE,1965,2200
CHE,1964,3300
CHE,1963,5100
CHE,1962,5700
CHE,1961,6600
TJK,2020,0
TJK,2019,0
THA,2020,222789
THA,2019,142199
THA,2018,145008
THA,2017,140576
THA,2016,162068
THA,2015,171719
THA,2014,140607
THA,2013,39855
THA,2012,39855
THA,2011,74873
THA,2010,58088
THA,2009,91929
THA,2008,126607
THA,2007,178551
THA,2006,178551
THA,2005,163331
THA,2004,191695
THA,2003,191000
THA,2002,191000
THA,2001,341000
THA,2000,250000
THA,1999,227000
THA,1998,214000
THA,1997,102600
THA,1996,131400
THA,1995,98900
THA,1994,56800
THA,1993,59094
THA,1992,25190
THA,1991,26100
THA,1990,900
THA,1989,27100
THA,1988,11900
TGO,2020,25
TGO,2019,25
TGO,2018,25
TGO,2017,25
TGO,2016,0
TGO,2015,0
TGO,2014,0
TGO,2013,25
TGO,2012,25
TGO,2011,25
TGO,2010,25
TGO,2009,25
TGO,2008,25
TGO,2007,25
TTO,2020,49
TTO,2019,49
TTO,2018,49
TTO,2017,49
TTO,2016,0
TTO,2015,0
TTO,2014,0
TUN,2020,1450
TUN,2019,438
TUN,2018,634
TUN,2017,589
TUN,2016,37
TUN,2015,444
TUN,2014,347
TUN,2013,419
TUN,2012,867
TUN,2011,1091
TUN,2010,1381
TUN,2009,115
TUN,2008,131
TUN,2007,5089
TUN,2006,5089
TUN,2005,5089
TUN,2004,5089
TUN,2003,500
TUN,2002,500
TUN,2001,300
TUN,2000,450
TUN,1999,150
TUN,1998,400
TUN,1997,200
TUN,1996,200
TUN,1995,200
TUN,1994,2003
TUN,1993,1113
TUN,1992,714
TUR,2020,67132
TUR,2019,44842
TUR,2018,12379
TUR,2017,17210
TUR,2016,21150
TUR,2015,18873
TUR,2014,38428
TUR,2013,30901
TUR,2012,1500
TUR,2011,2533
TUR,2010,1091
TUR,2009,1033
TUR,2008,630
TUR,2007,346
TUR,2006,1102
TUR,2005,1102
TUR,2004,1102
TUR,2003,1102
TUR,2002,1102
TUR,2001,0
TUR,2000,0
TUR,1999,0
TUR,1998,0
TUR,1997,0
TUR,1996,0
TUR,1995,0
TUR,1994,100
TUR,1993,902
TUR,1992,80
TUR,1991,0
TUR,1990,0
TUR,1989,0
TUR,1988,0
TUR,1987,0
TUR,1986,0
TUR,1985,0
TUR,1984,0
TUR,1983,0
TUR,1982,0
TUR,1981,0
TUR,1980,0
TUR,1979,0
TUR,1978,0
TUR,1977,0
TUR,1976,0
TUR,1975,900
TUR,1974,3400
TKM,2020,0
TKM,2019,0
TKM,2018,0
TKM,2017,0
TKM,2016,0
TKM,2015,0
TKM,2014,0
TKM,2013,0
TKM,2012,0
UGA,2020,0
UGA,2019,0
UGA,2018,0
UGA,2017,2
UGA,2016,0
UGA,2015,0
UGA,2014,14
UGA,2013,67
UGA,2012,67
UGA,2011,67
UGA,2010,67
UGA,2009,67
UGA,2008,10
UGA,2007,5
UKR,2020,78
UKR,2019,145
UKR,2018,20
UKR,2017,0
UKR,2016,0
UKR,2015,0
UKR,2014,0
UKR,2013,0
UKR,2012,0
UKR,2011,75
UKR,2010,69
UKR,2009,300
UKR,2008,300
UKR,2007,300
UKR,2006,950
UKR,2005,0
UKR,2004,310
UKR,2003,0
UKR,2002,0
UKR,2001,50
UKR,2000,301
UKR,1999,301
UKR,1998,300
UKR,1997,500
UKR,1996,600
UKR,1995,0
UKR,1994,0
UKR,1993,0
UKR,1992,0
ARE,2020,5024
ARE,2019,8468
ARE,2018,20147
ARE,2017,6027
ARE,2016,1964
ARE,2015,509
ARE,2014,235
ARE,2013,651
ARE,2012,1061
ARE,2011,1407
ARE,2010,1068
ARE,2009,647
ARE,2008,990
ARE,2007,3
ARE,2006,0
ARE,2005,0
ARE,2004,0
ARE,2003,0
ARE,2002,0
ARE,2001,0
ARE,2000,0
ARE,1999,0
ARE,1998,0
ARE,1997,300
ARE,1996,300
ARE,1995,300
ARE,1994,300
ARE,1993,700
USA,2020,7806435
USA,2019,7850167
USA,2018,7834958
USA,2017,7975000
USA,2016,7798609
USA,2015,7755236
USA,2014,7875409
USA,2013,8079817
USA,2012,7912200
USA,2011,8842322
USA,2010,7884442
USA,2009,7043373
USA,2008,7076900
USA,2007,6473556
USA,2006,6198347
USA,2005,5817483
USA,2004,5643849
USA,2003,5304566
USA,2002,5673323
USA,2001,5594418
USA,2000,5816000
USA,1999,5499000
USA,1998,5466000
USA,1997,6328000
USA,1996,6532000
USA,1995,7494000
USA,1994,6101000
USA,1993,5917052
USA,1992,6615487
USA,1991,5747700
USA,1990,5359500
USA,1989,5667400
USA,1988,5015400
USA,1987,4415900
USA,1986,4012900
USA,1985,3414800
USA,1984,3215400
USA,1983,3275300
USA,1982,3060000
USA,1981,3321800
USA,1980,3391500
USA,1979,2624400
USA,1978,2310300
USA,1977,2415000
USA,1976,2298000
USA,1975,2391200
USA,1974,2544000
USA,1973,2126300
USA,1972,2044700
USA,1971,1973600
USA,1970,2808200
USA,1969,1907500
USA,1968,1737800
USA,1967,560100
USA,1966,520000
USA,1965,490700
USA,1964,528000
USA,1963,480200
USA,1962,438400
USA,1961,398000
URY,2020,2782667
URY,2019,2599000
URY,2018,2539460
URY,2017,2640670
URY,2016,2567088
URY,2015,2361000
URY,2014,1910000
URY,2013,1238000
URY,2012,1150000
URY,2011,1137000
URY,2010,1109000
URY,2009,1082000
URY,2008,769000
URY,2007,11000
URY,2006,0
URY,2005,0
URY,2004,600
URY,2003,600
URY,2002,600
URY,2001,600
URY,2000,0
URY,1999,0
URY,1998,0
URY,1997,0
URY,1996,1800
URY,1995,1800
URY,1994,700
URY,1993,1000
URY,1992,1109
UZB,2020,0
UZB,2019,0
UZB,2018,0
UZB,2017,0
UZB,2016,0
UZB,2015,1
UZB,2014,1890
UZB,2013,1890
UZB,2012,1889
UZB,2011,1207
UZB,2010,0
UZB,2009,0
UZB,2008,0
UZB,2007,0
UZB,2006,0
UZB,2005,0
UZB,2004,0
UZB,2003,0
UZB,2002,0
UZB,2001,0
UZB,2000,0
UZB,1999,0
UZB,1998,0
UZB,1997,0
UZB,1996,0
UZB,1995,0
UZB,1994,0
VNM,2020,6445
VNM,2019,4426
VNM,2018,4841
VNM,2017,2945
VNM,2016,1334
VNM,2015,8469
VNM,2014,43429
VNM,2013,78866
VNM,2012,38961
VNM,2011,41064
VNM,2010,12934
VNM,2009,12
VNM,2008,0
VNM,2007,0
VNM,2006,0
VNM,2005,62
VNM,2004,62
VNM,2003,0
VNM,2002,0
VNM,2001,0
VNM,2000,0
VNM,1999,0
VNM,1998,0
VNM,1997,0
VNM,1996,8
VNM,1995,8
VNM,1994,8
ZMB,2020,96
ZMB,2019,96
ZMB,2018,24
ZMB,2017,24
ZMB,2016,24
ZMB,2015,24
ZMB,2014,24
ZMB,2013,24
ZMB,2012,24
ZMB,2011,24
ZMB,2010,24
ZMB,2009,24
ZMB,2008,24
ZMB,2007,1
ZMB,2006,1
ZMB,2005,1
ZMB,2004,1
ZWE,2020,25
ZWE,2019,25
ZWE,2018,416
ZWE,2017,416
ZWE,2016,0
ZWE,2015,0
ZWE,2014,0
ZWE,2013,5
ZWE,2012,5
ZWE,2011,5
ZWE,2010,5
ZWE,2009,5
ZWE,2008,5
ZWE,2007,5
ZWE,2006,5
ZWE,2005,5
ZWE,2004,5
ZWE,2003,0
ZWE,2002,0
ZWE,2001,0
ZWE,2000,0
ZWE,1999,0
ZWE,1998,0
ZWE,1997,0
ZWE,1996,0
ZWE,1995,0
