country_code,year,paper_pulp_prod_tonnes
ALB,2020,0
ALB,2019,0
ALB,2018,0
ALB,2017,0
ALB,2016,0
ALB,2015,0
ALB,2014,0
ALB,2013,0
ALB,2012,0
ALB,2011,0
ALB,2010,0
ALB,2009,0
ALB,2008,0
ALB,2007,0
ALB,2006,0
ALB,2005,0
ALB,2004,0
ALB,2003,0
ALB,2002,0
ALB,2001,0
ALB,2000,0
ALB,1999,0
ALB,1998,15900
ALB,1997,15900
ALB,1996,15900
ALB,1995,15900
ALB,1994,15900
ALB,1993,15900
ALB,1992,15900
ALB,1991,15900
ALB,1990,15900
ALB,1989,15900
ALB,1988,15900
ALB,1987,8400
ALB,1986,8400
ALB,1985,8400
ALB,1984,8400
ALB,1983,8400
ALB,1982,8400
ALB,1981,8400
ALB,1980,8400
ALB,1979,8400
ALB,1978,8400
ALB,1977,8400
ALB,1976,8400
ALB,1975,8400
ALB,1974,8400
ALB,1973,8400
ALB,1972,8400
ALB,1971,8500
ALB,1970,8500
ALB,1969,8600
ALB,1968,8600
ALB,1967,8400
ALB,1966,7000
DZA,2020,2000
DZA,2019,2000
DZA,2018,2000
DZA,2017,2000
DZA,2016,2000
DZA,2015,2000
DZA,2014,2000
DZA,2013,2000
DZA,2012,2000
DZA,2011,2000
DZA,2010,2000
DZA,2009,2000
DZA,2008,2000
DZA,2007,2000
DZA,2006,2000
DZA,2005,2000
DZA,2004,2000
DZA,2003,2000
DZA,2002,2000
DZA,2001,2000
DZA,2000,5000
DZA,1999,21000
DZA,1998,21000
DZA,1997,21000
DZA,1996,21000
DZA,1995,21000
DZA,1994,21000
DZA,1993,21000
DZA,1992,21000
DZA,1991,21000
DZA,1990,21000
DZA,1989,21000
DZA,1988,21000
DZA,1987,21000
DZA,1986,21000
DZA,1985,21000
DZA,1984,7000
DZA,1983,7000
DZA,1982,10000
DZA,1981,31000
DZA,1980,24000
DZA,1979,24000
DZA,1978,12000
DZA,1977,12000
DZA,1976,12000
DZA,1975,12000
DZA,1974,12000
DZA,1973,12000
DZA,1972,18000
DZA,1971,16000
DZA,1970,16000
DZA,1969,14900
DZA,1968,13800
DZA,1967,13600
DZA,1966,12100
DZA,1965,14100
DZA,1964,13000
DZA,1963,11800
DZA,1962,10000
DZA,1961,23000
AGO,2020,0
AGO,2019,0
AGO,2018,0
AGO,2017,0
AGO,2016,0
AGO,2015,0
AGO,2014,0
AGO,2013,0
AGO,2012,0
AGO,2011,0
AGO,2010,0
AGO,2009,0
AGO,2008,0
AGO,2007,0
AGO,2006,0
AGO,2005,0
AGO,2004,0
AGO,2003,0
AGO,2002,0
AGO,2001,0
AGO,2000,0
AGO,1999,0
AGO,1998,0
AGO,1997,0
AGO,1996,0
AGO,1995,0
AGO,1994,0
AGO,1993,0
AGO,1992,0
AGO,1991,0
AGO,1990,0
AGO,1989,0
AGO,1988,0
AGO,1987,0
AGO,1986,0
AGO,1985,0
AGO,1984,2000
AGO,1983,2000
AGO,1982,37000
AGO,1981,37000
AGO,1980,37000
AGO,1979,37000
AGO,1978,37000
AGO,1977,37000
AGO,1976,37000
AGO,1975,37000
AGO,1974,37000
AGO,1973,43000
AGO,1972,37100
AGO,1971,34900
AGO,1970,38500
AGO,1969,36400
AGO,1968,30000
AGO,1967,26000
AGO,1966,27000
AGO,1965,24900
AGO,1964,25500
AGO,1963,21000
AGO,1962,14600
ARG,2020,733000
ARG,2019,790000
ARG,2018,852000
ARG,2017,812000
ARG,2016,815000
ARG,2015,867000
ARG,2014,925000
ARG,2013,882000
ARG,2012,845000
ARG,2011,770000
ARG,2010,947000
ARG,2009,931000
ARG,2008,999000
ARG,2007,941000
ARG,2006,925000
ARG,2005,937000
ARG,2004,992000
ARG,2003,894000
ARG,2002,829000
ARG,2001,785000
ARG,2000,788000
ARG,1999,665000
ARG,1998,724000
ARG,1997,913000
ARG,1996,753000
ARG,1995,823000
ARG,1994,745000
ARG,1993,727000
ARG,1992,703700
ARG,1991,657000
ARG,1990,722000
ARG,1989,735000
ARG,1988,738000
ARG,1987,736000
ARG,1986,741000
ARG,1985,666000
ARG,1984,645000
ARG,1983,567000
ARG,1982,375000
ARG,1981,293000
ARG,1980,348800
ARG,1979,436000
ARG,1978,336000
ARG,1977,333000
ARG,1976,320000
ARG,1975,301000
ARG,1974,318000
ARG,1973,281000
ARG,1972,283000
ARG,1971,240000
ARG,1970,202000
ARG,1969,160000
ARG,1968,145000
ARG,1967,113000
ARG,1966,149000
ARG,1965,122000
ARG,1964,111000
ARG,1963,110000
ARG,1962,95000
ARG,1961,101000
ARM,2020,0
ARM,2019,0
ARM,2018,0
ARM,2017,0
ARM,2016,0
ARM,2015,0
ARM,2014,0
ARM,2013,0
ARM,2012,0
ARM,2011,0
ARM,2010,0
ARM,2009,0
ARM,2008,0
ARM,2007,0
ARM,2006,0
ARM,2005,0
AUS,2020,1395000
AUS,2019,1521000
AUS,2018,1523000
AUS,2017,1378000
AUS,2016,1385202
AUS,2015,1408202
AUS,2014,1431000
AUS,2013,1431000
AUS,2012,1431000
AUS,2011,1417000
AUS,2010,1304000
AUS,2009,1226000
AUS,2008,1445000
AUS,2007,1182000
AUS,2006,1153000
AUS,2005,1159000
AUS,2004,1107000
AUS,2003,1170000
AUS,2002,1394000
AUS,2001,1206000
AUS,2000,1028000
AUS,1999,882000
AUS,1998,936000
AUS,1997,945000
AUS,1996,961000
AUS,1995,1010000
AUS,1994,1003000
AUS,1993,1002000
AUS,1992,1028000
AUS,1991,1049000
AUS,1990,1047000
AUS,1989,1048000
AUS,1988,1006000
AUS,1987,931000
AUS,1986,922000
AUS,1985,898000
AUS,1984,833000
AUS,1983,752000
AUS,1982,762000
AUS,1981,708000
AUS,1980,702000
AUS,1979,656000
AUS,1978,602000
AUS,1977,581000
AUS,1976,557000
AUS,1975,571000
AUS,1974,612000
AUS,1973,510000
AUS,1972,526800
AUS,1971,509400
AUS,1970,499400
AUS,1969,434200
AUS,1968,375700
AUS,1967,363900
AUS,1966,339000
AUS,1965,572600
AUS,1964,511700
AUS,1963,460000
AUS,1962,383100
AUS,1961,372000
AUT,2020,1581019
AUT,2019,1628664
AUT,2018,1627511
AUT,2017,1597681
AUT,2016,1654339
AUT,2015,1361520
AUT,2014,1496402
AUT,2013,1555618
AUT,2012,1726855
AUT,2011,1716329
AUT,2010,1702662
AUT,2009,1537569
AUT,2008,1715153
AUT,2007,1725000
AUT,2006,1678000
AUT,2005,1691000
AUT,2004,1698434
AUT,2003,1625000
AUT,2002,1558000
AUT,2001,1536000
AUT,2000,1580000
AUT,1999,1521000
AUT,1998,1492000
AUT,1997,1476000
AUT,1996,1396000
AUT,1995,1466000
AUT,1994,1481000
AUT,1993,1346000
AUT,1992,1380000
AUT,1991,1380000
AUT,1990,1356000
AUT,1989,1404000
AUT,1988,1359000
AUT,1987,1244000
AUT,1986,1258000
AUT,1985,1200000
AUT,1984,1142000
AUT,1983,1082000
AUT,1982,1102000
AUT,1981,1128000
AUT,1980,1161000
AUT,1979,1147000
AUT,1978,1035000
AUT,1977,1014000
AUT,1976,926000
AUT,1975,875000
AUT,1974,925000
AUT,1973,880700
AUT,1972,848700
AUT,1971,833400
AUT,1970,838100
AUT,1969,795900
AUT,1968,728200
AUT,1967,680500
AUT,1966,656200
AUT,1965,650700
AUT,1964,629400
AUT,1963,600500
AUT,1962,578000
AUT,1961,609500
AZE,2020,0
AZE,2019,0
AZE,2018,0
AZE,2017,0
AZE,2016,0
AZE,2015,0
AZE,2014,0
AZE,2013,0
AZE,2012,0
AZE,2011,0
AZE,2010,0
AZE,2009,0
AZE,2008,0
AZE,2007,0
AZE,2006,0
AZE,2005,0
AZE,2004,0
AZE,2003,0
AZE,2002,0
AZE,2001,0
AZE,2000,0
BGD,2020,65000
BGD,2019,65000
BGD,2018,65000
BGD,2017,65000
BGD,2016,65000
BGD,2015,65000
BGD,2014,65000
BGD,2013,65000
BGD,2012,65000
BGD,2011,65000
BGD,2010,65000
BGD,2009,65000
BGD,2008,65000
BGD,2007,65000
BGD,2006,65000
BGD,2005,65000
BGD,2004,65000
BGD,2003,72000
BGD,2002,37000
BGD,2001,37000
BGD,2000,37000
BGD,1999,37000
BGD,1998,37000
BGD,1997,97000
BGD,1996,114000
BGD,1995,122000
BGD,1994,129000
BGD,1993,129000
BGD,1992,129000
BGD,1991,129000
BGD,1990,134000
BGD,1989,127000
BGD,1988,127000
BGD,1987,123000
BGD,1986,115000
BGD,1985,127000
BGD,1984,102600
BGD,1983,106600
BGD,1982,103109
BGD,1981,103109
BGD,1980,91109
BGD,1979,91109
BGD,1978,76700
BGD,1977,47800
BGD,1976,53900
BGD,1975,27500
BGD,1974,34000
BGD,1973,39700
BGD,1972,38400
BGD,1971,42000
BGD,1970,26000
BGD,1969,26000
BGD,1968,30000
BGD,1967,9000
BGD,1966,12000
BGD,1965,13000
BGD,1964,28000
BGD,1963,26000
BGD,1962,30000
BGD,1961,26000
BLR,2020,291000
BLR,2019,187000
BLR,2018,27000
BLR,2017,2000
BLR,2016,9000
BLR,2015,32900
BLR,2014,32900
BLR,2013,32900
BLR,2012,55400
BLR,2011,50700
BLR,2010,50700
BLR,2009,45100
BLR,2008,65900
BLR,2007,65900
BLR,2006,65900
BLR,2005,61300
BLR,2004,61200
BLR,2003,60600
BLR,2002,59200
BLR,2001,58100
BLR,2000,55900
BLR,1999,51700
BLR,1998,43300
BLR,1997,31000
BLR,1996,31000
BLR,1995,31000
BLR,1994,31000
BLR,1993,26000
BLR,1992,37000
BEL,2020,516800
BEL,2019,516800
BEL,2018,516800
BEL,2017,502800
BEL,2016,501791
BEL,2015,493790
BEL,2014,502790
BEL,2013,495290
BEL,2012,496786
BEL,2011,506095
BEL,2010,453032
BEL,2009,687827
BEL,2008,452000
BEL,2007,510000
BEL,2006,509000
BEL,2005,509000
BEL,2004,532000
BEL,2003,491000
BEL,2002,466000
BEL,2001,405000
BEL,2000,431000
BIH,2020,70000
BIH,2019,65500
BIH,2018,80700
BIH,2017,67880
BIH,2016,46000
BIH,2015,86240
BIH,2014,80000
BIH,2013,80000
BIH,2012,78000
BIH,2011,79000
BIH,2010,58000
BIH,2009,40800
BIH,2008,33000
BIH,2007,10515
BIH,2006,20000
BIH,2005,20000
BIH,2004,20000
BIH,2003,20000
BRA,2020,21016000
BRA,2019,19755000
BRA,2018,21148000
BRA,2017,19590000
BRA,2016,18835000
BRA,2015,17426000
BRA,2014,16465000
BRA,2013,15129000
BRA,2012,13977000
BRA,2011,13922000
BRA,2010,14164000
BRA,2009,13315000
BRA,2008,12697000
BRA,2007,11998000
BRA,2006,11180000
BRA,2005,10352000
BRA,2004,9529000
BRA,2003,9104000
BRA,2002,8011000
BRA,2001,7390000
BRA,2000,7341000
BRA,1999,7111000
BRA,1998,6720000
BRA,1997,6342000
BRA,1996,6225000
BRA,1995,5909000
BRA,1994,5831000
BRA,1993,5501000
BRA,1992,5298000
BRA,1991,4769000
BRA,1990,4364000
BRA,1989,4423000
BRA,1988,4054000
BRA,1987,3926000
BRA,1986,3092000
BRA,1985,2853000
BRA,1984,3321000
BRA,1983,2856000
BRA,1982,3656000
BRA,1981,3290000
BRA,1980,3404000
BRA,1979,2270000
BRA,1978,2042000
BRA,1977,1695000
BRA,1976,1432000
BRA,1975,1247000
BRA,1974,1278000
BRA,1973,1216000
BRA,1972,1034000
BRA,1971,882500
BRA,1970,867100
BRA,1969,787300
BRA,1968,737200
BRA,1967,685200
BRA,1966,651600
BRA,1965,568600
BRA,1964,505200
BRA,1963,447900
BRA,1962,381600
BRA,1961,329200
BGR,2020,238785
BGR,2019,238785
BGR,2018,242884
BGR,2017,235771
BGR,2016,134900
BGR,2015,134900
BGR,2014,134900
BGR,2013,135111
BGR,2012,135157
BGR,2011,134772
BGR,2010,135173
BGR,2009,136923
BGR,2008,136923
BGR,2007,135000
BGR,2006,135000
BGR,2005,135000
BGR,2004,135000
BGR,2003,102000
BGR,2002,102000
BGR,2001,102000
BGR,2000,95000
BGR,1999,88000
BGR,1998,107000
BGR,1997,107000
BGR,1996,107000
BGR,1995,107000
BGR,1994,107000
BGR,1993,107000
BGR,1992,107000
BGR,1991,148000
BGR,1990,162000
BGR,1989,240000
BGR,1988,262000
BGR,1987,219000
BGR,1986,219000
BGR,1985,235000
BGR,1984,260000
BGR,1983,271000
BGR,1982,279000
BGR,1981,289000
BGR,1980,282000
BGR,1979,285000
BGR,1978,276000
BGR,1977,248000
BGR,1976,257000
BGR,1975,240000
BGR,1974,246400
BGR,1973,165700
BGR,1972,146400
BGR,1971,146200
BGR,1970,118000
BGR,1969,117000
BGR,1968,120000
BGR,1967,100000
BGR,1966,88000
BGR,1965,82900
BGR,1964,73200
BGR,1963,54200
BGR,1962,44000
BGR,1961,34300
KHM,2020,0
KHM,2019,0
KHM,2018,0
KHM,2017,0
KHM,2016,0
KHM,2015,0
KHM,2014,0
KHM,2013,0
KHM,2012,0
KHM,2011,0
KHM,2010,0
KHM,2009,0
KHM,2008,0
KHM,2007,0
KHM,2006,0
KHM,2005,0
KHM,2004,0
KHM,2003,0
KHM,2002,0
KHM,2001,0
KHM,2000,0
KHM,1999,0
KHM,1998,0
KHM,1997,0
KHM,1996,0
KHM,1995,0
KHM,1994,0
KHM,1987,0
KHM,1973,0
KHM,1970,1500
KHM,1969,3000
KHM,1968,2600
KHM,1967,1800
KHM,1966,1000
KHM,1965,1000
KHM,1964,1000
KHM,1963,2000
KHM,1962,2000
KHM,1961,2000
CMR,2020,0
CMR,2019,0
CMR,2018,0
CMR,2017,0
CMR,2016,0
CMR,2015,0
CMR,2014,0
CMR,2013,0
CMR,2012,0
CMR,2011,0
CMR,2010,0
CMR,2009,0
CMR,2008,0
CMR,2007,0
CMR,2006,0
CMR,2005,0
CMR,2004,0
CMR,2003,0
CMR,2002,0
CMR,2001,0
CMR,2000,0
CMR,1999,0
CMR,1998,0
CMR,1997,0
CMR,1996,0
CMR,1995,0
CMR,1994,0
CMR,1987,0
CMR,1981,60000
CMR,1980,25000
CAN,2020,14843378
CAN,2019,16235000
CAN,2018,16210000
CAN,2017,16337000
CAN,2016,16547000
CAN,2015,16590000
CAN,2014,16592000
CAN,2013,17293000
CAN,2012,17189000
CAN,2011,17782000
CAN,2010,18576000
CAN,2009,17137000
CAN,2008,20405000
CAN,2007,22421000
CAN,2006,23481000
CAN,2005,25350000
CAN,2004,26222000
CAN,2003,26003000
CAN,2002,25562000
CAN,2001,24909000
CAN,2000,26495000
CAN,1999,25181000
CAN,1998,23643000
CAN,1997,24874000
CAN,1996,24403000
CAN,1995,25442000
CAN,1994,24692000
CAN,1993,22911000
CAN,1992,22629000
CAN,1991,23262000
CAN,1990,22839000
CAN,1989,23601000
CAN,1988,23072000
CAN,1987,22602000
CAN,1986,21330000
CAN,1985,20040000
CAN,1984,20270000
CAN,1983,19044000
CAN,1982,16827000
CAN,1981,19344000
CAN,1980,19672000
CAN,1979,19188000
CAN,1978,18905000
CAN,1977,17545000
CAN,1976,17506000
CAN,1975,14645000
CAN,1974,19363000
CAN,1973,18308000
CAN,1972,17125000
CAN,1971,16157000
CAN,1970,16235000
CAN,1969,16448000
CAN,1968,14874600
CAN,1967,14079700
CAN,1966,14167000
CAN,1965,12819900
CAN,1964,12083500
CAN,1963,10945500
CAN,1962,10586600
CAN,1961,10250400
CHL,2020,5156000
CHL,2019,5293000
CHL,2018,5362800
CHL,2017,5192500
CHL,2016,5145400
CHL,2015,5116600
CHL,2014,5208800
CHL,2013,5157000
CHL,2012,5080000
CHL,2011,4896000
CHL,2010,4102000
CHL,2009,4993000
CHL,2008,4981000
CHL,2007,4675000
CHL,2006,3484000
CHL,2005,3237000
CHL,2004,3338000
CHL,2003,2759000
CHL,2002,2687000
CHL,2001,2668000
CHL,2000,2592000
CHL,1999,2434000
CHL,1998,2210000
CHL,1997,2077000
CHL,1996,2146000
CHL,1995,2112800
CHL,1994,1953000
CHL,1993,1865000
CHL,1992,1680000
CHL,1991,1111000
CHL,1990,892000
CHL,1989,841000
CHL,1988,909000
CHL,1987,862000
CHL,1986,846000
CHL,1985,837000
CHL,1984,839000
CHL,1983,796000
CHL,1982,667000
CHL,1981,743000
CHL,1980,762600
CHL,1979,700000
CHL,1978,665000
CHL,1977,599000
CHL,1976,515000
CHL,1975,452000
CHL,1974,432500
CHL,1973,350200
CHL,1972,345000
CHL,1971,344800
CHL,1970,356400
CHL,1969,320100
CHL,1968,338000
CHL,1967,307400
CHL,1966,310800
CHL,1965,199000
CHL,1964,172500
CHL,1963,151600
CHL,1962,146100
CHL,1961,145000
CHN,2020,18275201
CHN,2019,18927201
CHN,2018,17946201
CHN,2017,16744201
CHN,2016,16334201
CHN,2015,16833201
CHN,2014,17543201
CHN,2013,17470201
CHN,2012,19212201
CHN,2011,21102201
CHN,2010,20420201
CHN,2009,17628201
CHN,2008,20058201
CHN,2007,19442201
CHN,2006,18529201
CHN,2005,16678201
CHN,2004,15865201
CHN,2003,15765201
CHN,2002,15165201
CHN,2001,13865201
CHN,2000,14855459
CHN,1999,16778393
CHN,1998,17739017
CHN,1997,17716457
CHN,1996,13816135
CHN,1995,24124617
CHN,1994,19466856
CHN,1993,16947353
CHN,1992,14884876
CHN,1991,13694345
CHN,1990,13325000
CHN,1989,13252000
CHN,1988,13727000
CHN,1987,12522000
CHN,1986,9694000
CHN,1985,8796000
CHN,1984,5821000
CHN,1983,5263000
CHN,1982,4796000
CHN,1981,4846000
CHN,1980,4809000
CHN,1979,4581000
CHN,1978,4181000
CHN,1977,3586000
CHN,1976,3239000
CHN,1975,3213000
CHN,1974,2921000
CHN,1973,2925000
CHN,1972,2910000
CHN,1971,3247000
CHN,1970,3430000
CHN,1969,3262200
CHN,1968,3100300
CHN,1967,2977900
CHN,1966,2858000
CHN,1965,2754000
CHN,1964,2643300
CHN,1963,2580200
CHN,1962,2470500
CHN,1961,2354500
COL,2020,419000
COL,2019,431868
COL,2018,436898
COL,2017,422093
COL,2016,429465
COL,2015,431080
COL,2014,426282
COL,2013,412534
COL,2012,440138
COL,2011,389013
COL,2010,393481
COL,2009,374200
COL,2008,360143
COL,2007,380000
COL,2006,387000
COL,2005,385000
COL,2004,381000
COL,2003,379000
COL,2002,358000
COL,2001,346000
COL,2000,362000
COL,1999,333000
COL,1998,313000
COL,1997,317000
COL,1996,307000
COL,1995,313000
COL,1994,311000
COL,1993,294000
COL,1992,295000
COL,1991,270000
COL,1990,266000
COL,1989,248000
COL,1988,248000
COL,1987,246000
COL,1986,235000
COL,1985,228000
COL,1984,189000
COL,1983,189000
COL,1982,194000
COL,1981,214000
COL,1980,207000
COL,1979,201000
COL,1978,192000
COL,1977,178000
COL,1976,167000
COL,1975,136000
COL,1974,176000
COL,1973,151000
COL,1972,145000
COL,1971,120000
COL,1970,112000
COL,1969,104000
COL,1968,83000
COL,1967,70000
COL,1966,77000
COL,1965,52000
COL,1964,41000
COL,1963,39000
COL,1962,27000
COL,1961,16600
CRI,2020,171000
CRI,2019,171000
CRI,2018,171000
CRI,2017,171000
CRI,2016,173800
CRI,2015,173800
CRI,2014,177800
CRI,2013,9800
CRI,2012,9800
CRI,2011,9800
CRI,2010,9800
CRI,2009,9800
CRI,2008,9800
CRI,2007,9800
CRI,2006,9800
CRI,2005,9800
CRI,2004,9800
CRI,2003,9800
CRI,2002,9800
CRI,2001,9800
CRI,2000,9800
CRI,1999,9800
CRI,1998,9800
CRI,1997,9800
CRI,1996,9800
CRI,1995,9800
CRI,1994,9800
CRI,1993,9800
CRI,1992,9800
CRI,1991,9800
CRI,1990,11400
CRI,1989,10500
CRI,1988,14500
CRI,1987,14500
CRI,1986,9500
CRI,1985,9500
CRI,1984,10400
CRI,1983,10200
CRI,1982,2600
CRI,1981,3000
CRI,1980,4500
CRI,1979,4500
HRV,2020,45108
HRV,2019,46852
HRV,2018,38767
HRV,2017,38912
HRV,2016,33596
HRV,2015,31957
HRV,2014,32648
HRV,2013,40366
HRV,2012,73000
HRV,2011,99000
HRV,2010,97000
HRV,2009,84000
HRV,2008,96000
HRV,2007,97000
HRV,2006,107000
HRV,2005,98000
HRV,2004,109000
HRV,2003,119000
HRV,2002,122000
HRV,2001,115000
HRV,2000,127000
HRV,1999,95000
HRV,1998,95000
HRV,1997,105000
HRV,1996,129000
HRV,1995,115000
HRV,1994,127000
HRV,1993,125000
HRV,1992,126000
CUB,2020,100
CUB,2019,100
CUB,2018,100
CUB,2017,100
CUB,2016,100
CUB,2015,100
CUB,2014,100
CUB,2013,100
CUB,2012,100
CUB,2011,100
CUB,2010,100
CUB,2009,100
CUB,2008,80
CUB,2007,300
CUB,2006,500
CUB,2005,800
CUB,2004,800
CUB,2003,1500
CUB,2002,1000
CUB,2001,2000
CUB,2000,3000
CUB,1999,4000
CUB,1998,3000
CUB,1997,52000
CUB,1996,52000
CUB,1995,52000
CUB,1994,52000
CUB,1993,52000
CUB,1992,52000
CUB,1991,52000
CUB,1990,52000
CUB,1989,52000
CUB,1988,42000
CUB,1987,52000
CUB,1986,59000
CUB,1985,49000
CUB,1984,38000
CUB,1983,34000
CUB,1982,33400
CUB,1981,31600
CUB,1980,29900
CUB,1979,29500
CUB,1978,14400
CUB,1977,37500
CUB,1976,44000
CUB,1975,44000
CUB,1974,43000
CUB,1973,43000
CUB,1972,35000
CUB,1971,36000
CUB,1970,33700
CUB,1969,32500
CUB,1968,30000
CUB,1967,35000
CUB,1966,31800
CUB,1965,27500
CUB,1964,30700
CUB,1963,27500
CUB,1962,24900
CUB,1961,23000
CYP,2020,0
CYP,2019,0
CYP,2018,0
CYP,2017,0
CYP,2016,0
CYP,2015,0
CYP,2014,0
CYP,2013,0
CYP,2012,0
CYP,2011,0
CYP,2010,0
CYP,2009,0
CYP,2008,0
CYP,2007,0
CYP,2006,0
CYP,2005,0
CYP,2004,0
CYP,2003,0
CYP,2002,0
CYP,2001,0
CYP,2000,0
CYP,1999,0
CYP,1998,0
CZE,2020,1031278
CZE,2019,994585
CZE,2018,772210
CZE,2017,872668
CZE,2016,853142
CZE,2015,439229
CZE,2014,445500
CZE,2013,459600
CZE,2012,691000
CZE,2011,703100
CZE,2010,721927
CZE,2009,732145
CZE,2008,701600
CZE,2007,782500
CZE,2006,766000
CZE,2005,757000
CZE,2004,736000
CZE,2003,721000
CZE,2002,702000
CZE,2001,685000
CZE,2000,638000
CZE,1999,567000
CZE,1998,569000
CZE,1997,514000
CZE,1996,491300
CZE,1995,520000
CZE,1994,512000
CZE,1993,676000
DNK,2020,4830
DNK,2019,4830
DNK,2018,4830
DNK,2017,4830
DNK,2016,4830
DNK,2015,4830
DNK,2014,64830
DNK,2013,54830
DNK,2012,59828
DNK,2011,39828
DNK,2010,7000
DNK,2009,5000
DNK,2008,5000
DNK,2007,0
DNK,2006,0
DNK,2005,0
DNK,2004,0
DNK,2003,0
DNK,2002,0
DNK,2001,0
DNK,2000,0
DNK,1999,0
DNK,1998,65000
DNK,1997,180000
DNK,1996,180000
DNK,1995,180000
DNK,1994,180000
DNK,1993,164000
DNK,1992,167000
DNK,1991,102000
DNK,1990,102000
DNK,1989,136000
DNK,1988,133000
DNK,1987,133000
DNK,1986,128000
DNK,1985,126000
DNK,1984,131000
DNK,1983,113000
DNK,1982,103000
DNK,1981,110000
DNK,1980,109000
DNK,1979,110000
DNK,1978,101000
DNK,1977,98000
DNK,1976,112000
DNK,1975,104000
DNK,1974,160000
DNK,1973,142000
DNK,1972,124300
DNK,1971,134900
DNK,1970,147500
DNK,1969,119900
DNK,1968,107200
DNK,1967,92500
DNK,1966,90500
DNK,1965,74100
DNK,1964,62100
DNK,1963,39100
DNK,1962,32800
DNK,1961,24400
ECU,2020,16000
ECU,2019,16000
ECU,2018,16000
ECU,2017,16000
ECU,2016,18000
ECU,2015,18000
ECU,2014,18000
ECU,2013,18000
ECU,2012,18000
ECU,2011,18000
ECU,2010,18000
ECU,2009,18000
ECU,2008,2000
ECU,2007,2000
ECU,2006,2000
ECU,2005,2000
ECU,2004,2000
ECU,2003,2000
ECU,2002,2200
ECU,2001,2200
ECU,2000,2200
ECU,1999,2200
ECU,1998,2200
ECU,1997,2200
ECU,1996,2100
ECU,1995,2000
ECU,1994,1100
ECU,1990,500
ECU,1989,500
ECU,1988,500
ECU,1987,500
ECU,1986,500
ECU,1985,500
ECU,1984,5000
ECU,1983,5000
ECU,1982,5000
ECU,1981,5000
ECU,1980,5000
ECU,1979,5000
ECU,1978,8000
ECU,1977,7000
ECU,1976,6000
ECU,1975,6000
ECU,1974,5000
ECU,1973,4000
ECU,1972,4000
ECU,1971,4000
ECU,1970,2200
ECU,1969,1100
EGY,2020,161000
EGY,2019,161000
EGY,2018,161000
EGY,2017,161000
EGY,2016,161000
EGY,2015,161000
EGY,2014,161000
EGY,2013,161000
EGY,2012,161000
EGY,2011,161000
EGY,2010,161000
EGY,2009,161000
EGY,2008,161000
EGY,2007,161000
EGY,2006,120000
EGY,2005,120000
EGY,2004,120000
EGY,2003,120000
EGY,2002,120000
EGY,2001,120000
EGY,2000,75000
EGY,1999,60000
EGY,1998,60000
EGY,1997,60000
EGY,1996,60000
EGY,1995,60000
EGY,1994,60000
EGY,1993,47000
EGY,1992,47000
EGY,1991,47000
EGY,1990,80000
EGY,1989,80000
EGY,1988,80000
EGY,1987,80000
EGY,1986,80000
EGY,1985,80000
EGY,1984,80000
EGY,1983,80000
EGY,1982,80000
EGY,1981,80000
EGY,1980,91000
EGY,1979,85000
EGY,1978,46000
EGY,1977,37000
EGY,1976,37000
EGY,1975,47000
EGY,1974,80000
EGY,1973,80000
EGY,1972,70000
EGY,1971,67000
EGY,1970,54000
EGY,1969,53000
EGY,1968,52000
EGY,1967,44000
EGY,1966,40000
EGY,1965,30000
EGY,1964,23000
EGY,1963,21000
EGY,1962,20000
EGY,1961,2000
EST,2020,231000
EST,2019,222251
EST,2018,234956
EST,2017,239000
EST,2016,238626
EST,2015,233897
EST,2014,234765
EST,2013,223878
EST,2012,232859
EST,2011,220781
EST,2010,220775
EST,2009,199100
EST,2008,200225
EST,2007,190200
EST,2006,136300
EST,2005,67000
EST,2004,68600
EST,2003,67100
EST,2002,65300
EST,2001,51700
EST,2000,54000
EST,1999,49500
EST,1998,44000
EST,1997,36000
EST,1996,28200
EST,1995,13200
EST,1994,42200
EST,1993,42200
EST,1992,42200
SWZ,2020,0
SWZ,2019,0
SWZ,2018,0
SWZ,2017,0
SWZ,2016,0
SWZ,2015,0
SWZ,2014,0
SWZ,2013,0
SWZ,2012,0
SWZ,2011,0
SWZ,2010,15000
SWZ,2009,102000
SWZ,2008,142200
SWZ,2007,170400
SWZ,2006,160700
SWZ,2005,173200
SWZ,2004,180600
SWZ,2003,167700
SWZ,2002,186500
SWZ,2001,183900
SWZ,2000,154100
SWZ,1999,191000
SWZ,1998,150000
SWZ,1997,174000
SWZ,1996,220000
SWZ,1995,200000
SWZ,1994,200000
SWZ,1993,200000
SWZ,1992,183000
SWZ,1991,178000
SWZ,1990,130000
SWZ,1989,158000
SWZ,1988,178000
SWZ,1987,180000
SWZ,1986,180000
SWZ,1985,174000
SWZ,1984,178000
SWZ,1983,175000
SWZ,1982,157000
SWZ,1981,157000
SWZ,1980,156000
SWZ,1979,161000
SWZ,1978,155000
SWZ,1977,152000
SWZ,1976,180000
SWZ,1975,143000
SWZ,1974,143000
SWZ,1973,136000
SWZ,1972,125000
SWZ,1971,105000
SWZ,1970,101000
SWZ,1969,95000
SWZ,1968,90000
SWZ,1967,90000
SWZ,1966,89000
SWZ,1965,88000
SWZ,1964,88000
SWZ,1963,73000
SWZ,1962,9600
SWZ,1961,9600
ETH,2020,9400
ETH,2019,9400
ETH,2018,9400
ETH,2017,9400
ETH,2016,9400
ETH,2015,9400
ETH,2014,9400
ETH,2013,9400
ETH,2012,9400
ETH,2011,9400
ETH,2010,9400
ETH,2009,9400
ETH,2008,9400
ETH,2007,9400
ETH,2006,9400
ETH,2005,9400
ETH,2004,9400
ETH,2003,9400
ETH,2002,9400
ETH,2001,9400
ETH,2000,9400
ETH,1999,9400
ETH,1998,9400
ETH,1997,9700
FIN,2020,10120000
FIN,2019,11200000
FIN,2018,11660000
FIN,2017,10683000
FIN,2016,10520000
FIN,2015,10250000
FIN,2014,10221386
FIN,2013,10270000
FIN,2012,10109650
FIN,2011,10362000
FIN,2010,10508000
FIN,2009,8815000
FIN,2008,11624000
FIN,2007,12856000
FIN,2006,13115000
FIN,2005,11134000
FIN,2004,12614000
FIN,2003,11948000
FIN,2002,11729000
FIN,2001,11168000
FIN,2000,11919000
FIN,1999,11579000
FIN,1998,11355000
FIN,1997,11089000
FIN,1996,9693000
FIN,1995,10088000
FIN,1994,9962000
FIN,1993,9338000
FIN,1992,8541000
FIN,1991,8413000
FIN,1990,8765000
FIN,1989,8954000
FIN,1988,8842000
FIN,1987,8339000
FIN,1986,7827000
FIN,1985,7837000
FIN,1984,7827000
FIN,1983,6979000
FIN,1982,6522000
FIN,1981,7142000
FIN,1980,7037000
FIN,1979,6851000
FIN,1978,5898000
FIN,1977,5092000
FIN,1976,5232000
FIN,1975,4992000
FIN,1974,6390000
FIN,1973,6491000
FIN,1972,6107000
FIN,1971,5764000
FIN,1970,5951000
FIN,1969,5820000
FIN,1968,5455000
FIN,1967,5236000
FIN,1966,5236000
FIN,1965,5062000
FIN,1964,4820000
FIN,1963,4346000
FIN,1962,3959000
FIN,1961,4085000
FRA,2020,1611000
FRA,2019,1617000
FRA,2018,1604200
FRA,2017,1689000
FRA,2016,1711000
FRA,2015,1716000
FRA,2014,1612000
FRA,2013,1653051
FRA,2012,1772740
FRA,2011,1832772
FRA,2010,1827941
FRA,2009,1683420
FRA,2008,2219837
FRA,2007,2253993
FRA,2006,2358000
FRA,2005,2443000
FRA,2004,2426000
FRA,2003,2315000
FRA,2002,2427750
FRA,2001,2460750
FRA,2000,2581750
FRA,1999,2591500
FRA,1998,2676900
FRA,1997,2832000
FRA,1996,2517000
FRA,1995,2819000
FRA,1994,2788000
FRA,1993,2539500
FRA,1992,2747000
FRA,1991,2453000
FRA,1990,2418000
FRA,1989,2409000
FRA,1988,2073000
FRA,1987,2115000
FRA,1986,2037000
FRA,1985,1785000
FRA,1984,2045000
FRA,1983,1862000
FRA,1982,1755000
FRA,1981,1693000
FRA,1980,1736000
FRA,1979,1829000
FRA,1978,1920000
FRA,1977,1935000
FRA,1976,1748000
FRA,1975,1687000
FRA,1974,1965000
FRA,1973,1911000
FRA,1972,1893900
FRA,1971,1815400
FRA,1970,1805600
FRA,1969,1707900
FRA,1968,1588100
FRA,1967,1638800
FRA,1966,1607300
FRA,1965,1530600
FRA,1964,1453000
FRA,1963,1387000
FRA,1962,1371000
FRA,1961,1362000
GEO,2020,0
GEO,2019,0
GEO,2018,0
GEO,2017,0
GEO,2016,0
GEO,2015,0
GEO,2014,0
GEO,2013,0
GEO,2012,0
GEO,2011,0
GEO,2010,0
GEO,2009,0
GEO,2008,0
GEO,2007,0
GEO,2006,0
GEO,2005,0
GEO,2004,0
GEO,2003,0
GEO,2002,0
GEO,2001,0
GEO,2000,0
DEU,2020,2319897
DEU,2019,2391832
DEU,2018,2543384
DEU,2017,2432000
DEU,2016,2485067
DEU,2015,2553000
DEU,2014,2597000
DEU,2013,2610000
DEU,2012,2636000
DEU,2011,2725000
DEU,2010,2763023
DEU,2009,2545010
DEU,2008,2908802
DEU,2007,3001000
DEU,2006,2938000
DEU,2005,2879000
DEU,2004,2502000
DEU,2003,2450000
DEU,2002,2148000
DEU,2001,2103000
DEU,2000,2215000
DEU,1999,1731000
DEU,1998,1950000
DEU,1997,1958000
DEU,1996,1816000
DEU,1995,1950000
DEU,1994,1934000
DEU,1993,2058000
DEU,1992,2297000
DEU,1991,2476000
DEU,1990,2435000
DEU,1989,2482000
DEU,1988,2420000
DEU,1987,2319000
DEU,1986,2285000
DEU,1985,2256000
DEU,1984,2359000
DEU,1983,2160000
DEU,1982,2080000
DEU,1981,2078000
DEU,1980,2066000
DEU,1979,2030000
DEU,1978,1907000
DEU,1977,1924000
DEU,1976,1842000
DEU,1975,1639000
DEU,1974,1903000
DEU,1973,1835000
DEU,1972,1801900
DEU,1971,1805000
DEU,1970,1866000
DEU,1969,1789000
DEU,1968,1637000
DEU,1967,1573000
DEU,1966,1543000
DEU,1965,1530000
DEU,1964,1452000
DEU,1963,1748000
DEU,1962,1723900
DEU,1961,1780600
GRC,2020,0
GRC,2019,0
GRC,2018,0
GRC,2017,0
GRC,2016,0
GRC,2015,0
GRC,2014,0
GRC,2013,0
GRC,2012,0
GRC,2011,0
GRC,2010,0
GRC,2009,0
GRC,2008,0
GRC,2007,0
GRC,2006,0
GRC,2005,0
GRC,2004,0
GRC,2003,0
GRC,2002,0
GRC,2001,0
GRC,2000,5000
GRC,1999,5000
GRC,1998,0
GRC,1997,0
GRC,1996,27000
GRC,1995,27000
GRC,1994,27000
GRC,1993,27000
GRC,1992,52000
GRC,1991,52000
GRC,1990,52000
GRC,1989,24000
GRC,1988,28000
GRC,1987,26000
GRC,1986,26000
GRC,1985,23000
GRC,1984,21000
GRC,1983,21000
GRC,1982,27000
GRC,1981,35000
GRC,1980,66000
GRC,1979,67000
GRC,1978,25000
GRC,1977,18000
GRC,1976,18000
GRC,1975,22000
GRC,1974,20000
GRC,1973,18000
GRC,1972,18000
GRC,1971,13000
GRC,1970,13000
GRC,1969,12000
GRC,1968,11000
GRC,1967,11000
GRC,1966,8000
HND,2020,0
HND,2019,0
HND,2018,0
HND,2017,0
HND,2016,0
HND,2015,0
HND,2014,0
HND,2013,0
HND,2012,0
HND,2011,0
HND,2010,7000
HND,2009,7000
HND,2008,7000
HND,2007,7000
HND,2006,7000
HND,2005,7000
HND,2004,7000
HND,2003,7000
HND,2002,7000
HND,2001,7000
HND,2000,7000
HND,1999,7000
HND,1998,7000
HND,1997,800
HUN,2020,0
HUN,2019,0
HUN,2018,0
HUN,2017,20000
HUN,2016,21000
HUN,2015,21000
HUN,2014,23000
HUN,2013,19000
HUN,2012,18000
HUN,2011,18000
HUN,2010,15000
HUN,2009,18000
HUN,2008,20000
HUN,2007,20000
HUN,2006,19000
HUN,2005,16000
HUN,2004,4000
HUN,2003,16000
HUN,2002,22000
HUN,2001,22000
HUN,2000,24000
HUN,1999,17000
HUN,1998,17000
HUN,1997,12000
HUN,1996,21000
HUN,1995,25000
HUN,1994,25000
HUN,1993,25000
HUN,1992,29000
HUN,1991,37000
HUN,1990,50000
HUN,1989,73000
HUN,1988,81000
HUN,1987,69000
HUN,1986,62000
HUN,1985,93000
HUN,1984,108000
HUN,1983,103000
HUN,1982,106000
HUN,1981,112000
HUN,1980,111000
HUN,1979,122000
HUN,1978,126000
HUN,1977,124000
HUN,1976,96000
HUN,1975,86000
HUN,1974,95000
HUN,1973,107000
HUN,1972,97700
HUN,1971,96100
HUN,1970,104400
HUN,1969,106500
HUN,1968,88900
HUN,1967,85000
HUN,1966,89300
HUN,1965,58700
HUN,1964,85700
HUN,1963,75200
HUN,1962,71800
HUN,1961,62500
ISL,2020,0
ISL,2019,0
ISL,2018,0
ISL,2017,0
ISL,2016,0
ISL,2015,0
ISL,2014,0
ISL,2013,0
ISL,2012,0
ISL,2011,0
ISL,2010,0
ISL,2009,0
ISL,2008,0
ISL,2007,0
ISL,2006,0
ISL,2005,0
ISL,2004,0
ISL,2003,0
ISL,2002,0
ISL,2001,0
ISL,2000,0
ISL,1999,0
ISL,1998,0
IND,2020,6126800
IND,2019,6126800
IND,2018,6126800
IND,2017,6126800
IND,2016,6126800
IND,2015,6276300
IND,2014,5986300
IND,2013,4681300
IND,2012,4131600
IND,2011,4131600
IND,2010,4131300
IND,2009,4047900
IND,2008,4047900
IND,2007,4047900
IND,2006,4047900
IND,2005,4047900
IND,2004,3727400
IND,2003,3212700
IND,2002,2948900
IND,2001,2665000
IND,2000,2601000
IND,1999,2543000
IND,1998,2263000
IND,1997,2123000
IND,1996,1870000
IND,1995,1870000
IND,1994,1841000
IND,1993,1988000
IND,1992,1926000
IND,1991,1835000
IND,1990,1750000
IND,1989,1658000
IND,1988,1608000
IND,1987,1539000
IND,1986,1446000
IND,1985,1258000
IND,1984,1137000
IND,1983,1085000
IND,1982,876000
IND,1981,827000
IND,1980,840000
IND,1979,1115000
IND,1978,1100000
IND,1977,969700
IND,1976,958700
IND,1975,904000
IND,1974,860000
IND,1973,785000
IND,1972,790000
IND,1971,750000
IND,1970,728000
IND,1969,677000
IND,1968,645000
IND,1967,625000
IND,1966,575000
IND,1965,518800
IND,1964,373200
IND,1963,333500
IND,1962,319500
IND,1961,308000
IDN,2020,8189000
IDN,2019,8189000
IDN,2018,8234000
IDN,2017,7782000
IDN,2016,7269000
IDN,2015,7127000
IDN,2014,6777000
IDN,2013,6782000
IDN,2012,6710000
IDN,2011,6560000
IDN,2010,5820000
IDN,2009,5069000
IDN,2008,5753000
IDN,2007,5282000
IDN,2006,3682000
IDN,2005,4431000
IDN,2004,4431000
IDN,2003,4431000
IDN,2002,4431000
IDN,2001,4431000
IDN,2000,4189000
IDN,1999,1725000
IDN,1998,1895000
IDN,1997,2979000
IDN,1996,2561000
IDN,1995,2022000
IDN,1994,1796000
IDN,1993,1379000
IDN,1992,1150000
IDN,1991,835000
IDN,1990,786000
IDN,1989,501000
IDN,1988,192000
IDN,1987,192000
IDN,1986,221000
IDN,1985,221000
IDN,1984,189000
IDN,1983,158000
IDN,1982,144000
IDN,1981,115000
IDN,1980,77000
IDN,1979,78000
IDN,1978,46000
IDN,1977,35000
IDN,1976,50000
IDN,1975,46000
IDN,1974,42500
IDN,1973,36500
IDN,1972,22500
IDN,1971,17500
IDN,1970,15500
IDN,1969,15100
IDN,1968,11300
IDN,1967,10500
IDN,1966,10500
IDN,1965,10500
IDN,1964,10500
IDN,1963,10500
IDN,1962,8300
IDN,1961,6000
IRN,2020,260000
IRN,2019,260000
IRN,2018,260000
IRN,2017,260000
IRN,2016,260000
IRN,2015,292000
IRN,2014,298000
IRN,2013,298000
IRN,2012,298000
IRN,2011,359000
IRN,2010,257000
IRN,2009,253000
IRN,2008,494000
IRN,2007,547000
IRN,2006,507000
IRN,2005,365000
IRN,2004,345000
IRN,2003,323000
IRN,2002,311000
IRN,2001,45000
IRN,2000,45000
IRN,1999,45000
IRN,1998,45000
IRN,1997,45000
IRN,1996,245000
IRN,1995,245000
IRN,1994,245000
IRN,1993,142000
IRN,1992,142000
IRN,1991,142000
IRN,1990,115000
IRN,1989,90000
IRN,1988,50000
IRN,1987,50000
IRN,1986,50000
IRN,1985,50000
IRN,1984,50000
IRN,1983,50000
IRN,1982,50000
IRN,1981,50000
IRN,1980,50000
IRN,1979,50000
IRN,1978,28000
IRN,1977,28000
IRN,1976,28000
IRN,1975,28000
IRN,1974,27000
IRN,1973,28000
IRN,1972,26000
IRN,1971,24000
IRN,1970,10000
IRN,1969,2600
IRN,1968,2600
IRN,1967,2600
IRN,1966,2600
IRN,1965,2600
IRN,1964,2600
IRN,1963,2400
IRN,1962,2300
IRN,1961,2400
IRQ,2020,2000
IRQ,2019,2000
IRQ,2018,2000
IRQ,2017,2000
IRQ,2016,2000
IRQ,2015,2000
IRQ,2014,2000
IRQ,2013,2000
IRQ,2012,2000
IRQ,2011,2000
IRQ,2010,2000
IRQ,2009,2000
IRQ,2008,2000
IRQ,2007,2000
IRQ,2006,2000
IRQ,2005,2000
IRQ,2004,2000
IRQ,2003,2000
IRQ,2002,2000
IRQ,2001,2000
IRQ,2000,2000
IRQ,1999,11000
IRQ,1998,11000
IRQ,1997,9000
IRQ,1996,9000
IRQ,1995,9000
IRQ,1994,9000
IRQ,1993,9000
IRQ,1992,9000
IRQ,1991,9000
IRQ,1990,9000
IRQ,1989,9000
IRQ,1988,9000
IRQ,1987,9000
IRQ,1986,9000
IRQ,1985,9000
IRQ,1984,9000
IRQ,1983,9000
IRQ,1982,9000
IRQ,1981,9000
IRQ,1980,9000
IRQ,1979,9000
IRQ,1978,9000
IRQ,1977,9000
IRQ,1976,10000
IRQ,1975,1000
IRQ,1974,1000
IRQ,1973,10000
IRQ,1972,4600
IRL,2020,0
IRL,2019,0
IRL,2018,0
IRL,2017,0
IRL,2016,0
IRL,2015,0
IRL,2014,0
IRL,2013,0
IRL,2012,0
IRL,2011,0
IRL,2010,1000
IRL,2009,0
IRL,2008,0
IRL,2007,0
IRL,2006,0
IRL,2005,0
IRL,2004,0
IRL,2003,0
IRL,2002,0
IRL,2001,0
IRL,2000,0
IRL,1999,0
IRL,1998,0
IRL,1997,0
IRL,1996,0
IRL,1995,0
IRL,1994,0
IRL,1987,0
IRL,1980,19000
IRL,1979,26000
IRL,1978,20000
IRL,1977,19000
IRL,1976,14000
IRL,1975,11400
IRL,1974,36000
IRL,1973,39000
IRL,1972,36000
IRL,1971,36000
IRL,1970,35000
IRL,1969,33000
IRL,1968,30000
IRL,1967,28000
IRL,1966,25000
IRL,1965,32000
IRL,1964,36600
IRL,1963,33900
IRL,1962,33400
IRL,1961,23900
ISR,2020,15000
ISR,2019,15000
ISR,2018,15000
ISR,2017,15000
ISR,2016,15000
ISR,2015,15000
ISR,2014,15000
ISR,2013,15000
ISR,2012,15000
ISR,2011,15000
ISR,2010,15000
ISR,2009,15000
ISR,2008,15000
ISR,2007,15000
ISR,2006,15000
ISR,2005,15000
ISR,2004,15000
ISR,2003,15000
ISR,2002,15000
ISR,2001,15000
ISR,2000,15000
ISR,1999,15000
ISR,1998,0
ITA,2020,425471
ITA,2019,536666
ITA,2018,572038
ITA,2017,591237
ITA,2016,594900
ITA,2015,599783
ITA,2014,613780
ITA,2013,584632
ITA,2012,578936
ITA,2011,588907
ITA,2010,571000
ITA,2009,589127
ITA,2008,663885
ITA,2007,667388
ITA,2006,682329
ITA,2005,697501
ITA,2004,657000
ITA,2003,647000
ITA,2002,614803
ITA,2001,619000
ITA,2000,615000
ITA,1999,577000
ITA,1998,664200
ITA,1997,588000
ITA,1996,540000
ITA,1995,579000
ITA,1994,530000
ITA,1993,482000
ITA,1992,513000
ITA,1991,607000
ITA,1990,687000
ITA,1989,786000
ITA,1988,809000
ITA,1987,688000
ITA,1986,669000
ITA,1985,755000
ITA,1984,816000
ITA,1983,829000
ITA,1982,840000
ITA,1981,877000
ITA,1980,940000
ITA,1979,1039000
ITA,1978,1149000
ITA,1977,1086000
ITA,1976,1207000
ITA,1975,1087000
ITA,1974,1242000
ITA,1973,1236000
ITA,1972,1247000
ITA,1971,1159000
ITA,1970,1219000
ITA,1969,1223000
ITA,1968,1118000
ITA,1967,1015000
ITA,1966,959500
ITA,1965,628000
ITA,1964,597100
ITA,1963,560400
ITA,1962,543700
ITA,1961,480100
JPN,2020,7071000
JPN,2019,8390000
JPN,2018,8644000
JPN,2017,8757000
JPN,2016,8656000
JPN,2015,8745000
JPN,2014,8989000
JPN,2013,8791000
JPN,2012,8664000
JPN,2011,9029000
JPN,2010,9426000
JPN,2009,8538000
JPN,2008,10706000
JPN,2007,10850000
JPN,2006,10840000
JPN,2005,10805000
JPN,2004,10703000
JPN,2003,10572000
JPN,2002,10648000
JPN,2001,10735000
JPN,2000,11319000
JPN,1999,10910000
JPN,1998,10921000
JPN,1997,11379000
JPN,1996,11065000
JPN,1995,10980000
JPN,1994,10439000
JPN,1993,10448000
JPN,1992,11032000
JPN,1991,11557000
JPN,1990,11151000
JPN,1989,10797000
JPN,1988,10237000
JPN,1987,9548000
JPN,1986,9075000
JPN,1985,9040000
JPN,1984,8892000
JPN,1983,8601000
JPN,1982,8361000
JPN,1981,8356000
JPN,1980,9488000
JPN,1979,9677000
JPN,1978,9070000
JPN,1977,9107000
JPN,1976,9194000
JPN,1975,8350000
JPN,1974,9596000
JPN,1973,9634000
JPN,1972,8944000
JPN,1971,8494000
JPN,1970,8247000
JPN,1969,7144000
JPN,1968,6345000
JPN,1967,5699000
JPN,1966,5204600
JPN,1965,4694700
JPN,1964,4568600
JPN,1963,4164200
JPN,1962,3816700
JPN,1961,3725400
JOR,2020,8000
JOR,2019,8000
JOR,2018,8000
JOR,2017,8000
JOR,2016,8000
JOR,2015,8000
JOR,2014,8000
JOR,2013,8000
JOR,2012,8000
JOR,2011,8000
JOR,2010,8000
JOR,2009,8000
JOR,2008,8000
JOR,2007,8000
JOR,2006,8000
JOR,2005,8000
JOR,2004,8000
JOR,2003,8000
JOR,2002,8000
JOR,2001,8000
JOR,2000,8000
JOR,1999,8000
JOR,1998,8000
JOR,1997,8000
JOR,1996,8000
JOR,1995,8000
JOR,1994,8000
JOR,1993,8000
JOR,1992,8000
JOR,1991,8000
JOR,1990,8000
JOR,1989,8000
JOR,1988,8000
JOR,1987,8000
JOR,1986,8000
JOR,1985,8000
JOR,1984,8000
JOR,1983,8000
JOR,1982,8000
JOR,1981,8000
JOR,1980,8000
JOR,1979,8000
JOR,1978,8000
JOR,1977,8000
JOR,1976,8000
JOR,1975,8000
JOR,1974,8000
JOR,1973,2000
JOR,1972,2100
JOR,1971,2100
JOR,1970,1500
JOR,1969,2800
JOR,1968,1900
JOR,1967,1500
KAZ,2020,2255
KAZ,2019,2040
KAZ,2018,2129
KAZ,2017,0
KAZ,2016,0
KAZ,2015,0
KAZ,2014,0
KAZ,2013,0
KAZ,2012,0
KAZ,2011,0
KAZ,2010,0
KAZ,2009,0
KAZ,2008,0
KAZ,2007,0
KAZ,2006,0
KAZ,2005,0
KAZ,2004,0
KAZ,2003,0
KAZ,2002,0
KAZ,2001,0
KAZ,2000,0
KAZ,1999,0
KEN,2020,0
KEN,2019,0
KEN,2018,0
KEN,2017,0
KEN,2016,0
KEN,2015,0
KEN,2014,0
KEN,2013,0
KEN,2012,0
KEN,2011,0
KEN,2010,0
KEN,2009,0
KEN,2008,113000
KEN,2007,113000
KEN,2006,113000
KEN,2005,116000
KEN,2004,123000
KEN,2003,96000
KEN,2002,87000
KEN,2001,66000
KEN,2000,66000
KEN,1999,66000
KEN,1998,66000
KEN,1997,66000
KEN,1996,66000
KEN,1995,66000
KEN,1994,63000
KEN,1993,90000
KEN,1992,75000
KEN,1991,58000
KEN,1990,56000
KEN,1989,56000
KEN,1988,55000
KEN,1987,54000
KEN,1986,53000
KEN,1985,52000
KEN,1984,57000
KEN,1983,53000
KEN,1982,53000
KEN,1981,52000
KEN,1980,50000
KEN,1979,47000
KEN,1978,18000
KEN,1977,15000
KEN,1976,15000
KEN,1975,12000
KEN,1974,3000
KGZ,2020,0
KGZ,2019,0
KGZ,2018,0
KGZ,2017,0
KGZ,2016,0
KGZ,2015,0
KGZ,2014,0
KGZ,2013,0
KGZ,2012,0
LVA,2020,0
LVA,2019,0
LVA,2018,0
LVA,2017,0
LVA,2016,0
LVA,2015,0
LVA,2014,0
LVA,2013,0
LVA,2012,0
LVA,2011,0
LVA,2010,0
LVA,2009,0
LVA,2008,0
LVA,2007,0
LVA,2006,0
LVA,2005,0
LVA,2004,0
LVA,2003,0
LVA,2002,0
LVA,2001,0
LVA,2000,0
LVA,1999,0
LVA,1998,0
LVA,1997,0
LVA,1996,2000
LVA,1995,9100
LVA,1994,8100
LVA,1993,16100
LVA,1992,43000
LIE,2020,0
LIE,2019,0
LIE,2018,0
LIE,2017,0
LIE,2016,0
LIE,2015,0
LIE,2014,0
LIE,2013,0
LIE,2012,0
LIE,2011,0
LIE,2010,0
LIE,2009,0
LIE,2008,0
LIE,2007,1000
LIE,2006,1000
LTU,2020,0
LTU,2019,0
LTU,2018,0
LTU,2017,0
LTU,2016,0
LTU,2015,0
LTU,2014,0
LTU,2013,0
LTU,2012,0
LTU,2011,0
LTU,2010,0
LTU,2009,0
LTU,2008,0
LTU,2007,0
LTU,2006,0
LTU,2005,0
LTU,2004,0
LTU,2003,0
LTU,2002,0
LTU,2001,0
LTU,2000,0
LTU,1999,70
LTU,1998,1300
LTU,1997,1000
LTU,1996,2600
LTU,1995,13700
LTU,1994,6800
LTU,1993,10000
LTU,1992,40000
LUX,2020,0
LUX,2019,0
LUX,2018,0
LUX,2017,0
LUX,2016,0
LUX,2015,0
LUX,2014,0
LUX,2013,0
LUX,2012,0
LUX,2011,0
LUX,2010,0
LUX,2009,0
LUX,2008,0
LUX,2007,0
LUX,2006,0
LUX,2005,0
LUX,2004,0
LUX,2003,0
LUX,2002,0
LUX,2001,0
LUX,2000,0
MDG,2020,2000
MDG,2019,2000
MDG,2018,2000
MDG,2017,2000
MDG,2016,2700
MDG,2015,2700
MDG,2014,2700
MDG,2013,2700
MDG,2012,2700
MDG,2011,2700
MDG,2010,2700
MDG,2009,2700
MDG,2008,2700
MDG,2007,2700
MDG,2006,2700
MDG,2005,2700
MDG,2004,2700
MDG,2003,2700
MDG,2002,2700
MDG,2001,2700
MDG,2000,2700
MDG,1999,2500
MDG,1998,2700
MDG,1997,2700
MDG,1996,3300
MDG,1995,3100
MDG,1994,3200
MDG,1993,3700
MDG,1992,3600
MDG,1991,3600
MDG,1990,6200
MDG,1989,6200
MDG,1988,6200
MDG,1987,6200
MDG,1986,7200
MDG,1985,7200
MDG,1984,8600
MDG,1983,9000
MDG,1982,7300
MDG,1981,7300
MDG,1980,7300
MDG,1979,7300
MDG,1978,7300
MDG,1977,7300
MDG,1976,6400
MDG,1975,5573
MDG,1974,6000
MDG,1973,5100
MDG,1972,4000
MDG,1971,2300
MDG,1970,1900
MDG,1969,1800
MDG,1968,1800
MYS,2020,131000
MYS,2019,131000
MYS,2018,131000
MYS,2017,131000
MYS,2016,131000
MYS,2015,131000
MYS,2014,235000
MYS,2013,145000
MYS,2012,145000
MYS,2011,145000
MYS,2010,145000
MYS,2009,145000
MYS,2008,145700
MYS,2007,145700
MYS,2006,145700
MYS,2005,145700
MYS,2004,145700
MYS,2003,145700
MYS,2002,145700
MYS,2001,145700
MYS,2000,123700
MYS,1999,119700
MYS,1998,112700
MYS,1997,91700
MYS,1996,102700
MYS,1995,105700
MYS,1994,103700
MYS,1993,88700
MYS,1992,700
MYS,1991,700
MYS,1990,700
MYS,1989,700
MYS,1988,700
MYS,1987,700
MYS,1986,700
MYS,1985,700
MYS,1984,700
MYS,1983,700
MYS,1982,700
MYS,1981,700
MYS,1980,700
MYS,1979,700
MYS,1978,700
MYS,1977,700
MYS,1976,700
MYS,1975,700
MYS,1974,700
MYS,1973,700
MYS,1972,700
MYS,1971,700
MYS,1970,700
MYS,1969,600
MYS,1968,500
MYS,1967,300
MYS,1966,100
MLT,2020,0
MLT,2019,0
MLT,2018,0
MLT,2017,0
MLT,2016,0
MLT,2015,0
MLT,2014,0
MLT,2013,0
MLT,2012,0
MLT,2011,0
MLT,2010,0
MLT,2009,0
MLT,2008,0
MLT,2007,0
MLT,2006,0
MLT,2005,0
MLT,2004,0
MLT,2003,0
MLT,2002,0
MLT,2001,0
MLT,2000,0
MLT,1999,0
MLT,1998,0
MUS,2020,0
MUS,2019,0
MUS,2018,0
MUS,2017,0
MUS,2016,0
MUS,2015,0
MUS,2014,0
MUS,2013,0
MUS,2012,0
MUS,2011,0
MUS,2010,0
MUS,2009,0
MEX,2020,138900
MEX,2019,140000
MEX,2018,142000
MEX,2017,142000
MEX,2016,152000
MEX,2015,153000
MEX,2014,132000
MEX,2013,159000
MEX,2012,142000
MEX,2011,168000
MEX,2010,175000
MEX,2009,195000
MEX,2008,345000
MEX,2007,329000
MEX,2006,330000
MEX,2005,329000
MEX,2004,338000
MEX,2003,508000
MEX,2002,486000
MEX,2001,385000
MEX,2000,569000
MEX,1999,538000
MEX,1998,606000
MEX,1997,452600
MEX,1996,511000
MEX,1995,415600
MEX,1994,292000
MEX,1993,343000
MEX,1992,559000
MEX,1991,704000
MEX,1990,773000
MEX,1989,815000
MEX,1988,947000
MEX,1987,780000
MEX,1986,772000
MEX,1985,822000
MEX,1984,775000
MEX,1983,740000
MEX,1982,750000
MEX,1981,745000
MEX,1980,672000
MEX,1979,719000
MEX,1978,708000
MEX,1977,672000
MEX,1976,619000
MEX,1975,551000
MEX,1974,565000
MEX,1973,513000
MEX,1972,482000
MEX,1971,474000
MEX,1970,474000
MEX,1969,427000
MEX,1968,393000
MEX,1967,380000
MEX,1966,354000
MEX,1965,337800
MEX,1964,281000
MEX,1963,264600
MEX,1962,239800
MEX,1961,216900
MNE,2020,0
MNE,2019,0
MNE,2018,0
MNE,2017,0
MNE,2016,0
MNE,2015,0
MNE,2014,0
MNE,2013,0
MNE,2012,0
MNE,2011,0
MNE,2010,0
MNE,2009,0
MNE,2008,0
MNE,2007,0
MNE,2006,0
MAR,2020,5000
MAR,2019,5000
MAR,2018,5000
MAR,2017,5000
MAR,2016,5000
MAR,2015,5000
MAR,2014,5000
MAR,2013,156000
MAR,2012,156000
MAR,2011,156000
MAR,2010,156000
MAR,2009,146000
MAR,2008,151000
MAR,2007,151000
MAR,2006,94000
MAR,2005,94000
MAR,2004,94000
MAR,2003,94000
MAR,2002,94000
MAR,2001,94000
MAR,2000,130000
MAR,1999,112000
MAR,1998,118000
MAR,1997,115000
MAR,1996,104000
MAR,1995,104000
MAR,1994,108000
MAR,1993,97000
MAR,1992,108000
MAR,1991,96000
MAR,1990,105000
MAR,1989,113000
MAR,1988,113000
MAR,1987,86000
MAR,1986,86000
MAR,1985,86000
MAR,1984,88000
MAR,1983,91000
MAR,1982,85000
MAR,1981,80000
MAR,1980,88000
MAR,1979,87000
MAR,1978,71000
MAR,1977,61000
MAR,1976,48000
MAR,1975,58500
MAR,1974,50000
MAR,1973,48700
MAR,1972,37000
MAR,1971,46000
MAR,1970,45000
MAR,1969,43000
MAR,1968,38800
MAR,1967,29500
MAR,1966,30500
MAR,1965,35900
MAR,1964,30600
MAR,1963,30300
MAR,1962,24000
MAR,1961,21600
MMR,2020,1000
MMR,2019,1000
MMR,2018,38600
MMR,2017,38600
MMR,2016,39800
MMR,2015,39800
MMR,2014,39800
MMR,2013,39800
MMR,2012,39800
MMR,2011,39800
MMR,2010,39800
MMR,2009,39800
MMR,2008,39800
MMR,2007,39800
MMR,2006,39800
MMR,2005,39800
MMR,2004,15200
MMR,2003,14500
MMR,2002,18200
MMR,2001,47000
MMR,2000,42000
MMR,1999,39000
MMR,1998,17000
MMR,1997,19000
MMR,1996,9000
MMR,1995,9000
MMR,1994,9000
MMR,1993,1000
MMR,1992,2000
MMR,1991,2000
MMR,1990,2000
MMR,1989,3000
MMR,1988,6000
MMR,1987,6000
MMR,1986,18000
MMR,1985,15000
MMR,1984,13000
MMR,1983,13000
MMR,1982,13000
MMR,1981,13000
MMR,1980,13000
MMR,1979,13000
MMR,1978,13000
MMR,1977,13000
MMR,1976,13000
MMR,1975,13000
MMR,1974,13000
MMR,1973,13000
MMR,1972,10000
MMR,1971,500
NPL,2020,15000
NPL,2019,15000
NPL,2018,15000
NPL,2017,15000
NPL,2016,15000
NPL,2015,15000
NPL,2014,15000
NPL,2013,15000
NPL,2012,15000
NPL,2011,15000
NPL,2010,15000
NPL,2009,15000
NPL,2008,15000
NPL,2007,15000
NPL,2006,15000
NPL,2005,15000
NPL,2004,15000
NPL,2003,15000
NPL,2002,15000
NPL,2001,15000
NPL,2000,15000
NPL,1999,15000
NPL,1998,15000
NPL,1997,15000
NPL,1996,15000
NPL,1995,15000
NPL,1994,15000
NPL,1993,15000
NPL,1992,15000
NPL,1991,15000
NPL,1990,15000
NPL,1989,15000
NPL,1988,15000
NPL,1987,15000
NPL,1986,15000
NPL,1985,15000
NPL,1984,15000
NPL,1983,15000
NPL,1982,15000
NPL,1981,15000
NPL,1980,15000
NPL,1979,15000
NPL,1978,15000
NPL,1977,15000
NPL,1976,15000
NPL,1975,15000
NPL,1974,15000
NPL,1973,15000
NPL,1972,15000
NPL,1971,15000
NPL,1970,15000
NPL,1969,15000
NPL,1968,13100
NPL,1967,11200
NPL,1966,10300
NPL,1965,9300
NPL,1964,7500
NPL,1963,7500
NPL,1962,8000
NPL,1961,2000
NLD,2020,37000
NLD,2019,33821
NLD,2018,37000
NLD,2017,37400
NLD,2016,29000
NLD,2015,44200
NLD,2014,44000
NLD,2013,40600
NLD,2012,39400
NLD,2011,34000
NLD,2010,96855
NLD,2009,71507
NLD,2008,141559
NLD,2007,139380
NLD,2006,177000
NLD,2005,117000
NLD,2004,119000
NLD,2003,124000
NLD,2002,118000
NLD,2001,129500
NLD,2000,137000
NLD,1999,117000
NLD,1998,129000
NLD,1997,138000
NLD,1996,128000
NLD,1995,151000
NLD,1994,122000
NLD,1993,122000
NLD,1992,138000
NLD,1991,178000
NLD,1990,193000
NLD,1989,167000
NLD,1988,182000
NLD,1987,135000
NLD,1986,134500
NLD,1985,139000
NLD,1984,153000
NLD,1983,148000
NLD,1982,141000
NLD,1981,206000
NLD,1980,207000
NLD,1979,152000
NLD,1978,160000
NLD,1977,176000
NLD,1976,215000
NLD,1975,238000
NLD,1974,383000
NLD,1973,384000
NLD,1972,375000
NLD,1971,369000
NLD,1970,472000
NLD,1969,490000
NLD,1968,538000
NLD,1967,529000
NLD,1966,569000
NLD,1965,573000
NLD,1964,557000
NLD,1963,533000
NLD,1962,536000
NLD,1961,553000
NZL,2020,1290000
NZL,2019,1219871
NZL,2018,1430392
NZL,2017,1368502
NZL,2016,1482300
NZL,2015,1471762
NZL,2014,1517442
NZL,2013,1433049
NZL,2012,1579490
NZL,2011,1617264
NZL,2010,1542795
NZL,2009,1520386
NZL,2008,1543681
NZL,2007,1533040
NZL,2006,1487732
NZL,2005,1604961
NZL,2004,1596787
NZL,2003,1419000
NZL,2002,1551000
NZL,2001,1501000
NZL,2000,1606000
NZL,1999,1467000
NZL,1998,1418000
NZL,1997,1407000
NZL,1996,1355000
NZL,1995,1410000
NZL,1994,1359000
NZL,1993,1368000
NZL,1992,1282000
NZL,1991,1350000
NZL,1990,1234000
NZL,1989,1259000
NZL,1988,1211000
NZL,1987,1108000
NZL,1986,1110000
NZL,1985,1135000
NZL,1984,1072000
NZL,1983,1042000
NZL,1982,1134000
NZL,1981,1205000
NZL,1980,1122000
NZL,1979,1043000
NZL,1978,1097000
NZL,1977,1084000
NZL,1976,1103000
NZL,1975,953000
NZL,1974,893000
NZL,1973,816000
NZL,1972,600300
NZL,1971,580600
NZL,1970,576000
NZL,1969,561800
NZL,1968,493800
NZL,1967,481100
NZL,1966,436100
NZL,1965,417500
NZL,1964,402700
NZL,1963,375400
NZL,1962,308400
NZL,1961,280000
NGA,2020,23000
NGA,2019,23000
NGA,2018,23000
NGA,2017,23000
NGA,2016,23000
NGA,2015,23000
NGA,2014,23000
NGA,2013,23000
NGA,2012,23000
NGA,2011,23000
NGA,2010,23000
NGA,2009,23000
NGA,2008,23000
NGA,2007,23000
NGA,2006,23000
NGA,2005,23000
NGA,2004,23000
NGA,2003,23000
NGA,2002,23000
NGA,2001,23000
NGA,2000,23000
NGA,1999,23000
NGA,1998,23000
NGA,1997,15000
NGA,1996,6600
NGA,1995,6600
NGA,1994,6600
NGA,1993,6600
NGA,1992,6600
NGA,1991,6600
NGA,1990,6600
NGA,1989,6600
NGA,1988,16600
NGA,1987,16600
NGA,1986,16600
NGA,1985,13600
NGA,1984,2000
MKD,2020,0
MKD,2019,0
MKD,2018,0
MKD,2017,0
MKD,2016,0
MKD,2015,0
MKD,2014,0
MKD,2013,0
MKD,2012,0
MKD,2011,0
MKD,2010,0
MKD,2009,0
MKD,2008,0
MKD,2007,0
MKD,2006,0
MKD,2005,0
MKD,2004,0
MKD,2003,0
MKD,2002,0
MKD,2001,0
MKD,2000,0
MKD,1999,716
MKD,1998,1213
MKD,1997,1000
MKD,1996,1000
MKD,1995,4000
NOR,2020,826000
NOR,2019,833000
NOR,2018,885000
NOR,2017,902000
NOR,2016,874000
NOR,2015,751000
NOR,2014,763000
NOR,2013,1088000
NOR,2012,1242000
NOR,2011,1605000
NOR,2010,1884000
NOR,2009,1672000
NOR,2008,2099000
NOR,2007,2233000
NOR,2006,2303000
NOR,2005,2324000
NOR,2004,2389000
NOR,2003,2255000
NOR,2002,2174000
NOR,2001,2273000
NOR,2000,2395000
NOR,1999,2354000
NOR,1998,2420600
NOR,1997,2362000
NOR,1996,2270000
NOR,1995,2485000
NOR,1994,2215000
NOR,1993,2024000
NOR,1992,1863400
NOR,1991,1960000
NOR,1990,2045000
NOR,1989,2055000
NOR,1988,1834000
NOR,1987,1810000
NOR,1986,1824000
NOR,1985,1851000
NOR,1984,1738000
NOR,1983,1506000
NOR,1982,1411000
NOR,1981,1474000
NOR,1980,1373000
NOR,1979,1410000
NOR,1978,1276000
NOR,1977,1403000
NOR,1976,1629000
NOR,1975,1563000
NOR,1974,2006000
NOR,1973,1932000
NOR,1972,1847000
NOR,1971,1878000
NOR,1970,2083000
NOR,1969,1969000
NOR,1968,1886000
NOR,1967,1601000
NOR,1966,1644000
NOR,1965,1688000
NOR,1964,1668000
NOR,1963,1474000
NOR,1962,1379000
NOR,1961,1400000
PAK,2020,452000
PAK,2019,452000
PAK,2018,452000
PAK,2017,452000
PAK,2016,452000
PAK,2015,452000
PAK,2014,452000
PAK,2013,452000
PAK,2012,452000
PAK,2011,452000
PAK,2010,452000
PAK,2009,452000
PAK,2008,452000
PAK,2007,426000
PAK,2006,413000
PAK,2005,413000
PAK,2004,386000
PAK,2003,406000
PAK,2002,393000
PAK,2001,393000
PAK,2000,249000
PAK,1999,207000
PAK,1998,207000
PAK,1997,170000
PAK,1996,165000
PAK,1995,160000
PAK,1994,150000
PAK,1993,145000
PAK,1992,145000
PAK,1991,159000
PAK,1990,183000
PAK,1989,181000
PAK,1988,177000
PAK,1987,118000
PAK,1986,107000
PAK,1985,108000
PAK,1984,108000
PAK,1983,80000
PAK,1982,56000
PAK,1981,56000
PAK,1980,56000
PAK,1979,56000
PAK,1978,56000
PAK,1977,50000
PAK,1976,50000
PAK,1975,50000
PAK,1974,50000
PAK,1973,50000
PAK,1972,50000
PAK,1971,42000
PAK,1970,27800
PAK,1969,43800
PAK,1968,46300
PAK,1967,50000
PAK,1966,55500
PAK,1965,55800
PAK,1964,42500
PAK,1963,29000
PAK,1962,23500
PAK,1961,24500
PER,2020,0
PER,2019,0
PER,2018,0
PER,2017,0
PER,2016,0
PER,2015,0
PER,2014,17000
PER,2013,17000
PER,2012,17000
PER,2011,17000
PER,2010,17000
PER,2009,17000
PER,2008,17000
PER,2007,17000
PER,2006,17000
PER,2005,17000
PER,2004,17000
PER,2003,17000
PER,2002,17000
PER,2001,17000
PER,2000,17000
PER,1999,17000
PER,1998,17000
PER,1997,48000
PER,1996,48000
PER,1995,48000
PER,1994,23000
PER,1993,82000
PER,1992,175000
PER,1991,175000
PER,1990,132000
PER,1989,183000
PER,1988,165000
PER,1987,163000
PER,1986,203000
PER,1985,145000
PER,1984,76000
PER,1983,76000
PER,1982,101000
PER,1981,123500
PER,1980,146700
PER,1979,160200
PER,1978,102000
PER,1977,102500
PER,1976,95900
PER,1975,92800
PER,1974,104000
PER,1973,80000
PER,1972,91000
PER,1971,78000
PER,1970,57800
PER,1969,57200
PER,1968,46900
PER,1967,42800
PER,1966,54100
PER,1965,50800
PER,1964,42700
PER,1963,41600
PER,1962,26100
PER,1961,27000
PHL,2020,33000
PHL,2019,25000
PHL,2018,26000
PHL,2017,25000
PHL,2016,23000
PHL,2015,25000
PHL,2014,25000
PHL,2013,25000
PHL,2012,20000
PHL,2011,212000
PHL,2010,212000
PHL,2009,212000
PHL,2008,212000
PHL,2007,212000
PHL,2006,212000
PHL,2005,212000
PHL,2004,212000
PHL,2003,211000
PHL,2002,202000
PHL,2001,202000
PHL,2000,202000
PHL,1999,200000
PHL,1998,149000
PHL,1997,149000
PHL,1996,149000
PHL,1995,149000
PHL,1994,126000
PHL,1993,147000
PHL,1992,178000
PHL,1991,174000
PHL,1990,175000
PHL,1989,175000
PHL,1988,195000
PHL,1987,195000
PHL,1986,195000
PHL,1985,205000
PHL,1984,211000
PHL,1983,197000
PHL,1982,177000
PHL,1981,164000
PHL,1980,163000
PHL,1979,202000
PHL,1978,196000
PHL,1977,169000
PHL,1976,174000
PHL,1975,118000
PHL,1974,182000
PHL,1973,184000
PHL,1972,63000
PHL,1971,84000
PHL,1970,63000
PHL,1969,69000
PHL,1968,66000
PHL,1967,61000
PHL,1966,59000
PHL,1965,56000
PHL,1964,55000
PHL,1963,48000
PHL,1962,25000
PHL,1961,18000
POL,2020,1776500
POL,2019,1681281
POL,2018,1720605
POL,2017,1735411
POL,2016,1654934
POL,2015,1159742
POL,2014,1181435
POL,2013,1216011
POL,2012,1151500
POL,2011,1210360
POL,2010,1179755
POL,2009,1145189
POL,2008,1151025
POL,2007,1166206
POL,2006,1062300
POL,2005,1050900
POL,2004,1029000
POL,2003,1029000
POL,2002,1025000
POL,2001,977000
POL,2000,994000
POL,1999,909000
POL,1998,930000
POL,1997,841000
POL,1996,834000
POL,1995,833000
POL,1994,798000
POL,1993,724000
POL,1992,694000
POL,1991,679000
POL,1990,693000
POL,1989,785000
POL,1988,780000
POL,1987,772000
POL,1986,739000
POL,1985,738000
POL,1984,738100
POL,1983,800000
POL,1982,589000
POL,1981,588000
POL,1980,643000
POL,1979,605000
POL,1978,649000
POL,1977,676000
POL,1976,688000
POL,1975,627000
POL,1974,682000
POL,1973,685200
POL,1972,623900
POL,1971,569400
POL,1970,562400
POL,1969,539500
POL,1968,542500
POL,1967,535500
POL,1966,527700
POL,1965,474600
POL,1964,462000
POL,1963,458000
POL,1962,454000
POL,1961,437500
PRT,2020,2591600
PRT,2019,2643800
PRT,2018,2666400
PRT,2017,2647500
PRT,2016,2624400
PRT,2015,2612300
PRT,2014,2625900
PRT,2013,2536674
PRT,2012,2452030
PRT,2011,2265100
PRT,2010,1837514
PRT,2009,2066634
PRT,2008,2021757
PRT,2007,2092175
PRT,2006,2065000
PRT,2005,1990000
PRT,2004,1949000
PRT,2003,1935000
PRT,2002,1929000
PRT,2001,1806000
PRT,2000,1774000
PRT,1999,1755000
PRT,1998,1708000
PRT,1997,1703000
PRT,1996,1608000
PRT,1995,1630000
PRT,1994,1552000
PRT,1993,1533000
PRT,1992,1605000
PRT,1991,1632000
PRT,1990,1462000
PRT,1989,1495000
PRT,1988,1485000
PRT,1987,1421000
PRT,1986,1388000
PRT,1985,1328000
PRT,1984,1010000
PRT,1983,972400
PRT,1982,896100
PRT,1981,717800
PRT,1980,677800
PRT,1979,733300
PRT,1978,605000
PRT,1977,527000
PRT,1976,492000
PRT,1975,555000
PRT,1974,601000
PRT,1973,549000
PRT,1972,525000
PRT,1971,481100
PRT,1970,434800
PRT,1969,367900
PRT,1968,288700
PRT,1967,242600
PRT,1966,216700
PRT,1965,195600
PRT,1964,163700
PRT,1963,131600
PRT,1962,109700
PRT,1961,107000
ROU,2020,0
ROU,2019,0
ROU,2018,0
ROU,2017,0
ROU,2016,0
ROU,2015,0
ROU,2014,0
ROU,2013,0
ROU,2012,0
ROU,2011,0
ROU,2010,0
ROU,2009,15000
ROU,2008,42438
ROU,2007,169000
ROU,2006,150000
ROU,2005,161000
ROU,2004,262000
ROU,2003,290000
ROU,2002,274000
ROU,2001,268000
ROU,2000,292600
ROU,1999,200700
ROU,1998,217000
ROU,1997,248000
ROU,1996,247000
ROU,1995,295000
ROU,1994,221000
ROU,1993,315000
ROU,1992,315000
ROU,1991,314000
ROU,1990,432000
ROU,1989,575000
ROU,1988,649000
ROU,1987,649000
ROU,1986,649000
ROU,1985,649000
ROU,1984,649000
ROU,1983,649000
ROU,1982,649000
ROU,1981,691000
ROU,1980,712000
ROU,1979,727000
ROU,1978,742000
ROU,1977,663000
ROU,1976,689000
ROU,1975,689000
ROU,1974,625000
ROU,1973,537000
ROU,1972,536000
ROU,1971,521000
ROU,1970,456000
ROU,1969,479000
ROU,1968,473000
ROU,1967,433600
ROU,1966,369000
ROU,1965,321000
ROU,1964,300000
ROU,1963,270200
ROU,1962,224600
ROU,1961,190900
RUS,2020,8865000
RUS,2019,8327000
RUS,2018,8679000
RUS,2017,8392000
RUS,2016,8452000
RUS,2015,8174186
RUS,2014,7603000
RUS,2013,7571000
RUS,2012,7572000
RUS,2011,7845006
RUS,2010,7346000
RUS,2009,6615000
RUS,2008,7003000
RUS,2007,6826000
RUS,2006,6882000
RUS,2005,6877000
RUS,2004,6780000
RUS,2003,6605000
RUS,2002,6377000
RUS,2001,6021700
RUS,2000,5752000
RUS,1999,5010000
RUS,1998,3909000
RUS,1997,3657000
RUS,1996,3740000
RUS,1995,4863000
RUS,1994,3726000
RUS,1993,4779000
RUS,1992,6222000
SRB,2020,0
SRB,2019,0
SRB,2018,0
SRB,2017,0
SRB,2016,0
SRB,2015,0
SRB,2014,0
SRB,2013,0
SRB,2012,0
SRB,2011,0
SRB,2010,0
SRB,2009,0
SRB,2008,20000
SRB,2007,16000
SRB,2006,14000
SYC,2020,0
SYC,2019,0
SYC,2018,0
SYC,2017,0
SYC,2016,0
SYC,2015,0
SYC,2014,0
SYC,2013,0
SYC,2012,0
SYC,2011,0
SYC,2010,0
SYC,2009,0
SYC,2008,0
SVK,2020,688592
SVK,2019,654004
SVK,2018,687861
SVK,2017,728132
SVK,2016,698500
SVK,2015,707343
SVK,2014,718000
SVK,2013,700000
SVK,2012,710000
SVK,2011,715250
SVK,2010,637360
SVK,2009,688718
SVK,2008,693247
SVK,2007,664000
SVK,2006,626000
SVK,2005,609000
SVK,2004,520000
SVK,2003,479000
SVK,2002,453000
SVK,2001,671000
SVK,2000,608000
SVK,1999,556000
SVK,1998,324000
SVK,1997,136000
SVK,1996,252000
SVK,1995,246000
SVK,1994,340000
SVK,1993,211500
SVN,2020,89000
SVN,2019,92000
SVN,2018,92000
SVN,2017,95000
SVN,2016,85000
SVN,2015,90000
SVN,2014,80000
SVN,2013,75372
SVN,2012,58000
SVN,2011,43000
SVN,2010,43000
SVN,2009,172300
SVN,2008,174537
SVN,2007,50000
SVN,2006,170000
SVN,2005,161179
SVN,2004,192299
SVN,2003,180210
SVN,2002,153000
SVN,2001,153000
SVN,2000,153000
SVN,1999,153000
SVN,1998,142000
SVN,1997,133000
SVN,1996,104000
SVN,1995,113000
SVN,1994,116000
SVN,1993,69000
SVN,1992,103000
ZAF,2020,1037916
ZAF,2019,1182076
ZAF,2018,1230000
ZAF,2017,1354399
ZAF,2016,1350704
ZAF,2015,1410188
ZAF,2014,1484790
ZAF,2013,1612269
ZAF,2012,1615000
ZAF,2011,1650000
ZAF,2010,1669000
ZAF,2009,1551000
ZAF,2008,1938764
ZAF,2007,1862000
ZAF,2006,1793000
ZAF,2005,1709000
ZAF,2004,1709000
ZAF,2003,1782000
ZAF,2002,1866000
ZAF,2001,1742000
ZAF,2000,1819000
ZAF,1999,1757000
ZAF,1998,1863000
ZAF,1997,1845000
ZAF,1996,1547000
ZAF,1995,1547000
ZAF,1994,1149000
ZAF,1993,1519000
ZAF,1992,1518000
ZAF,1991,1559000
ZAF,1990,1564000
ZAF,1989,1549000
ZAF,1988,802000
ZAF,1987,802000
ZAF,1986,802000
ZAF,1985,788000
ZAF,1984,676100
ZAF,1983,819100
ZAF,1982,880100
ZAF,1981,766100
ZAF,1980,716100
ZAF,1979,668100
ZAF,1978,640000
ZAF,1977,611000
ZAF,1976,524000
ZAF,1975,534000
ZAF,1974,581000
ZAF,1973,564000
ZAF,1972,515000
ZAF,1971,471000
ZAF,1970,457000
ZAF,1969,444000
ZAF,1968,482000
ZAF,1967,486000
ZAF,1966,444000
ZAF,1965,442000
ZAF,1964,422000
ZAF,1963,362000
ZAF,1962,284000
ZAF,1961,212000
ESP,2020,1365083
ESP,2019,1456201
ESP,2018,1821000
ESP,2017,1895676
ESP,2016,2090657
ESP,2015,2444200
ESP,2014,2647790
ESP,2013,3020559
ESP,2012,2858500
ESP,2011,2847130
ESP,2010,2746110
ESP,2009,2614400
ESP,2008,2877900
ESP,2007,2951000
ESP,2006,2863200
ESP,2005,2723000
ESP,2004,2006600
ESP,2003,1906000
ESP,2002,1733000
ESP,2001,1733000
ESP,2000,1713000
ESP,1999,1692050
ESP,1998,1620400
ESP,1997,1570000
ESP,1996,1461600
ESP,1995,1576900
ESP,1994,1432000
ESP,1993,1421000
ESP,1992,1616000
ESP,1991,1683000
ESP,1990,1651000
ESP,1989,1822000
ESP,1988,1794000
ESP,1987,1700000
ESP,1986,1579000
ESP,1985,1434000
ESP,1984,1453000
ESP,1983,1412000
ESP,1982,1360000
ESP,1981,1365000
ESP,1980,1329000
ESP,1979,1171000
ESP,1978,1235000
ESP,1977,1260000
ESP,1976,1230000
ESP,1975,1022000
ESP,1974,1093000
ESP,1973,927000
ESP,1972,854000
ESP,1971,768000
ESP,1970,701800
ESP,1969,631500
ESP,1968,579900
ESP,1967,509400
ESP,1966,516700
ESP,1965,336800
ESP,1964,300900
ESP,1963,268900
ESP,1962,233600
ESP,1961,183400
LKA,2020,21100
LKA,2019,21100
LKA,2018,21100
LKA,2017,21100
LKA,2016,21100
LKA,2015,21100
LKA,2014,21100
LKA,2013,21100
LKA,2012,21100
LKA,2011,21100
LKA,2010,21100
LKA,2009,21100
LKA,2008,21100
LKA,2007,21100
LKA,2006,21100
LKA,2005,21100
LKA,2004,21100
LKA,2003,21100
LKA,2002,21100
LKA,2001,21100
LKA,2000,2200
LKA,1999,9500
LKA,1998,9500
LKA,1997,9500
LKA,1996,9500
LKA,1995,8700
LKA,1994,4000
LKA,1993,4000
LKA,1992,3700
LKA,1991,6000
LKA,1990,5800
LKA,1989,3200
LKA,1988,6000
LKA,1987,6000
LKA,1986,6000
LKA,1985,6000
LKA,1984,14000
LKA,1983,10000
LKA,1982,10300
LKA,1981,10300
LKA,1980,10400
LKA,1979,9300
LKA,1978,10000
LKA,1977,6000
LKA,1976,5000
LKA,1975,6000
LKA,1974,10000
LKA,1973,6200
LKA,1972,5100
LKA,1971,4600
LKA,1970,4800
LKA,1969,4200
LKA,1968,4300
LKA,1967,4500
LKA,1966,4000
LKA,1965,1900
LKA,1964,2600
LKA,1963,1800
LKA,1962,1700
LKA,1961,1600
SWE,2020,11566929
SWE,2019,11595143
SWE,2018,11514000
SWE,2017,11654000
SWE,2016,11289011
SWE,2015,11086999
SWE,2014,10991025
SWE,2013,11222000
SWE,2012,11658000
SWE,2011,11654000
SWE,2010,11702402
SWE,2009,11280076
SWE,2008,11915479
SWE,2007,12402000
SWE,2006,12240000
SWE,2005,11959000
SWE,2004,12106000
SWE,2003,11737200
SWE,2002,11712000
SWE,2001,11386000
SWE,2000,11903000
SWE,1999,10693000
SWE,1998,10549000
SWE,1997,10497000
SWE,1996,9847000
SWE,1995,10187000
SWE,1994,10168000
SWE,1993,9953000
SWE,1992,9590000
SWE,1991,9769000
SWE,1990,9919000
SWE,1989,10338000
SWE,1988,10307000
SWE,1987,9972000
SWE,1986,9380000
SWE,1985,9079000
SWE,1984,9193000
SWE,1983,8568000
SWE,1982,7609000
SWE,1981,8433000
SWE,1980,8577000
SWE,1979,8887000
SWE,1978,8326000
SWE,1977,7422000
SWE,1976,8134000
SWE,1975,8099000
SWE,1974,9400000
SWE,1973,9121000
SWE,1972,7963000
SWE,1971,7444000
SWE,1970,7828000
SWE,1969,7302000
SWE,1968,6713000
SWE,1967,6408200
SWE,1966,6157600
SWE,1965,6229000
SWE,1964,5920000
SWE,1963,5239000
SWE,1962,4804000
SWE,1961,4840000
CHE,2020,72139
CHE,2019,91498
CHE,2018,101336
CHE,2017,111097
CHE,2016,113136
CHE,2015,121526
CHE,2014,136332
CHE,2013,113227
CHE,2012,133881
CHE,2011,141604
CHE,2010,123904
CHE,2009,131695
CHE,2008,141779
CHE,2007,243962
CHE,2006,165000
CHE,2005,219000
CHE,2004,237000
CHE,2003,264000
CHE,2002,279736
CHE,2001,279510
CHE,2000,244000
CHE,1999,245000
CHE,1998,225000
CHE,1997,265000
CHE,1996,244000
CHE,1995,254000
CHE,1994,263000
CHE,1993,260000
CHE,1992,294000
CHE,1991,328000
CHE,1990,341000
CHE,1989,329000
CHE,1988,335000
CHE,1987,324000
CHE,1986,310000
CHE,1985,315000
CHE,1984,302000
CHE,1983,284000
CHE,1982,284000
CHE,1981,296000
CHE,1980,285000
CHE,1979,272000
CHE,1978,241000
CHE,1977,230000
CHE,1976,222000
CHE,1975,223000
CHE,1974,255000
CHE,1973,250000
CHE,1972,234000
CHE,1971,233000
CHE,1970,268000
CHE,1969,257000
CHE,1968,253000
CHE,1967,260000
CHE,1966,266000
CHE,1965,250000
CHE,1964,250000
CHE,1963,250000
CHE,1962,250000
CHE,1961,245000
TJK,2020,0
TJK,2019,0
TJK,2018,0
TJK,2017,0
TJK,2016,0
TJK,2015,0
TJK,2014,0
TJK,2013,0
TJK,2012,0
TJK,2011,0
TJK,2010,0
TJK,2009,0
TJK,2008,0
TJK,2007,0
TJK,2006,0
TJK,2005,0
TJK,2004,0
THA,2020,1191000
THA,2019,1169000
THA,2018,1186000
THA,2017,1138000
THA,2016,1149000
THA,2015,1043000
THA,2014,1143000
THA,2013,1143000
THA,2012,1107000
THA,2011,1132000
THA,2010,1140000
THA,2009,1189000
THA,2008,1045000
THA,2007,1239000
THA,2006,1146000
THA,2005,990000
THA,2004,990000
THA,2003,990000
THA,2002,999000
THA,2001,999000
THA,2000,844000
THA,1999,836000
THA,1998,772000
THA,1997,573000
THA,1996,502000
THA,1995,294000
THA,1994,241000
THA,1993,178000
THA,1992,180000
THA,1991,148000
THA,1990,44000
THA,1989,44000
THA,1988,44000
THA,1987,44000
THA,1986,44000
THA,1985,44000
THA,1984,43000
THA,1983,41000
THA,1982,43000
THA,1981,37000
THA,1980,37000
THA,1979,36000
THA,1978,38000
THA,1977,52000
THA,1976,52000
THA,1975,38000
THA,1974,26000
THA,1973,36000
THA,1972,27000
THA,1971,22000
THA,1970,18000
THA,1969,10400
THA,1968,8800
THA,1967,2000
THA,1966,1800
THA,1965,2400
THA,1964,2800
THA,1963,2200
THA,1962,2200
THA,1961,2600
TTO,2020,0
TTO,2019,0
TTO,2018,0
TTO,2017,0
TTO,2016,0
TTO,2015,0
TTO,2014,0
TTO,2013,0
TTO,2012,0
TTO,2011,0
TTO,2010,0
TTO,2009,0
TTO,2008,0
TTO,2007,0
TTO,2006,0
TTO,2005,0
TTO,2004,0
TTO,2003,0
TTO,2002,0
TTO,2001,0
TTO,2000,0
TTO,1999,0
TTO,1998,0
TTO,1997,0
TTO,1996,0
TTO,1995,0
TTO,1994,0
TTO,1987,0
TTO,1968,200
TTO,1967,100
TTO,1966,2700
TTO,1965,3000
TTO,1964,7500
TTO,1963,6500
TTO,1962,6700
TTO,1961,9200
TUN,2020,2000
TUN,2019,2000
TUN,2018,2000
TUN,2017,2000
TUN,2016,2000
TUN,2015,2000
TUN,2014,2000
TUN,2013,2000
TUN,2012,2000
TUN,2011,10000
TUN,2010,10000
TUN,2009,10000
TUN,2008,10000
TUN,2007,10000
TUN,2006,10000
TUN,2005,10000
TUN,2004,10000
TUN,2003,10000
TUN,2002,10000
TUN,2001,10000
TUN,2000,12000
TUN,1999,14000
TUN,1998,14000
TUN,1997,16000
TUN,1996,12000
TUN,1995,12000
TUN,1994,12000
TUN,1993,12000
TUN,1992,12000
TUN,1991,11700
TUN,1990,18000
TUN,1989,20000
TUN,1988,25000
TUN,1987,17000
TUN,1986,17000
TUN,1985,15000
TUN,1984,11000
TUN,1983,18000
TUN,1982,20000
TUN,1981,21000
TUN,1980,22000
TUN,1979,22000
TUN,1978,22000
TUN,1977,21000
TUN,1976,22000
TUN,1975,21000
TUN,1974,23000
TUN,1973,23000
TUN,1972,22000
TUN,1971,21000
TUN,1970,18900
TUN,1969,21000
TUN,1968,20000
TUN,1967,21600
TUN,1966,21600
TUN,1965,13300
TUN,1964,10500
TUR,2020,123000
TUR,2019,123000
TUR,2018,123000
TUR,2017,123000
TUR,2016,123000
TUR,2015,109000
TUR,2014,123000
TUR,2013,118000
TUR,2012,116000
TUR,2011,128000
TUR,2010,118000
TUR,2009,109000
TUR,2008,118000
TUR,2007,128000
TUR,2006,138000
TUR,2005,278000
TUR,2004,278000
TUR,2003,278000
TUR,2002,278000
TUR,2001,292000
TUR,2000,372000
TUR,1999,333000
TUR,1998,392000
TUR,1997,357000
TUR,1996,407000
TUR,1995,512000
TUR,1994,354000
TUR,1993,284000
TUR,1992,419000
TUR,1991,382000
TUR,1990,411000
TUR,1989,456100
TUR,1988,418100
TUR,1987,453100
TUR,1986,468100
TUR,1985,437100
TUR,1984,441100
TUR,1983,383800
TUR,1982,349500
TUR,1981,353500
TUR,1980,336300
TUR,1979,311100
TUR,1978,182000
TUR,1977,258000
TUR,1976,234000
TUR,1975,253000
TUR,1974,278000
TUR,1973,317000
TUR,1972,246200
TUR,1971,196900
TUR,1970,111900
TUR,1969,85900
TUR,1968,89200
TUR,1967,86100
TUR,1966,86000
TUR,1965,84100
TUR,1964,85200
TUR,1963,77300
TUR,1962,70900
TUR,1961,45900
TKM,2020,0
TKM,2019,0
TKM,2018,0
TKM,2017,0
TKM,2016,0
TKM,2015,0
TKM,2014,0
TKM,2013,0
TKM,2012,0
UKR,2020,0
UKR,2019,0
UKR,2018,0
UKR,2017,0
UKR,2016,0
UKR,2015,0
UKR,2014,0
UKR,2013,0
UKR,2012,0
UKR,2011,0
UKR,2010,0
UKR,2009,0
UKR,2008,0
UKR,2007,0
UKR,2006,0
UKR,2005,0
UKR,2004,68000
UKR,2003,68000
UKR,2002,68000
UKR,2001,68000
UKR,2000,62000
UKR,1999,50000
UKR,1998,45000
UKR,1997,37000
UKR,1996,52000
UKR,1995,84000
UKR,1994,70000
UKR,1993,70000
UKR,1992,102000
USA,2020,49903029
USA,2019,50955984
USA,2018,52186107
USA,2017,48350516
USA,2016,48765200
USA,2015,48503940
USA,2014,49103770
USA,2013,48184100
USA,2012,49519530
USA,2011,50459622
USA,2010,50250939
USA,2009,48390972
USA,2008,52243853
USA,2007,54980637
USA,2006,53074122
USA,2005,54164336
USA,2004,53816954
USA,2003,52541714
USA,2002,52913583
USA,2001,53025144
USA,2000,57177803
USA,1999,57609000
USA,1998,58766535
USA,1997,59600000
USA,1996,58468000
USA,1995,59909000
USA,1994,64732000
USA,1993,57226000
USA,1992,58213008
USA,1991,57893000
USA,1990,56397000
USA,1989,55285000
USA,1988,54590008
USA,1987,53178016
USA,1986,51056008
USA,1985,48296000
USA,1984,49607008
USA,1983,46819008
USA,1982,44295008
USA,1981,46631016
USA,1980,45569008
USA,1979,44562000
USA,1978,42463000
USA,1977,40917000
USA,1976,39680000
USA,1975,36015000
USA,1974,40416000
USA,1973,40336000
USA,1972,38953000
USA,1971,36467000
USA,1970,36341000
USA,1969,35868000
USA,1968,34335300
USA,1967,30993000
USA,1966,30678900
USA,1965,28329300
USA,1964,26939100
USA,1963,24965300
USA,1962,23105800
USA,1961,22075200
URY,2020,2792781
URY,2019,2618000
URY,2018,2543345
URY,2017,2644000
URY,2016,2604326
URY,2015,2412000
URY,2014,1910000
URY,2013,1240000
URY,2012,1154000
URY,2011,1088000
URY,2010,1116000
URY,2009,1066000
URY,2008,967000
URY,2007,131000
URY,2006,34000
URY,2005,34000
URY,2004,38000
URY,2003,35000
URY,2002,35000
URY,2001,35000
URY,2000,35000
URY,1999,38000
URY,1998,35000
URY,1997,37000
URY,1996,29000
URY,1995,29000
URY,1994,36000
URY,1993,36000
URY,1992,36000
URY,1991,36400
URY,1990,26000
URY,1989,30000
URY,1988,28000
URY,1987,34300
URY,1986,33600
URY,1985,25300
URY,1984,27800
URY,1983,23400
URY,1982,21300
URY,1981,21300
URY,1980,23400
URY,1979,22200
URY,1978,22500
URY,1977,18100
URY,1976,18300
URY,1975,18800
URY,1974,16800
URY,1973,9300
URY,1972,9000
URY,1971,12600
URY,1970,10000
URY,1969,9200
URY,1968,8400
URY,1967,8300
URY,1966,6800
URY,1965,6800
URY,1964,6300
URY,1963,5000
URY,1962,4000
URY,1961,7000
UZB,2020,21358
UZB,2019,25290
UZB,2018,24700
UZB,2017,24617
UZB,2016,20216
UZB,2015,16400
UZB,2014,16900
UZB,2013,16900
UZB,2012,16900
UZB,2011,15000
UZB,2010,9500
UZB,2009,9500
UZB,2008,9500
UZB,2007,9900
VNM,2020,460000
VNM,2019,460000
VNM,2018,460000
VNM,2017,460000
VNM,2016,460000
VNM,2015,460000
VNM,2014,460000
VNM,2013,460000
VNM,2012,460000
VNM,2011,445000
VNM,2010,295000
VNM,2009,268000
VNM,2008,268000
VNM,2007,265000
VNM,2006,257000
VNM,2005,352000
VNM,2004,352000
VNM,2003,305500
VNM,2002,314000
VNM,2001,314000
VNM,2000,314000
VNM,1999,294000
VNM,1998,133000
VNM,1997,133000
VNM,1996,133000
VNM,1995,133000
VNM,1994,133000
VNM,1993,133000
VNM,1992,124300
VNM,1991,115200
VNM,1990,67500
VNM,1989,62000
VNM,1988,62000
VNM,1987,62000
VNM,1986,62000
VNM,1985,55000
VNM,1984,47000
VNM,1983,43000
VNM,1982,38000
VNM,1981,15000
VNM,1980,15000
VNM,1979,15000
VNM,1978,15000
VNM,1977,17000
VNM,1976,15000
VNM,1975,15000
VNM,1974,15000
VNM,1973,15000
VNM,1972,15000
VNM,1971,15000
VNM,1970,14500
VNM,1969,14300
VNM,1968,13300
VNM,1967,4000
VNM,1966,4000
VNM,1965,1400
VNM,1964,3200
VNM,1963,1400
ZWE,2020,0
ZWE,2019,0
ZWE,2018,0
ZWE,2017,0
ZWE,2016,0
ZWE,2015,0
ZWE,2014,0
ZWE,2013,0
ZWE,2012,2000
ZWE,2011,2000
ZWE,2010,2000
ZWE,2009,49000
ZWE,2008,49000
ZWE,2007,49000
ZWE,2006,49000
ZWE,2005,28000
ZWE,2004,28000
ZWE,2003,28000
ZWE,2002,42000
ZWE,2001,42000
ZWE,2000,42000
ZWE,1999,42000
ZWE,1998,42000
ZWE,1997,42000
ZWE,1996,42000
ZWE,1995,42000
ZWE,1994,42000
ZWE,1993,42000
ZWE,1992,42000
ZWE,1991,42000
ZWE,1990,42000
ZWE,1989,37000
ZWE,1988,37000
ZWE,1987,32000
ZWE,1986,28000
ZWE,1985,31000
ZWE,1984,33000
ZWE,1983,26000
ZWE,1982,25000
ZWE,1981,26000
ZWE,1980,26000
ZWE,1979,24000
ZWE,1978,21000
ZWE,1977,16000
ZWE,1976,16000
ZWE,1975,16000
ZWE,1974,16000
ZWE,1973,16000
ZWE,1972,14700
ZWE,1971,14200
ZWE,1970,10000
ZWE,1969,8000
ZWE,1968,7000
ZWE,1967,5000
ZWE,1966,5000
ZWE,1965,5700
ZWE,1964,5500
ZWE,1963,3400
ZWE,1962,2700
ZWE,1961,4000
