country_code,year,wood_pulp_production_tonnes
ALB,2020,0
ALB,2019,0
ALB,2018,0
ALB,2017,0
ALB,2016,0
ALB,2015,0
ALB,2014,0
ALB,2013,0
ALB,2012,0
ALB,2011,0
ALB,2010,0
ALB,2009,0
ALB,2008,0
ALB,2007,0
ALB,2006,0
ALB,2005,0
ALB,2004,0
ALB,2003,0
ALB,2002,0
ALB,2001,0
ALB,2000,0
ALB,1999,0
ALB,1998,15500
ALB,1997,15500
ALB,1996,15500
ALB,1995,15500
ALB,1994,15500
ALB,1993,15500
ALB,1992,15500
ALB,1991,15500
ALB,1990,15500
ALB,1989,15500
ALB,1988,15500
ALB,1987,8000
ALB,1986,8000
ALB,1985,8000
ALB,1984,8000
ALB,1983,8000
ALB,1982,8000
ALB,1981,8000
ALB,1980,8000
ALB,1979,8000
ALB,1978,8000
ALB,1977,8000
ALB,1976,8000
ALB,1975,8000
ALB,1974,8000
ALB,1973,8000
ALB,1972,8000
ALB,1971,8100
ALB,1970,8100
ALB,1969,8200
ALB,1968,8200
ALB,1967,8000
ALB,1966,7000
AGO,2020,0
AGO,2019,0
AGO,2018,0
AGO,2017,0
AGO,2016,0
AGO,2015,0
AGO,2014,0
AGO,2013,0
AGO,2012,0
AGO,2011,0
AGO,2010,0
AGO,2009,0
AGO,2008,0
AGO,2007,0
AGO,2006,0
AGO,2005,0
AGO,2004,0
AGO,2003,0
AGO,2002,0
AGO,2001,0
AGO,2000,0
AGO,1999,0
AGO,1998,0
AGO,1997,0
AGO,1996,0
AGO,1995,0
AGO,1994,0
AGO,1993,0
AGO,1992,0
AGO,1991,0
AGO,1990,0
AGO,1989,0
AGO,1988,0
AGO,1987,0
AGO,1986,0
AGO,1985,0
AGO,1984,0
AGO,1983,0
AGO,1982,35000
AGO,1981,35000
AGO,1980,35000
AGO,1979,35000
AGO,1978,35000
AGO,1977,35000
AGO,1976,35000
AGO,1975,35000
AGO,1974,35000
AGO,1973,41000
AGO,1972,35400
AGO,1971,33200
AGO,1970,36600
AGO,1969,35100
AGO,1968,29000
AGO,1967,25000
AGO,1966,26000
AGO,1965,23900
AGO,1964,24500
AGO,1963,21000
AGO,1962,14600
ARG,2020,620000
ARG,2019,660000
ARG,2018,723000
ARG,2017,688000
ARG,2016,696000
ARG,2015,731000
ARG,2014,778000
ARG,2013,749000
ARG,2012,710000
ARG,2011,637000
ARG,2010,711000
ARG,2009,715000
ARG,2008,860000
ARG,2007,684000
ARG,2006,794000
ARG,2005,755000
ARG,2004,874000
ARG,2003,782000
ARG,2002,722000
ARG,2001,678000
ARG,2000,681000
ARG,1999,564000
ARG,1998,616000
ARG,1997,789000
ARG,1996,625000
ARG,1995,657000
ARG,1994,697000
ARG,1993,678000
ARG,1992,591700
ARG,1991,579000
ARG,1990,605000
ARG,1989,614000
ARG,1988,617000
ARG,1987,615000
ARG,1986,622000
ARG,1985,575000
ARG,1984,559000
ARG,1983,496000
ARG,1982,333000
ARG,1981,252000
ARG,1980,308800
ARG,1979,387000
ARG,1978,287000
ARG,1977,265000
ARG,1976,275000
ARG,1975,259000
ARG,1974,272000
ARG,1973,238000
ARG,1972,239000
ARG,1971,206000
ARG,1970,166000
ARG,1969,123000
ARG,1968,108000
ARG,1967,79000
ARG,1966,91000
ARG,1965,86000
ARG,1964,71000
ARG,1963,72000
ARG,1962,60000
ARG,1961,51000
ARM,2020,0
ARM,2019,0
ARM,2018,0
ARM,2017,0
ARM,2016,0
ARM,2015,0
ARM,2014,0
ARM,2013,0
ARM,2012,0
ARM,2011,0
ARM,2010,0
ARM,2009,0
ARM,2008,0
ARM,2007,0
ARM,2006,0
ARM,2005,0
AUS,2020,1395000
AUS,2019,1521000
AUS,2018,1523000
AUS,2017,1378000
AUS,2016,1385202
AUS,2015,1408202
AUS,2014,1431000
AUS,2013,1431000
AUS,2012,1431000
AUS,2011,1417000
AUS,2010,1304000
AUS,2009,1226000
AUS,2008,1445000
AUS,2007,1182000
AUS,2006,1153000
AUS,2005,1159000
AUS,2004,1107000
AUS,2003,1170000
AUS,2002,1267000
AUS,2001,1074000
AUS,2000,894000
AUS,1999,882000
AUS,1998,936000
AUS,1997,945000
AUS,1996,954000
AUS,1995,1003000
AUS,1994,997000
AUS,1993,996000
AUS,1992,1019000
AUS,1991,1037000
AUS,1990,1035000
AUS,1989,1036000
AUS,1988,994000
AUS,1987,919000
AUS,1986,910000
AUS,1985,887000
AUS,1984,823000
AUS,1983,751000
AUS,1982,753000
AUS,1981,703000
AUS,1980,697000
AUS,1979,650000
AUS,1978,598000
AUS,1977,579000
AUS,1976,557000
AUS,1975,571000
AUS,1974,612000
AUS,1973,510000
AUS,1972,526800
AUS,1971,506400
AUS,1970,496400
AUS,1969,431200
AUS,1968,372700
AUS,1967,360900
AUS,1966,336000
AUS,1965,570600
AUS,1964,509700
AUS,1963,457000
AUS,1962,380000
AUS,1961,368100
AUT,2020,2022186
AUT,2019,2090269
AUT,2018,2083266
AUT,2017,2056089
AUT,2016,2116306
AUT,2015,1812471
AUT,2014,1943782
AUT,2013,1987355
AUT,2012,2026910
AUT,2011,2005465
AUT,2010,1984491
AUT,2009,1817083
AUT,2008,1988946
AUT,2007,1989000
AUT,2006,1928000
AUT,2005,1932000
AUT,2004,1934354
AUT,2003,1823000
AUT,2002,1754000
AUT,2001,1728000
AUT,2000,1760000
AUT,1999,1688000
AUT,1998,1650000
AUT,1997,1629000
AUT,1996,1550000
AUT,1995,1619000
AUT,1994,1634000
AUT,1993,1492000
AUT,1992,1527000
AUT,1991,1521000
AUT,1990,1498000
AUT,1989,1541000
AUT,1988,1493000
AUT,1987,1371000
AUT,1986,1384000
AUT,1985,1325000
AUT,1984,1268000
AUT,1983,1208000
AUT,1982,1228000
AUT,1981,1255000
AUT,1980,1281000
AUT,1979,1266000
AUT,1978,1151000
AUT,1977,1134000
AUT,1976,1047000
AUT,1975,976000
AUT,1974,1035000
AUT,1973,983400
AUT,1972,939400
AUT,1971,929800
AUT,1970,933300
AUT,1969,891500
AUT,1968,818100
AUT,1967,766500
AUT,1966,744500
AUT,1965,742200
AUT,1964,720800
AUT,1963,684400
AUT,1962,658600
AUT,1961,688900
AZE,2020,0
AZE,2019,0
AZE,2018,0
AZE,2017,0
AZE,2016,0
AZE,2015,0
AZE,2014,0
AZE,2013,0
AZE,2012,0
AZE,2011,0
AZE,2010,0
AZE,2009,0
AZE,2008,0
AZE,2007,0
AZE,2006,0
AZE,2005,0
AZE,2004,0
AZE,2003,0
AZE,2002,0
AZE,2001,0
AZE,2000,0
BGD,2020,47000
BGD,2019,47000
BGD,2018,47000
BGD,2017,47000
BGD,2016,47000
BGD,2015,47000
BGD,2014,47000
BGD,2013,47000
BGD,2012,47000
BGD,2011,47000
BGD,2010,47000
BGD,2009,47000
BGD,2008,47000
BGD,2007,47000
BGD,2006,47000
BGD,2005,47000
BGD,2004,47000
BGD,2003,54000
BGD,2002,19000
BGD,2001,19000
BGD,2000,19000
BGD,1999,19000
BGD,1998,19000
BGD,1997,66000
BGD,1996,76000
BGD,1995,84000
BGD,1994,96000
BGD,1993,96000
BGD,1992,96000
BGD,1991,96000
BGD,1990,102000
BGD,1989,95000
BGD,1988,95000
BGD,1987,83000
BGD,1986,75000
BGD,1985,77000
BGD,1984,52600
BGD,1983,56600
BGD,1982,52600
BGD,1981,52600
BGD,1980,40600
BGD,1979,40600
BGD,1978,28000
BGD,1977,12800
BGD,1976,18900
BGD,1975,11500
BGD,1974,18000
BGD,1973,28700
BGD,1972,23400
BGD,1971,22000
BGD,1970,26000
BGD,1969,26000
BGD,1968,30000
BGD,1967,9000
BGD,1966,12000
BGD,1965,13000
BGD,1964,28000
BGD,1963,26000
BGD,1962,30000
BGD,1961,26000
BLR,2020,291000
BLR,2019,187000
BLR,2018,27000
BLR,2017,2000
BLR,2016,9000
BLR,2015,32900
BLR,2014,32900
BLR,2013,32900
BLR,2012,55400
BLR,2011,50700
BLR,2010,50700
BLR,2009,45100
BLR,2008,65900
BLR,2007,65900
BLR,2006,65900
BLR,2005,61300
BLR,2004,61200
BLR,2003,60600
BLR,2002,59200
BLR,2001,58100
BLR,2000,55900
BLR,1999,51700
BLR,1998,43300
BLR,1997,31000
BLR,1996,31000
BLR,1995,31000
BLR,1994,31000
BLR,1993,26000
BLR,1992,37000
BEL,2020,515010
BEL,2019,515010
BEL,2018,515010
BEL,2017,501010
BEL,2016,500001
BEL,2015,492000
BEL,2014,501000
BEL,2013,493500
BEL,2012,495000
BEL,2011,504309
BEL,2010,452814
BEL,2009,685827
BEL,2008,450000
BEL,2007,528000
BEL,2006,509000
BEL,2005,509000
BEL,2004,532000
BEL,2003,491000
BEL,2002,466000
BEL,2001,405000
BEL,2000,431000
BIH,2020,70000
BIH,2019,65500
BIH,2018,80700
BIH,2017,67880
BIH,2016,46000
BIH,2015,86240
BIH,2014,80000
BIH,2013,80000
BIH,2012,78000
BIH,2011,79000
BIH,2010,58000
BIH,2009,40800
BIH,2008,33000
BIH,2007,10515
BIH,2006,20000
BIH,2005,20000
BIH,2004,20000
BIH,2003,20000
BRA,2020,21558000
BRA,2019,20277000
BRA,2018,21695000
BRA,2017,20187000
BRA,2016,19409000
BRA,2015,17813000
BRA,2014,16845000
BRA,2013,15492000
BRA,2012,14318000
BRA,2011,14282000
BRA,2010,14474000
BRA,2009,13625000
BRA,2008,12850000
BRA,2007,12083000
BRA,2006,11275000
BRA,2005,10363000
BRA,2004,9580000
BRA,2003,9149000
BRA,2002,8052000
BRA,2001,7436000
BRA,2000,7338000
BRA,1999,7113000
BRA,1998,6774000
BRA,1997,6421000
BRA,1996,6292000
BRA,1995,5903000
BRA,1994,5795000
BRA,1993,5441000
BRA,1992,5241000
BRA,1991,4714000
BRA,1990,4307000
BRA,1989,4339000
BRA,1988,3981000
BRA,1987,3890000
BRA,1986,3023000
BRA,1985,2771000
BRA,1984,3217000
BRA,1983,2728000
BRA,1982,3590000
BRA,1981,3238000
BRA,1980,3350000
BRA,1979,2158000
BRA,1978,1976000
BRA,1977,1649000
BRA,1976,1415000
BRA,1975,1208000
BRA,1974,1311000
BRA,1973,1149000
BRA,1972,974000
BRA,1971,825600
BRA,1970,810700
BRA,1969,740400
BRA,1968,694000
BRA,1967,648100
BRA,1966,616600
BRA,1965,541600
BRA,1964,472200
BRA,1963,417900
BRA,1962,356600
BRA,1961,304200
BGR,2020,238785
BGR,2019,238785
BGR,2018,242884
BGR,2017,235771
BGR,2016,134900
BGR,2015,134900
BGR,2014,134900
BGR,2013,135111
BGR,2012,135157
BGR,2011,134772
BGR,2010,135173
BGR,2009,136923
BGR,2008,136923
BGR,2007,135000
BGR,2006,135000
BGR,2005,135000
BGR,2004,135000
BGR,2003,92000
BGR,2002,92000
BGR,2001,92000
BGR,2000,85000
BGR,1999,78000
BGR,1998,97000
BGR,1997,97000
BGR,1996,97000
BGR,1995,97000
BGR,1994,97000
BGR,1993,97000
BGR,1992,97000
BGR,1991,138000
BGR,1990,142000
BGR,1989,220000
BGR,1988,242000
BGR,1987,199000
BGR,1986,199000
BGR,1985,215000
BGR,1984,240000
BGR,1983,251000
BGR,1982,259000
BGR,1981,269000
BGR,1980,262000
BGR,1979,265000
BGR,1978,256000
BGR,1977,228000
BGR,1976,232000
BGR,1975,217000
BGR,1974,216400
BGR,1973,140700
BGR,1972,116400
BGR,1971,116200
BGR,1970,91000
BGR,1969,90000
BGR,1968,94000
BGR,1967,88000
BGR,1966,88000
BGR,1965,82900
BGR,1964,73200
BGR,1963,54200
BGR,1962,44000
BGR,1961,34300
CMR,2020,0
CMR,2019,0
CMR,2018,0
CMR,2017,0
CMR,2016,0
CMR,2015,0
CMR,2014,0
CMR,2013,0
CMR,2012,0
CMR,2011,0
CMR,2010,0
CMR,2009,0
CMR,2008,0
CMR,2007,0
CMR,2006,0
CMR,2005,0
CMR,2004,0
CMR,2003,0
CMR,2002,0
CMR,2001,0
CMR,2000,0
CMR,1999,0
CMR,1998,0
CMR,1997,0
CMR,1996,0
CMR,1995,0
CMR,1994,0
CMR,1987,0
CMR,1981,60000
CMR,1980,25000
CAN,2020,15423378
CAN,2019,16815000
CAN,2018,16790000
CAN,2017,16837000
CAN,2016,17037000
CAN,2015,17180000
CAN,2014,17277000
CAN,2013,18053000
CAN,2012,17849000
CAN,2011,18342000
CAN,2010,18936000
CAN,2009,17377000
CAN,2008,20645000
CAN,2007,22611000
CAN,2006,23671000
CAN,2005,25440000
CAN,2004,26423000
CAN,2003,26204000
CAN,2002,25763000
CAN,2001,25110000
CAN,2000,26696000
CAN,1999,25382000
CAN,1998,23844000
CAN,1997,25075000
CAN,1996,24604000
CAN,1995,25429000
CAN,1994,24679000
CAN,1993,22871000
CAN,1992,22830000
CAN,1991,23441000
CAN,1990,23020000
CAN,1989,23834000
CAN,1988,23298000
CAN,1987,22804000
CAN,1986,21512000
CAN,1985,20222000
CAN,1984,20451000
CAN,1983,19221000
CAN,1982,17007000
CAN,1981,19578000
CAN,1980,19945000
CAN,1979,19516000
CAN,1978,19216000
CAN,1977,17773000
CAN,1976,17688000
CAN,1975,14831000
CAN,1974,19656000
CAN,1973,18561000
CAN,1972,17455000
CAN,1971,16508000
CAN,1970,16609000
CAN,1969,16864000
CAN,1968,15261100
CAN,1967,14434900
CAN,1966,14517000
CAN,1965,13220600
CAN,1964,12466700
CAN,1963,11316500
CAN,1962,11007100
CAN,1961,10573900
CHL,2020,5156000
CHL,2019,5293000
CHL,2018,5362800
CHL,2017,5192500
CHL,2016,5145400
CHL,2015,5116600
CHL,2014,5208800
CHL,2013,5157000
CHL,2012,5080000
CHL,2011,4896000
CHL,2010,4102000
CHL,2009,4993000
CHL,2008,4981000
CHL,2007,4675000
CHL,2006,3484000
CHL,2005,3237000
CHL,2004,3338000
CHL,2003,2759000
CHL,2002,2687000
CHL,2001,2668000
CHL,2000,2592000
CHL,1999,2434000
CHL,1998,2210000
CHL,1997,2077000
CHL,1996,2146000
CHL,1995,2112800
CHL,1994,1955000
CHL,1993,1867000
CHL,1992,1685000
CHL,1991,1111000
CHL,1990,892000
CHL,1989,841000
CHL,1988,909000
CHL,1987,862000
CHL,1986,846000
CHL,1985,837000
CHL,1984,839000
CHL,1983,796000
CHL,1982,667000
CHL,1981,743000
CHL,1980,762600
CHL,1979,700000
CHL,1978,665000
CHL,1977,599000
CHL,1976,515000
CHL,1975,452000
CHL,1974,432500
CHL,1973,350200
CHL,1972,345000
CHL,1971,344800
CHL,1970,356400
CHL,1969,320100
CHL,1968,338000
CHL,1967,307400
CHL,1966,310800
CHL,1965,199000
CHL,1964,172500
CHL,1963,151600
CHL,1962,146100
CHL,1961,145000
CHN,2020,14865201
CHN,2019,14865201
CHN,2018,13657201
CHN,2017,12584201
CHN,2016,12166201
CHN,2015,11399201
CHN,2014,11359201
CHN,2013,10830201
CHN,2012,9669201
CHN,2011,10157201
CHN,2010,9578201
CHN,2009,5895201
CHN,2008,7103201
CHN,2007,6437201
CHN,2006,5644201
CHN,2005,4093201
CHN,2004,4080201
CHN,2003,4080201
CHN,2002,4080201
CHN,2001,4080201
CHN,2000,3720459
CHN,1999,3593393
CHN,1998,2214017
CHN,1997,2191457
CHN,1996,1738135
CHN,1995,2629617
CHN,1994,2601568
CHN,1993,2315375
CHN,1992,2180414
CHN,1991,2101633
CHN,1990,2057000
CHN,1989,2077000
CHN,1988,2037000
CHN,1987,1956000
CHN,1986,1924000
CHN,1985,1773000
CHN,1984,1435000
CHN,1983,1345000
CHN,1982,1330000
CHN,1981,1380000
CHN,1980,1343000
CHN,1979,1281000
CHN,1978,1173000
CHN,1977,1003000
CHN,1976,899000
CHN,1975,873000
CHN,1974,801000
CHN,1973,805000
CHN,1972,800000
CHN,1971,977000
CHN,1970,1220000
CHN,1969,1122200
CHN,1968,1050300
CHN,1967,977900
CHN,1966,928000
CHN,1965,874000
CHN,1964,823300
CHN,1963,820200
CHN,1962,765500
CHN,1961,714500
CHN,2020,15000
CHN,2019,15000
CHN,2018,15000
CHN,2017,15000
CHN,2016,15000
CHN,2015,15000
CHN,2014,15000
CHN,2013,15000
CHN,2012,15000
CHN,2011,15000
CHN,2010,15000
CHN,2009,15000
CHN,2008,15000
CHN,2007,15000
CHN,2006,15000
CHN,2005,15000
CHN,2004,15000
CHN,2003,15000
CHN,2002,15000
CHN,2001,15000
CHN,2000,15000
CHN,1999,15000
CHN,1998,15000
CHN,1997,15000
CHN,1996,15000
CHN,1995,15000
CHN,1994,10000
CHN,1993,10000
CHN,1992,20000
COL,2020,242000
COL,2019,243187
COL,2018,240412
COL,2017,234049
COL,2016,237916
COL,2015,233836
COL,2014,238173
COL,2013,234488
COL,2012,257364
COL,2011,229324
COL,2010,233274
COL,2009,207000
COL,2008,186143
COL,2007,203000
COL,2006,211000
COL,2005,210000
COL,2004,209000
COL,2003,209000
COL,2002,202000
COL,2001,197000
COL,2000,210000
COL,1999,189000
COL,1998,176000
COL,1997,176000
COL,1996,169000
COL,1995,171000
COL,1994,164000
COL,1993,163000
COL,1992,166000
COL,1991,169000
COL,1990,169000
COL,1989,152000
COL,1988,152000
COL,1987,154000
COL,1986,149000
COL,1985,140000
COL,1984,114000
COL,1983,114000
COL,1982,115000
COL,1981,126000
COL,1980,123000
COL,1979,119000
COL,1978,105000
COL,1977,110000
COL,1976,103000
COL,1975,82000
COL,1974,101000
COL,1973,71000
COL,1972,70000
COL,1971,50000
COL,1970,42000
COL,1969,42000
COL,1968,38000
COL,1967,35000
COL,1966,37000
COL,1965,22000
COL,1964,21000
COL,1963,18000
COL,1962,10000
CRI,2016,2800
CRI,2015,2800
CRI,2014,2800
CRI,2013,2800
CRI,2012,2800
CRI,2011,2800
CRI,2010,2800
CRI,2009,2800
CRI,2008,2800
CRI,2007,2800
CRI,2006,2800
CRI,2005,2800
CRI,2004,2800
CRI,2003,2800
CRI,2002,2800
CRI,2001,2800
CRI,2000,2800
CRI,1999,2800
CRI,1998,2800
CRI,1997,2800
CRI,1996,2800
CRI,1995,2800
CRI,1994,2800
CRI,1993,2800
CRI,1992,2800
CRI,1991,2800
CRI,1990,4400
CRI,1989,3500
CRI,1988,7500
CRI,1987,7500
CRI,1986,2500
CRI,1985,2500
CRI,1984,2400
CRI,1983,2200
CRI,1982,2600
CRI,1981,3000
CRI,1980,4500
CRI,1979,4500
HRV,2020,45108
HRV,2019,46852
HRV,2018,38767
HRV,2017,38912
HRV,2016,33596
HRV,2015,31957
HRV,2014,32648
HRV,2013,40366
HRV,2012,73000
HRV,2011,99000
HRV,2010,97000
HRV,2009,84000
HRV,2008,96000
HRV,2007,97000
HRV,2006,107000
HRV,2005,98000
HRV,2004,109000
HRV,2003,119000
HRV,2002,122000
HRV,2001,115000
HRV,2000,127000
HRV,1999,95000
HRV,1998,95000
HRV,1997,105000
HRV,1996,129000
HRV,1995,115000
HRV,1994,127000
HRV,1993,125000
HRV,1992,126000
CYP,2020,0
CYP,2019,0
CYP,2018,0
CYP,2017,0
CYP,2016,0
CYP,2015,0
CYP,2014,0
CYP,2013,0
CYP,2012,0
CYP,2011,0
CYP,2010,0
CYP,2009,0
CYP,2008,0
CYP,2007,0
CYP,2006,0
CYP,2005,0
CYP,2004,0
CYP,2003,0
CYP,2002,0
CYP,2001,0
CYP,2000,0
CYP,1999,0
CYP,1998,0
CZE,2020,852000
CZE,2019,813307
CZE,2018,593284
CZE,2017,720218
CZE,2016,702502
CZE,2015,698229
CZE,2014,705500
CZE,2013,686000
CZE,2012,789000
CZE,2011,754500
CZE,2010,718000
CZE,2009,728218
CZE,2008,698000
CZE,2007,780000
CZE,2006,762000
CZE,2005,753000
CZE,2004,732000
CZE,2003,718000
CZE,2002,702000
CZE,2001,684000
CZE,2000,637000
CZE,1999,566000
CZE,1998,569000
CZE,1997,512000
CZE,1996,487000
CZE,1995,524000
CZE,1994,516000
CZE,1993,689000
DNK,2020,4830
DNK,2019,4830
DNK,2018,4830
DNK,2017,4830
DNK,2016,4830
DNK,2015,4830
DNK,2014,4830
DNK,2013,4830
DNK,2012,4828
DNK,2011,4828
DNK,2010,7000
DNK,2009,5000
DNK,2008,5000
DNK,2007,0
DNK,2006,0
DNK,2005,0
DNK,2004,0
DNK,2003,0
DNK,2002,0
DNK,2001,0
DNK,2000,0
DNK,1999,0
DNK,1998,65000
DNK,1997,146000
DNK,1996,146000
DNK,1995,146000
DNK,1994,146000
DNK,1993,130000
DNK,1992,133000
DNK,1991,68000
DNK,1990,68000
DNK,1989,68000
DNK,1988,70000
DNK,1987,70000
DNK,1986,65000
DNK,1985,63000
DNK,1984,68000
DNK,1983,51000
DNK,1982,58000
DNK,1981,65000
DNK,1980,64000
DNK,1979,65000
DNK,1978,58000
DNK,1977,58000
DNK,1976,69000
DNK,1975,72000
DNK,1974,112000
DNK,1973,102000
DNK,1972,84300
DNK,1971,97900
DNK,1970,112500
DNK,1969,88900
DNK,1968,77200
DNK,1967,64500
DNK,1966,64500
DNK,1965,48100
DNK,1964,38100
DNK,1963,18100
DNK,1962,11800
DNK,1961,11800
ECU,2016,2000
ECU,2015,2000
ECU,2014,2000
ECU,2013,2000
ECU,2012,2000
ECU,2011,2000
ECU,2010,2000
ECU,2009,2000
ECU,2008,2000
ECU,2007,2000
ECU,2006,2000
ECU,2005,2000
ECU,2004,2000
ECU,2003,2000
ECU,2002,2200
ECU,2001,2200
ECU,2000,2200
ECU,1999,2200
ECU,1998,2200
ECU,1997,2200
ECU,1996,2100
ECU,1995,2000
ECU,1994,1100
EGY,2020,41000
EGY,2019,41000
EGY,2018,41000
EGY,2017,41000
EGY,2016,41000
EGY,2015,41000
EGY,2014,41000
EGY,2013,41000
EGY,2012,41000
EGY,2011,41000
EGY,2010,41000
EGY,2009,41000
EGY,2008,41000
EGY,2007,41000
EST,2020,231000
EST,2019,222251
EST,2018,234956
EST,2017,239000
EST,2016,238626
EST,2015,233897
EST,2014,234765
EST,2013,223878
EST,2012,232859
EST,2011,220781
EST,2010,220775
EST,2009,199100
EST,2008,200225
EST,2007,190200
EST,2006,136300
EST,2005,67000
EST,2004,68600
EST,2003,67100
EST,2002,65300
EST,2001,51700
EST,2000,54000
EST,1999,49500
EST,1998,44000
EST,1997,36000
EST,1996,28200
EST,1995,13200
EST,1994,42200
EST,1993,42200
EST,1992,42200
SWZ,2020,0
SWZ,2019,0
SWZ,2018,0
SWZ,2017,0
SWZ,2016,0
SWZ,2015,0
SWZ,2014,0
SWZ,2013,0
SWZ,2012,0
SWZ,2011,0
SWZ,2010,15000
SWZ,2009,102000
SWZ,2008,142200
SWZ,2007,170400
SWZ,2006,160700
SWZ,2005,173200
SWZ,2004,180600
SWZ,2003,167700
SWZ,2002,186500
SWZ,2001,183900
SWZ,2000,154100
SWZ,1999,191000
SWZ,1998,150000
SWZ,1997,174000
SWZ,1996,220000
SWZ,1995,200000
SWZ,1994,200000
SWZ,1993,200000
SWZ,1992,183000
SWZ,1991,178000
SWZ,1990,130000
SWZ,1989,158000
SWZ,1988,178000
SWZ,1987,180000
SWZ,1986,180000
SWZ,1985,174000
SWZ,1984,178000
SWZ,1983,175000
SWZ,1982,157000
SWZ,1981,157000
SWZ,1980,156000
SWZ,1979,161000
SWZ,1978,155000
SWZ,1977,152000
SWZ,1976,180000
SWZ,1975,143000
SWZ,1974,143000
SWZ,1973,136000
SWZ,1972,125000
SWZ,1971,105000
SWZ,1970,101000
SWZ,1969,95000
SWZ,1968,90000
SWZ,1967,90000
SWZ,1966,89000
SWZ,1965,88000
SWZ,1964,88000
SWZ,1963,73000
SWZ,1962,9600
SWZ,1961,9600
FIN,2020,10520000
FIN,2019,11600000
FIN,2018,12060000
FIN,2017,11098000
FIN,2016,10920000
FIN,2015,10450000
FIN,2014,10471386
FIN,2013,10520000
FIN,2012,10234650
FIN,2011,10362000
FIN,2010,10508000
FIN,2009,8815000
FIN,2008,11624000
FIN,2007,12856000
FIN,2006,13115000
FIN,2005,11134000
FIN,2004,12614000
FIN,2003,11948000
FIN,2002,11729000
FIN,2001,11168000
FIN,2000,12009000
FIN,1999,11669000
FIN,1998,11447000
FIN,1997,11181000
FIN,1996,9785000
FIN,1995,10180000
FIN,1994,10054000
FIN,1993,9430000
FIN,1992,8633000
FIN,1991,8505000
FIN,1990,8886000
FIN,1989,9118000
FIN,1988,8994000
FIN,1987,8467000
FIN,1986,7929000
FIN,1985,7977000
FIN,1984,8031000
FIN,1983,7163000
FIN,1982,6714000
FIN,1981,7344000
FIN,1980,7246000
FIN,1979,7050000
FIN,1978,6088000
FIN,1977,5256000
FIN,1976,5395000
FIN,1975,5188000
FIN,1974,6603000
FIN,1973,6690000
FIN,1972,6297000
FIN,1971,6002000
FIN,1970,6233000
FIN,1969,6062000
FIN,1968,5704000
FIN,1967,5508000
FIN,1966,5498000
FIN,1965,5344000
FIN,1964,5093000
FIN,1963,4590000
FIN,1962,4191000
FIN,1961,4297000
FRA,2020,1620000
FRA,2019,1626000
FRA,2018,1613200
FRA,2017,1708000
FRA,2016,1720000
FRA,2015,1725000
FRA,2014,1651000
FRA,2013,1699346
FRA,2012,1815728
FRA,2011,1837423
FRA,2010,1832466
FRA,2009,1687743
FRA,2008,2225795
FRA,2007,2259994
FRA,2006,2422000
FRA,2005,2504000
FRA,2004,2503000
FRA,2003,2432000
FRA,2002,2427000
FRA,2001,2460000
FRA,2000,2581000
FRA,1999,2589000
FRA,1998,2674900
FRA,1997,2830000
FRA,1996,2519000
FRA,1995,2822000
FRA,1994,2791000
FRA,1993,2543000
FRA,1992,2728000
FRA,1991,2434000
FRA,1990,2399000
FRA,1989,2390000
FRA,1988,2058000
FRA,1987,2098000
FRA,1986,2022000
FRA,1985,1770000
FRA,1984,2030000
FRA,1983,1856000
FRA,1982,1749000
FRA,1981,1771000
FRA,1980,1815000
FRA,1979,1913000
FRA,1978,2004000
FRA,1977,2017000
FRA,1976,1813000
FRA,1975,1753000
FRA,1974,1977000
FRA,1973,1935000
FRA,1972,1912800
FRA,1971,1810000
FRA,1970,1787300
FRA,1969,1716200
FRA,1968,1585200
FRA,1967,1580800
FRA,1966,1530700
FRA,1965,1451300
FRA,1964,1358000
FRA,1963,1268000
FRA,1962,1214000
FRA,1961,1201000
GEO,2020,0
GEO,2019,0
GEO,2018,0
GEO,2017,0
GEO,2016,0
GEO,2015,0
GEO,2014,0
GEO,2013,0
GEO,2012,0
GEO,2011,0
GEO,2010,0
GEO,2009,0
GEO,2008,0
GEO,2007,0
GEO,2006,0
GEO,2005,0
GEO,2004,0
GEO,2003,0
GEO,2002,0
GEO,2001,0
GEO,2000,0
DEU,2020,2254632
DEU,2019,2325651
DEU,2018,2459000
DEU,2017,2432000
DEU,2016,2485067
DEU,2015,2553000
DEU,2014,2597000
DEU,2013,2610000
DEU,2012,2636000
DEU,2011,2725000
DEU,2010,2763023
DEU,2009,2545010
DEU,2008,2908802
DEU,2007,3001000
DEU,2006,2938000
DEU,2005,2879000
DEU,2004,2502000
DEU,2003,2450000
DEU,2002,2148000
DEU,2001,2103000
DEU,2000,2215000
DEU,1999,1740000
DEU,1998,1973000
DEU,1997,1983000
DEU,1996,1852000
DEU,1995,1984000
DEU,1994,1957000
DEU,1993,2032000
DEU,1992,2275000
DEU,1991,2431000
DEU,1990,2666000
DEU,1989,2745000
DEU,1988,2685000
DEU,1987,2586000
DEU,1986,2547000
DEU,1985,2536000
DEU,1984,2647000
DEU,1983,2431000
DEU,1982,2355000
DEU,1981,2372000
DEU,1980,2347000
DEU,1979,2321000
DEU,1978,2202000
DEU,1977,2224000
DEU,1976,2140000
DEU,1975,1892000
DEU,1974,2214000
DEU,1973,2135000
DEU,1972,2087000
DEU,1971,2067000
DEU,1970,2127000
DEU,1969,2057000
DEU,1968,1895000
DEU,1967,1821200
DEU,1966,1790800
DEU,1965,1777700
DEU,1964,1781600
DEU,1963,2055400
DEU,1962,2016100
DEU,1961,2051300
GRC,2020,0
GRC,2019,0
GRC,2018,0
GRC,2017,0
GRC,2016,0
GRC,2015,0
GRC,2014,0
GRC,2013,0
GRC,2012,0
GRC,2011,0
GRC,2010,0
GRC,2009,0
GRC,2008,0
GRC,2007,0
GRC,2006,0
GRC,2005,0
GRC,2004,0
GRC,2003,0
GRC,2002,0
GRC,2001,0
GRC,2000,5000
GRC,1999,5000
GRC,1998,0
GRC,1997,0
GRC,1996,25000
GRC,1995,25000
GRC,1994,25000
GRC,1993,25000
GRC,1992,50000
GRC,1991,50000
GRC,1990,50000
GRC,1989,18000
GRC,1988,18000
GRC,1987,18000
GRC,1986,18000
GRC,1985,17000
GRC,1984,15000
GRC,1983,15000
GRC,1982,21000
GRC,1981,22000
GRC,1980,28000
GRC,1979,29000
HND,2020,0
HND,2019,0
HND,2018,0
HND,2017,0
HND,2016,0
HND,2015,0
HND,2014,0
HND,2013,0
HND,2012,0
HND,2011,0
HND,2010,7000
HND,2009,7000
HND,2008,7000
HND,2007,7000
HND,2006,7000
HND,2005,7000
HND,2004,7000
HND,2003,7000
HND,2002,7000
HND,2001,7000
HND,2000,7000
HND,1999,7000
HND,1998,7000
HUN,2020,21000
HUN,2019,21000
HUN,2018,21000
HUN,2017,21000
HUN,2016,22407
HUN,2015,19363
HUN,2014,0
HUN,2013,0
HUN,2012,0
HUN,2011,0
HUN,2010,0
HUN,2009,0
HUN,2008,0
HUN,2007,0
HUN,2006,0
HUN,2005,0
HUN,2004,0
HUN,2003,0
HUN,2002,0
HUN,2001,0
HUN,2000,0
HUN,1999,0
HUN,1998,0
HUN,1997,0
HUN,1996,5000
HUN,1995,5000
HUN,1994,5000
HUN,1993,5000
HUN,1992,14000
HUN,1991,32000
HUN,1990,46000
HUN,1989,53000
HUN,1988,56000
HUN,1987,58000
HUN,1986,57000
HUN,1985,74000
HUN,1984,87000
HUN,1983,87000
HUN,1982,92000
HUN,1981,90000
HUN,1980,96000
HUN,1979,102000
HUN,1978,105000
HUN,1977,103000
HUN,1976,74000
HUN,1975,67000
HUN,1974,80000
HUN,1973,85900
HUN,1972,77300
HUN,1971,77300
HUN,1970,81100
HUN,1969,79700
HUN,1968,58000
HUN,1967,55000
HUN,1966,61000
HUN,1965,58700
HUN,1964,65200
HUN,1963,60200
HUN,1962,64900
HUN,1961,57000
ISL,2020,0
ISL,2019,0
ISL,2018,0
ISL,2017,0
ISL,2016,0
ISL,2015,0
ISL,2014,0
ISL,2013,0
ISL,2012,0
ISL,2011,0
ISL,2010,0
ISL,2009,0
ISL,2008,0
ISL,2007,0
ISL,2006,0
ISL,2005,0
ISL,2004,0
ISL,2003,0
ISL,2002,0
ISL,2001,0
ISL,2000,0
ISL,1999,0
ISL,1998,0
IND,2020,3361800
IND,2019,3361800
IND,2018,3361800
IND,2017,3361800
IND,2016,3361800
IND,2015,3470300
IND,2014,3330300
IND,2013,2675300
IND,2012,2400300
IND,2011,2400300
IND,2010,2400000
IND,2009,2307600
IND,2008,2307600
IND,2007,2307600
IND,2006,2307600
IND,2005,2307600
IND,2004,2129200
IND,2003,1746700
IND,2002,1604900
IND,2001,1487000
IND,2000,1476000
IND,1999,1558000
IND,1998,1498000
IND,1997,1448000
IND,1996,1205000
IND,1995,1205000
IND,1994,1196000
IND,1993,1147000
IND,1992,987000
IND,1991,986000
IND,1990,989000
IND,1989,975000
IND,1988,956000
IND,1987,927000
IND,1986,885000
IND,1985,777000
IND,1984,799000
IND,1983,768000
IND,1982,553000
IND,1981,513000
IND,1980,483000
IND,1979,483000
IND,1978,479000
IND,1977,401700
IND,1976,408700
IND,1975,360000
IND,1974,350000
IND,1973,269600
IND,1972,214600
IND,1971,138900
IND,1970,88000
IND,1969,77000
IND,1968,75000
IND,1967,75000
IND,1966,75000
IND,1965,68800
IND,1964,23200
IND,1963,23500
IND,1962,19500
IND,1961,18000
IDN,2020,8651786
IDN,2019,8364000
IDN,2018,8268335
IDN,2017,7848270
IDN,2016,7331953
IDN,2015,7022000
IDN,2014,6672000
IDN,2013,6677000
IDN,2012,6605000
IDN,2011,6455000
IDN,2010,5715000
IDN,2009,4964000
IDN,2008,5648000
IDN,2007,5177000
IDN,2006,3577000
IDN,2005,4326000
IDN,2004,4326000
IDN,2003,4326000
IDN,2002,4326000
IDN,2001,4326000
IDN,2000,4089000
IDN,1999,1646000
IDN,1998,1816000
IDN,1997,2900000
IDN,1996,2482000
IDN,1995,1933000
IDN,1994,1696000
IDN,1993,1259000
IDN,1992,1034000
IDN,1991,751000
IDN,1990,702000
IDN,1989,417000
IDN,1988,108000
IDN,1987,108000
IDN,1986,137000
IDN,1985,137000
IDN,1984,100000
IDN,1983,69000
IDN,1982,55000
IDN,1981,50000
IDN,1980,46000
IDN,1979,46000
IDN,1978,20000
IDN,1977,10000
IDN,1976,5000
IDN,1975,1000
IDN,1974,2500
IDN,1973,500
IDN,1972,500
IDN,1971,500
IDN,1970,500
IDN,1969,400
IDN,1968,600
IDN,1967,500
IDN,1966,500
IDN,1965,500
IDN,1964,500
IDN,1963,500
IDN,1962,300
IRN,2020,211500
IRN,2019,211500
IRN,2018,211500
IRN,2017,211500
IRN,2016,211500
IRN,2015,243500
IRN,2014,249500
IRN,2013,249500
IRN,2012,249500
IRN,2011,292000
IRN,2010,212000
IRN,2009,213000
IRN,2008,434000
IRN,2007,445000
IRN,2006,450000
IRN,2005,315000
IRN,2004,295000
IRN,2003,273000
IRN,2002,255000
IRN,2001,0
IRN,2000,0
IRN,1999,0
IRN,1998,0
IRN,1997,0
IRN,1996,200000
IRN,1995,200000
IRN,1994,200000
IRN,1993,80000
IRN,1992,80000
IRN,1991,80000
IRN,1990,74000
IRN,1989,45000
IRL,2020,0
IRL,2019,0
IRL,2018,0
IRL,2017,0
IRL,2016,0
IRL,2015,0
IRL,2014,0
IRL,2013,0
IRL,2012,0
IRL,2011,0
IRL,2010,1000
IRL,2009,0
IRL,2008,0
IRL,2007,0
IRL,2006,0
IRL,2005,0
IRL,2004,0
IRL,2003,0
IRL,2002,0
IRL,2001,0
IRL,2000,0
IRL,1999,0
IRL,1998,0
IRL,1997,0
IRL,1996,0
IRL,1995,0
IRL,1994,0
IRL,1987,0
IRL,1980,19000
IRL,1979,26000
IRL,1978,20000
IRL,1977,19000
IRL,1976,14000
IRL,1975,11400
IRL,1974,36000
IRL,1973,39000
IRL,1972,36000
IRL,1971,36000
IRL,1970,35000
IRL,1969,33000
IRL,1968,30000
IRL,1967,28000
IRL,1966,25000
IRL,1965,25000
IRL,1964,31600
IRL,1963,29900
IRL,1962,29400
IRL,1961,20900
ISR,2020,0
ISR,2019,0
ISR,2018,0
ISR,2017,0
ISR,2016,0
ISR,2015,0
ISR,2014,0
ISR,2013,0
ISR,2012,0
ISR,2011,0
ISR,2010,0
ISR,2009,0
ISR,2008,0
ISR,2007,0
ISR,2006,0
ISR,2005,0
ISR,2004,0
ISR,2003,0
ISR,2002,0
ISR,2001,0
ISR,2000,0
ISR,1999,0
ISR,1998,0
ITA,2020,222581
ITA,2019,333776
ITA,2018,369148
ITA,2017,388347
ITA,2016,392010
ITA,2015,396893
ITA,2014,410890
ITA,2013,381742
ITA,2012,376045
ITA,2011,385907
ITA,2010,395000
ITA,2009,376489
ITA,2008,487505
ITA,2007,498388
ITA,2006,501634
ITA,2005,515483
ITA,2004,492000
ITA,2003,478000
ITA,2002,450159
ITA,2001,415000
ITA,2000,434000
ITA,1999,444000
ITA,1998,541400
ITA,1997,463000
ITA,1996,403000
ITA,1995,448000
ITA,1994,474000
ITA,1993,436000
ITA,1992,473000
ITA,1991,577000
ITA,1990,621000
ITA,1989,707000
ITA,1988,724000
ITA,1987,642000
ITA,1986,591000
ITA,1985,655000
ITA,1984,706000
ITA,1983,658000
ITA,1982,672000
ITA,1981,697000
ITA,1980,689000
ITA,1979,718000
ITA,1978,762000
ITA,1977,736000
ITA,1976,859000
ITA,1975,742000
ITA,1974,938000
ITA,1973,916000
ITA,1972,927000
ITA,1971,833000
ITA,1970,925000
ITA,1969,911000
ITA,1968,794000
ITA,1967,731000
ITA,1966,697500
ITA,1965,669300
ITA,1964,650300
ITA,1963,596500
ITA,1962,576600
ITA,1961,503500
JPN,2020,7241000
JPN,2019,8560000
JPN,2018,8806000
JPN,2017,8921000
JPN,2016,8809000
JPN,2015,8875000
JPN,2014,9066000
JPN,2013,8841000
JPN,2012,8722000
JPN,2011,9083000
JPN,2010,9475000
JPN,2009,8570000
JPN,2008,10733000
JPN,2007,10850000
JPN,2006,10861000
JPN,2005,10821000
JPN,2004,10714000
JPN,2003,10583000
JPN,2002,10652000
JPN,2001,10792000
JPN,2000,11373000
JPN,1999,10971000
JPN,1998,10988000
JPN,1997,11486000
JPN,1996,11195000
JPN,1995,11118000
JPN,1994,10575000
JPN,1993,10590000
JPN,1992,11194000
JPN,1991,11722000
JPN,1990,11321000
JPN,1989,10967000
JPN,1988,10406000
JPN,1987,9716000
JPN,1986,9240000
JPN,1985,9279000
JPN,1984,9127000
JPN,1983,8848000
JPN,1982,8617000
JPN,1981,8601000
JPN,1980,9773000
JPN,1979,9975000
JPN,1978,9376000
JPN,1977,9423000
JPN,1976,9503000
JPN,1975,8613000
JPN,1974,10017000
JPN,1973,10095000
JPN,1972,9431000
JPN,1971,9005000
JPN,1970,8768000
JPN,1969,7657000
JPN,1968,6832000
JPN,1967,6199800
JPN,1966,5660100
JPN,1965,5134500
JPN,1964,4990200
JPN,1963,4544400
JPN,1962,4166600
JPN,1961,4076700
KAZ,2020,0
KAZ,2019,0
KAZ,2018,0
KAZ,2017,0
KAZ,2016,0
KAZ,2015,0
KAZ,2014,0
KAZ,2013,0
KAZ,2012,0
KAZ,2011,0
KAZ,2010,0
KAZ,2009,0
KAZ,2008,0
KAZ,2007,0
KAZ,2006,0
KAZ,2005,0
KAZ,2004,0
KAZ,2003,0
KAZ,2002,0
KAZ,2001,0
KAZ,2000,0
KAZ,1999,0
KEN,2020,0
KEN,2019,0
KEN,2018,0
KEN,2017,0
KEN,2016,0
KEN,2015,0
KEN,2014,0
KEN,2013,0
KEN,2012,0
KEN,2011,0
KEN,2010,0
KEN,2009,0
KEN,2008,86000
KEN,2007,86000
KEN,2006,86000
KEN,2005,93000
KEN,2004,98000
KEN,2003,74000
KEN,2002,66000
KEN,2001,66000
KEN,2000,66000
KEN,1999,66000
KEN,1998,66000
KEN,1997,66000
KEN,1996,66000
KEN,1995,66000
KEN,1994,63000
KEN,1993,90000
KEN,1992,75000
KEN,1991,58000
KEN,1990,56000
KEN,1989,56000
KEN,1988,55000
KEN,1987,54000
KEN,1986,53000
KEN,1985,52000
KEN,1984,57000
KEN,1983,53000
KEN,1982,53000
KEN,1981,52000
KEN,1980,50000
KEN,1979,47000
KEN,1978,18000
KEN,1977,15000
KEN,1976,15000
KEN,1975,12000
KEN,1974,3000
KGZ,2020,0
KGZ,2019,0
KGZ,2018,0
KGZ,2017,0
KGZ,2016,0
KGZ,2015,0
KGZ,2014,0
KGZ,2013,0
KGZ,2012,0
LVA,2020,0
LVA,2019,0
LVA,2018,0
LVA,2017,0
LVA,2016,0
LVA,2015,0
LVA,2014,0
LVA,2013,0
LVA,2012,0
LVA,2011,0
LVA,2010,0
LVA,2009,0
LVA,2008,0
LVA,2007,0
LVA,2006,0
LVA,2005,0
LVA,2004,0
LVA,2003,0
LVA,2002,0
LVA,2001,0
LVA,2000,0
LVA,1999,0
LVA,1998,0
LVA,1997,0
LVA,1996,2000
LVA,1995,3000
LVA,1994,2000
LVA,1993,10000
LVA,1992,36900
LIE,2020,0
LIE,2019,0
LIE,2018,0
LIE,2017,0
LIE,2016,0
LIE,2015,0
LIE,2014,0
LIE,2013,0
LIE,2012,0
LIE,2011,0
LIE,2010,0
LIE,2009,0
LIE,2008,0
LIE,2007,1000
LIE,2006,1000
LTU,2020,0
LTU,2019,0
LTU,2018,0
LTU,2017,0
LTU,2016,0
LTU,2015,0
LTU,2014,0
LTU,2013,0
LTU,2012,0
LTU,2011,0
LTU,2010,0
LTU,2009,0
LTU,2008,0
LTU,2007,0
LTU,2006,0
LTU,2005,0
LTU,2004,0
LTU,2003,0
LTU,2002,0
LTU,2001,0
LTU,2000,0
LTU,1999,70
LTU,1998,1300
LTU,1997,1000
LTU,1996,2600
LTU,1995,13700
LTU,1994,6800
LTU,1993,10000
LTU,1992,40000
LUX,2020,0
LUX,2019,0
LUX,2018,0
LUX,2017,0
LUX,2016,0
LUX,2015,0
LUX,2014,0
LUX,2013,0
LUX,2012,0
LUX,2011,0
LUX,2010,0
LUX,2009,0
LUX,2008,0
LUX,2007,0
LUX,2006,0
LUX,2005,0
LUX,2004,0
LUX,2003,0
LUX,2002,0
LUX,2001,0
LUX,2000,0
MDG,2016,700
MDG,2015,700
MDG,2014,700
MDG,2013,700
MDG,2012,700
MDG,2011,700
MDG,2010,700
MDG,2009,700
MDG,2008,700
MDG,2007,700
MDG,2006,700
MDG,2005,700
MDG,2004,700
MDG,2003,700
MDG,2002,700
MDG,2001,700
MDG,2000,700
MDG,1999,500
MDG,1998,700
MDG,1997,700
MDG,1996,1300
MDG,1995,1100
MDG,1994,1200
MDG,1993,1700
MDG,1992,1600
MDG,1991,1600
MDG,1990,4200
MDG,1989,4200
MDG,1988,4200
MDG,1987,4200
MDG,1986,5200
MDG,1985,5200
MDG,1984,6600
MDG,1983,7000
MDG,1982,5300
MDG,1981,5300
MDG,1980,5300
MDG,1979,5300
MDG,1978,5300
MDG,1977,5300
MDG,1976,4400
MDG,1975,3573
MDG,1974,4000
MDG,1973,3100
MDG,1972,2100
MDG,1971,2300
MDG,1970,1900
MDG,1969,1800
MDG,1968,1800
MYS,2020,131000
MYS,2019,131000
MYS,2018,131000
MYS,2017,131000
MYS,2016,131000
MYS,2015,131000
MYS,2014,235000
MYS,2013,145000
MYS,2012,145000
MYS,2011,145000
MYS,2010,145000
MYS,2009,145000
MYS,2008,145000
MYS,2007,145000
MYS,2006,145000
MYS,2005,145000
MYS,2004,145000
MYS,2003,145000
MYS,2002,145000
MYS,2001,145000
MYS,2000,123000
MYS,1999,119000
MYS,1998,112000
MYS,1997,91000
MYS,1996,102000
MYS,1995,105000
MYS,1994,103000
MYS,1993,88000
MLT,2020,0
MLT,2019,0
MLT,2018,0
MLT,2017,0
MLT,2016,0
MLT,2015,0
MLT,2014,0
MLT,2013,0
MLT,2012,0
MLT,2011,0
MLT,2010,0
MLT,2009,0
MLT,2008,0
MLT,2007,0
MLT,2006,0
MLT,2005,0
MLT,2004,0
MLT,2003,0
MLT,2002,0
MLT,2001,0
MLT,2000,0
MLT,1999,0
MLT,1998,0
MUS,2020,0
MUS,2019,0
MUS,2018,0
MUS,2017,0
MUS,2016,0
MUS,2015,0
MUS,2014,0
MUS,2013,0
MUS,2012,0
MUS,2011,0
MUS,2010,0
MUS,2009,0
MEX,2020,121900
MEX,2019,123000
MEX,2018,125000
MEX,2017,125000
MEX,2016,135000
MEX,2015,136000
MEX,2014,115000
MEX,2013,142000
MEX,2012,139000
MEX,2011,138000
MEX,2010,145000
MEX,2009,165000
MEX,2008,214000
MEX,2007,210000
MEX,2006,214000
MEX,2005,216000
MEX,2004,228000
MEX,2003,348000
MEX,2002,333000
MEX,2001,211000
MEX,2000,366000
MEX,1999,349000
MEX,1998,424000
MEX,1997,318600
MEX,1996,357000
MEX,1995,298600
MEX,1994,175000
MEX,1993,222000
MEX,1992,319000
MEX,1991,467000
MEX,1990,519000
MEX,1989,521000
MEX,1988,653000
MEX,1987,553000
MEX,1986,546000
MEX,1985,574000
MEX,1984,505000
MEX,1983,451000
MEX,1982,478000
MEX,1981,460000
MEX,1980,442000
MEX,1979,457000
MEX,1978,472000
MEX,1977,433000
MEX,1976,411000
MEX,1975,364000
MEX,1974,362000
MEX,1973,346000
MEX,1972,327000
MEX,1971,309000
MEX,1970,320000
MEX,1969,285000
MEX,1968,279000
MEX,1967,266000
MEX,1966,244000
MEX,1965,238000
MEX,1964,199900
MEX,1963,194400
MEX,1962,179300
MEX,1961,171200
MNE,2020,0
MNE,2019,0
MNE,2018,0
MNE,2017,0
MNE,2016,0
MNE,2015,0
MNE,2014,0
MNE,2013,0
MNE,2012,0
MNE,2011,0
MNE,2010,0
MNE,2009,0
MNE,2008,0
MNE,2007,0
MNE,2006,0
MAR,2020,70000
MAR,2019,70000
MAR,2018,70000
MAR,2017,70000
MAR,2016,70000
MAR,2015,70000
MAR,2014,70000
MAR,2013,221000
MAR,2012,221000
MAR,2011,221000
MAR,2010,221000
MAR,2009,211000
MAR,2008,216000
MAR,2007,216000
MAR,2006,159000
MAR,2005,159000
MAR,2004,159000
MAR,2003,159000
MAR,2002,159000
MAR,2001,159000
MAR,2000,195000
MAR,1999,177000
MAR,1998,183000
MAR,1997,180000
MAR,1996,169000
MAR,1995,169000
MAR,1994,173000
MAR,1993,162000
MAR,1992,103000
MAR,1991,91000
MAR,1990,100000
MAR,1989,108000
MAR,1988,108000
MAR,1987,81000
MAR,1986,81000
MAR,1985,81000
MAR,1984,83000
MAR,1983,86000
MAR,1982,80000
MAR,1981,75000
MAR,1980,83000
MAR,1979,82000
MAR,1978,66000
MAR,1977,55000
MAR,1976,42000
MAR,1975,53000
MAR,1974,50000
MAR,1973,48700
MAR,1972,37000
MAR,1971,46000
MAR,1970,45000
MAR,1969,43000
MAR,1968,38800
MAR,1967,29500
MAR,1966,30500
MAR,1965,33900
MAR,1964,28700
MAR,1963,28500
MAR,1962,22100
MAR,1961,20000
MMR,2016,1200
MMR,2015,1200
MMR,2014,1200
MMR,2013,1200
MMR,2012,1200
MMR,2011,1200
MMR,2010,1200
MMR,2009,1200
MMR,2008,1200
MMR,2007,1200
MMR,2006,1200
MMR,2005,1200
MMR,2004,1400
MMR,2003,700
NLD,2020,37000
NLD,2019,33821
NLD,2018,37000
NLD,2017,37400
NLD,2016,29000
NLD,2015,44200
NLD,2014,44000
NLD,2013,40600
NLD,2012,39400
NLD,2011,34000
NLD,2010,96855
NLD,2009,71507
NLD,2008,141559
NLD,2007,139380
NLD,2006,177000
NLD,2005,117000
NLD,2004,119000
NLD,2003,124000
NLD,2002,118000
NLD,2001,129500
NLD,2000,137000
NLD,1999,117000
NLD,1998,129000
NLD,1997,138000
NLD,1996,125000
NLD,1995,148000
NLD,1994,119000
NLD,1993,119000
NLD,1992,135000
NLD,1991,175000
NLD,1990,190000
NLD,1989,164000
NLD,1988,180000
NLD,1987,133000
NLD,1986,133000
NLD,1985,138000
NLD,1984,153000
NLD,1983,146000
NLD,1982,135000
NLD,1981,200000
NLD,1980,201000
NLD,1979,146000
NLD,1978,149000
NLD,1977,152000
NLD,1976,162000
NLD,1975,154000
NLD,1974,188000
NLD,1973,181000
NLD,1972,172000
NLD,1971,162000
NLD,1970,188000
NLD,1969,218000
NLD,1968,208000
NLD,1967,189000
NLD,1966,191000
NLD,1965,158000
NLD,1964,152000
NLD,1963,137000
NLD,1962,137000
NLD,1961,130000
NZL,2020,1290000
NZL,2019,1219871
NZL,2018,1430392
NZL,2017,1368502
NZL,2016,1482300
NZL,2015,1471762
NZL,2014,1517442
NZL,2013,1433049
NZL,2012,1579490
NZL,2011,1617264
NZL,2010,1542795
NZL,2009,1520386
NZL,2008,1543681
NZL,2007,1533040
NZL,2006,1487732
NZL,2005,1604961
NZL,2004,1596787
NZL,2003,1419000
NZL,2002,1551000
NZL,2001,1501000
NZL,2000,1606000
NZL,1999,1467000
NZL,1998,1418000
NZL,1997,1412000
NZL,1996,1360000
NZL,1995,1415000
NZL,1994,1364000
NZL,1993,1373000
NZL,1992,1287000
NZL,1991,1350000
NZL,1990,1234000
NZL,1989,1259000
NZL,1988,1211000
NZL,1987,1108000
NZL,1986,1110000
NZL,1985,1135000
NZL,1984,1072000
NZL,1983,1042000
NZL,1982,1134000
NZL,1981,1205000
NZL,1980,1122000
NZL,1979,1043000
NZL,1978,1097000
NZL,1977,1084000
NZL,1976,1103000
NZL,1975,953000
NZL,1974,893000
NZL,1973,816000
NZL,1972,600300
NZL,1971,580600
NZL,1970,576000
NZL,1969,561800
NZL,1968,493800
NZL,1967,481100
NZL,1966,436100
NZL,1965,417500
NZL,1964,402700
NZL,1963,375400
NZL,1962,308400
NZL,1961,280000
NGA,2020,23000
NGA,2019,23000
NGA,2018,23000
NGA,2017,23000
NGA,2016,23000
NGA,2015,23000
NGA,2014,23000
NGA,2013,23000
NGA,2012,23000
NGA,2011,23000
NGA,2010,23000
NGA,2009,23000
NGA,2008,23000
NGA,2007,23000
NGA,2006,23000
NGA,2005,23000
NGA,2004,23000
NGA,2003,23000
NGA,2002,23000
NGA,2001,23000
NGA,2000,23000
NGA,1999,23000
NGA,1998,23000
NGA,1997,15000
NGA,1996,6600
NGA,1995,6600
NGA,1994,6600
NGA,1993,6600
NGA,1992,6600
NGA,1991,6600
NGA,1990,6600
NGA,1989,6600
NGA,1988,16600
NGA,1987,16600
NGA,1986,16600
NGA,1985,13600
NGA,1984,2000
MKD,2020,0
MKD,2019,0
MKD,2018,0
MKD,2017,0
MKD,2016,0
MKD,2015,0
MKD,2014,0
MKD,2013,0
MKD,2012,0
MKD,2011,0
MKD,2010,0
MKD,2009,0
MKD,2008,0
MKD,2007,0
MKD,2006,0
MKD,2005,0
MKD,2004,0
MKD,2003,0
MKD,2002,0
MKD,2001,0
MKD,2000,0
MKD,1999,716
MKD,1998,213
NOR,2020,983000
NOR,2019,983000
NOR,2018,1038000
NOR,2017,1055000
NOR,2016,1022000
NOR,2015,900000
NOR,2014,918000
NOR,2013,1245000
NOR,2012,1389000
NOR,2011,1745000
NOR,2010,2021000
NOR,2009,1822000
NOR,2008,2254000
NOR,2007,2371000
NOR,2006,2457000
NOR,2005,2458000
NOR,2004,2528000
NOR,2003,2389000
NOR,2002,2303000
NOR,2001,2406000
NOR,2000,2538000
NOR,1999,2426000
NOR,1998,2492600
NOR,1997,2434000
NOR,1996,2342000
NOR,1995,2557000
NOR,1994,2287000
NOR,1993,2167000
NOR,1992,2006400
NOR,1991,2108000
NOR,1990,2203000
NOR,1989,2225000
NOR,1988,2014000
NOR,1987,1980000
NOR,1986,1984000
NOR,1985,2011000
NOR,1984,1864000
NOR,1983,1641000
NOR,1982,1523000
NOR,1981,1608000
NOR,1980,1494000
NOR,1979,1528000
NOR,1978,1384000
NOR,1977,1509000
NOR,1976,1771000
NOR,1975,1657000
NOR,1974,2165000
NOR,1973,2063000
NOR,1972,1992000
NOR,1971,1977000
NOR,1970,2182000
NOR,1969,2088000
NOR,1968,2000000
NOR,1967,1798000
NOR,1966,1794000
NOR,1965,1826000
NOR,1964,1798000
NOR,1963,1594000
NOR,1962,1500000
NOR,1961,1525000
PAK,2020,82000
PAK,2019,82000
PAK,2018,82000
PAK,2017,82000
PAK,2016,82000
PAK,2015,82000
PAK,2014,82000
PAK,2013,82000
PAK,2012,82000
PAK,2011,82000
PAK,2010,82000
PAK,2009,82000
PAK,2008,82000
PAK,2007,66000
PAK,2006,63000
PAK,2005,63000
PAK,2004,61000
PAK,2003,96000
PAK,2002,83000
PAK,2001,83000
PAK,2000,60000
PAK,1999,25000
PAK,1998,32000
PAK,1997,0
PAK,1996,0
PAK,1995,0
PAK,1994,0
PAK,1987,0
PAK,1974,0
PAK,1973,0
PAK,1970,2800
PAK,1969,3800
PAK,1968,6300
PAK,1967,10000
PAK,1966,10500
PAK,1965,10800
PAK,1964,7500
PAK,1963,4000
PAK,1962,3500
PAK,1961,3500
PER,2020,0
PER,2019,0
PER,2018,0
PER,2017,0
PER,2016,0
PER,2015,0
PER,2014,0
PER,2013,0
PER,2012,0
PER,2011,0
PER,2010,0
PER,2009,0
PER,2008,0
PER,2007,0
PER,2006,0
PER,2005,0
PER,2004,0
PER,2003,0
PER,2002,0
PER,2001,0
PER,2000,0
PER,1999,0
PER,1998,0
PER,1997,0
PER,1996,0
PER,1995,0
PER,1994,0
PER,1993,59000
PER,1992,59000
PER,1991,59000
PER,1990,73000
PER,1989,73000
PER,1988,73000
PER,1987,73000
PER,1986,73000
PER,1985,73000
PER,1984,1000
PER,1983,1000
PER,1982,1000
PER,1981,3500
PER,1980,6700
PER,1979,5200
PER,1978,5000
PER,1977,4500
PER,1976,4900
PER,1975,3800
PHL,2020,0
PHL,2019,0
PHL,2018,0
PHL,2017,0
PHL,2016,0
PHL,2015,0
PHL,2014,0
PHL,2013,0
PHL,2012,0
PHL,2011,185000
PHL,2010,185000
PHL,2009,185000
PHL,2008,185000
PHL,2007,185000
PHL,2006,185000
PHL,2005,185000
PHL,2004,185000
PHL,2003,184000
PHL,2002,175000
PHL,2001,175000
PHL,2000,175000
PHL,1999,173000
PHL,1998,122000
PHL,1997,122000
PHL,1996,122000
PHL,1995,122000
PHL,1994,99000
PHL,1993,120000
PHL,1992,151000
PHL,1991,152000
PHL,1990,153000
PHL,1989,153000
PHL,1988,162000
PHL,1987,162000
PHL,1986,162000
PHL,1985,154000
PHL,1984,160000
PHL,1983,146000
PHL,1982,126000
PHL,1981,133000
PHL,1980,144000
PHL,1979,173000
PHL,1978,173000
PHL,1977,146000
PHL,1976,149000
PHL,1975,99000
PHL,1974,146000
PHL,1973,174000
PHL,1972,53000
PHL,1971,51000
PHL,1970,39000
PHL,1969,42000
PHL,1968,40000
PHL,1967,37000
PHL,1966,35000
PHL,1965,33000
PHL,1964,32000
PHL,1963,30000
PHL,1962,10000
PHL,1961,8000
POL,2020,1716500
POL,2019,1622533
POL,2018,1742656
POL,2017,1761716
POL,2016,1630365
POL,2015,1115234
POL,2014,1119359
POL,2013,1107000
POL,2012,1039800
POL,2011,1101691
POL,2010,1079801
POL,2009,1033756
POL,2008,1041267
POL,2007,1055782
POL,2006,1061200
POL,2005,1049100
POL,2004,1027000
POL,2003,1029000
POL,2002,1025000
POL,2001,977000
POL,2000,994000
POL,1999,912000
POL,1998,954000
POL,1997,884000
POL,1996,877000
POL,1995,879000
POL,1994,842000
POL,1993,767000
POL,1992,740000
POL,1991,721000
POL,1990,734000
POL,1989,834000
POL,1988,829000
POL,1987,815000
POL,1986,790000
POL,1985,783000
POL,1984,783000
POL,1983,852000
POL,1982,644000
POL,1981,641000
POL,1980,734000
POL,1979,662000
POL,1978,724000
POL,1977,761000
POL,1976,761000
POL,1975,693000
POL,1974,758000
POL,1973,751000
POL,1972,689900
POL,1971,640000
POL,1970,636100
POL,1969,626700
POL,1968,623200
POL,1967,591300
POL,1966,554900
POL,1965,504200
POL,1964,496100
POL,1963,489900
POL,1962,486300
POL,1961,469400
PRT,2020,2683100
PRT,2019,2744900
PRT,2018,2772900
PRT,2017,2752900
PRT,2016,2729100
PRT,2015,2660900
PRT,2014,2625900
PRT,2013,2536674
PRT,2012,2452030
PRT,2011,2265100
PRT,2010,1837514
PRT,2009,2066634
PRT,2008,2021757
PRT,2007,2092175
PRT,2006,2065000
PRT,2005,1990000
PRT,2004,1949000
PRT,2003,1935000
PRT,2002,1929000
PRT,2001,1806000
PRT,2000,1774000
PRT,1999,1755000
PRT,1998,1708000
PRT,1997,1703000
PRT,1996,1595000
PRT,1995,1617000
PRT,1994,1539000
PRT,1993,1520000
PRT,1992,1592000
PRT,1991,1619000
PRT,1990,1449000
PRT,1989,1482000
PRT,1988,1472000
PRT,1987,1408000
PRT,1986,1375000
PRT,1985,1306000
PRT,1984,988000
PRT,1983,950400
PRT,1982,870100
PRT,1981,685000
PRT,1980,645000
PRT,1979,698600
PRT,1978,600000
PRT,1977,494000
PRT,1976,462000
PRT,1975,547000
PRT,1974,591000
PRT,1973,536000
PRT,1972,516000
PRT,1971,474100
PRT,1970,427400
PRT,1969,361200
PRT,1968,283200
PRT,1967,233200
PRT,1966,208300
PRT,1965,187600
PRT,1964,156600
PRT,1963,126000
PRT,1962,104400
PRT,1961,102500
ROU,2020,0
ROU,2019,0
ROU,2018,0
ROU,2017,0
ROU,2016,0
ROU,2015,0
ROU,2014,0
ROU,2013,0
ROU,2012,0
ROU,2011,0
ROU,2010,0
ROU,2009,15000
ROU,2008,42438
ROU,2007,169000
ROU,2006,150000
ROU,2005,161000
ROU,2004,262000
ROU,2003,290000
ROU,2002,274000
ROU,2001,268000
ROU,2000,292700
ROU,1999,201000
ROU,1998,217000
ROU,1997,248000
ROU,1996,249000
ROU,1995,298000
ROU,1994,220000
ROU,1993,364000
ROU,1992,364000
ROU,1991,363000
ROU,1990,481000
ROU,1989,619000
ROU,1988,673000
ROU,1987,673000
ROU,1986,673000
ROU,1985,673000
ROU,1984,673000
ROU,1983,673000
ROU,1982,673000
ROU,1981,701000
ROU,1980,741000
ROU,1979,723000
ROU,1978,723000
ROU,1977,639000
ROU,1976,668000
ROU,1975,668000
ROU,1974,593000
ROU,1973,504000
ROU,1972,472000
ROU,1971,464000
ROU,1970,401000
ROU,1969,438000
ROU,1968,417500
ROU,1967,378600
ROU,1966,279000
ROU,1965,241000
ROU,1964,229000
ROU,1963,204600
ROU,1962,169000
ROU,1961,157400
RUS,2020,8765000
RUS,2019,8227000
RUS,2018,8579000
RUS,2017,8292000
RUS,2016,8352000
RUS,2015,8074186
RUS,2014,7532000
RUS,2013,7200000
RUS,2012,7662000
RUS,2011,7916006
RUS,2010,7376000
RUS,2009,6750000
RUS,2008,7179000
RUS,2007,7031000
RUS,2006,7063000
RUS,2005,7053000
RUS,2004,6971000
RUS,2003,6763000
RUS,2002,6512000
RUS,2001,6151700
RUS,2000,5842000
RUS,1999,5109000
RUS,1998,3991000
RUS,1997,3750000
RUS,1996,3817000
RUS,1995,5073000
RUS,1994,3917000
RUS,1993,5072000
RUS,1992,6542000
SRB,2020,0
SRB,2019,0
SRB,2018,0
SRB,2017,0
SRB,2016,0
SRB,2015,0
SRB,2014,0
SRB,2013,0
SRB,2012,0
SRB,2011,0
SRB,2010,0
SRB,2009,0
SRB,2008,20000
SRB,2007,16000
SRB,2006,14000
SYC,2020,0
SYC,2019,0
SYC,2018,0
SYC,2017,0
SYC,2016,0
SYC,2015,0
SYC,2014,0
SYC,2013,0
SYC,2012,0
SYC,2011,0
SYC,2010,0
SYC,2009,0
SYC,2008,0
SVK,2020,686692
SVK,2019,653004
SVK,2018,685861
SVK,2017,728132
SVK,2016,698500
SVK,2015,707743
SVK,2014,719000
SVK,2013,701000
SVK,2012,711000
SVK,2011,716250
SVK,2010,637360
SVK,2009,688718
SVK,2008,693247
SVK,2007,664000
SVK,2006,626000
SVK,2005,609000
SVK,2004,520000
SVK,2003,479000
SVK,2002,453000
SVK,2001,671000
SVK,2000,608000
SVK,1999,556000
SVK,1998,344000
SVK,1997,187000
SVK,1996,252000
SVK,1995,261000
SVK,1994,353000
SVK,1993,211500
SVN,2020,89000
SVN,2019,92000
SVN,2018,92000
SVN,2017,95000
SVN,2016,85000
SVN,2015,90000
SVN,2014,80000
SVN,2013,75372
SVN,2012,58000
SVN,2011,43000
SVN,2010,43000
SVN,2009,172300
SVN,2008,174537
SVN,2007,50000
SVN,2006,170000
SVN,2005,161179
SVN,2004,192203
SVN,2003,180203
SVN,2002,153000
SVN,2001,153000
SVN,2000,153000
SVN,1999,153000
SVN,1998,142000
SVN,1997,133000
SVN,1996,104000
SVN,1995,113000
SVN,1994,116000
SVN,1993,69000
SVN,1992,103000
ZAF,2020,1994386
ZAF,2019,2220549
ZAF,2018,2139000
ZAF,2017,2250857
ZAF,2016,2221547
ZAF,2015,2320192
ZAF,2014,2338462
ZAF,2013,2287969
ZAF,2012,2276000
ZAF,2011,2305975
ZAF,2010,2298000
ZAF,2009,2075000
ZAF,2008,2359501
ZAF,2007,2310000
ZAF,2006,2245800
ZAF,2005,2084000
ZAF,2004,2076000
ZAF,2003,2211000
ZAF,2002,2183000
ZAF,2001,2036000
ZAF,2000,2261000
ZAF,1999,2118000
ZAF,1998,2234000
ZAF,1997,2250000
ZAF,1996,1868000
ZAF,1995,1868000
ZAF,1994,1501000
ZAF,1993,1871000
ZAF,1992,1917000
ZAF,1991,1860000
ZAF,1990,1865000
ZAF,1989,1840000
ZAF,1988,1284000
ZAF,1987,1284000
ZAF,1986,1284000
ZAF,1985,1270000
ZAF,1984,996100
ZAF,1983,1104100
ZAF,1982,1182100
ZAF,1981,1102100
ZAF,1980,1052100
ZAF,1979,1004100
ZAF,1978,977000
ZAF,1977,910000
ZAF,1976,820000
ZAF,1975,921000
ZAF,1974,902000
ZAF,1973,783000
ZAF,1972,730000
ZAF,1971,680000
ZAF,1970,647000
ZAF,1969,630000
ZAF,1968,648000
ZAF,1967,632000
ZAF,1966,575000
ZAF,1965,561000
ZAF,1964,537000
ZAF,1963,464000
ZAF,1962,369000
ZAF,1961,272000
ESP,2020,1425083
ESP,2019,1516201
ESP,2018,1759000
ESP,2017,1759500
ESP,2016,1700100
ESP,2015,1640900
ESP,2014,1863200
ESP,2013,1929059
ESP,2012,1980500
ESP,2011,1976230
ESP,2010,1873900
ESP,2009,1745500
ESP,2008,2009100
ESP,2007,2080300
ESP,2006,2079200
ESP,2005,2039000
ESP,2004,1994600
ESP,2003,1894000
ESP,2002,1721000
ESP,2001,1721000
ESP,2000,1750000
ESP,1999,1717000
ESP,1998,1656800
ESP,1997,1535000
ESP,1996,1487000
ESP,1995,1602000
ESP,1994,1457000
ESP,1993,1349000
ESP,1992,1542000
ESP,1991,1621000
ESP,1990,1592000
ESP,1989,1756000
ESP,1988,1708000
ESP,1987,1638000
ESP,1986,1543000
ESP,1985,1393000
ESP,1984,1420000
ESP,1983,1349000
ESP,1982,1282000
ESP,1981,1291000
ESP,1980,1262000
ESP,1979,1101000
ESP,1978,1168000
ESP,1977,1148000
ESP,1976,1025000
ESP,1975,919000
ESP,1974,940000
ESP,1973,816000
ESP,1972,729000
ESP,1971,642000
ESP,1970,601800
ESP,1969,542300
ESP,1968,436900
ESP,1967,382400
ESP,1966,416900
ESP,1965,295800
ESP,1964,255500
ESP,1963,236300
ESP,1962,200700
ESP,1961,171200
LKA,2020,2600
LKA,2019,2600
LKA,2018,2600
LKA,2017,2600
LKA,2016,2600
LKA,2015,2600
LKA,2014,2600
LKA,2013,2600
LKA,2012,2600
LKA,2011,2600
LKA,2010,2600
LKA,2009,2600
LKA,2008,2600
LKA,2007,2600
LKA,2006,2600
LKA,2005,2600
LKA,2004,2600
LKA,2003,2600
LKA,2002,2600
LKA,2001,2600
LKA,2000,1200
LKA,1999,2400
LKA,1998,2400
LKA,1997,2400
LKA,1996,2400
LKA,1995,2400
LKA,1994,2000
LKA,1993,2000
LKA,1992,4400
LKA,1991,6200
LKA,1990,11000
LKA,1989,6200
SWE,2020,12034000
SWE,2019,12078000
SWE,2018,11995000
SWE,2017,12157000
SWE,2016,11824011
SWE,2015,11621999
SWE,2014,11531025
SWE,2013,11725000
SWE,2012,12033000
SWE,2011,11856849
SWE,2010,11864000
SWE,2009,11474076
SWE,2008,12071479
SWE,2007,12588000
SWE,2006,12414000
SWE,2005,12108000
SWE,2004,12106000
SWE,2003,11737200
SWE,2002,11354000
SWE,2001,11028000
SWE,2000,11545000
SWE,1999,10693000
SWE,1998,10549000
SWE,1997,10816000
SWE,1996,10166000
SWE,1995,10506000
SWE,1994,10487000
SWE,1993,10272000
SWE,1992,9909000
SWE,1991,10088000
SWE,1990,10215000
SWE,1989,10638000
SWE,1988,10555000
SWE,1987,10197000
SWE,1986,9593000
SWE,1985,9123000
SWE,1984,9293000
SWE,1983,8668000
SWE,1982,7706000
SWE,1981,8530000
SWE,1980,8699000
SWE,1979,9083000
SWE,1978,8557000
SWE,1977,7656000
SWE,1976,8378000
SWE,1975,8415000
SWE,1974,9745000
SWE,1973,9462000
SWE,1972,8314000
SWE,1971,7734000
SWE,1970,8142000
SWE,1969,7627000
SWE,1968,7081000
SWE,1967,6791700
SWE,1966,6541800
SWE,1965,6678000
SWE,1964,6366000
SWE,1963,5676000
SWE,1962,5190000
SWE,1961,5254000
CHE,2020,72139
CHE,2019,91498
CHE,2018,101336
CHE,2017,111097
CHE,2016,113136
CHE,2015,121526
CHE,2014,136332
CHE,2013,113227
CHE,2012,133881
CHE,2011,141604
CHE,2010,123904
CHE,2009,146695
CHE,2008,212839
CHE,2007,336962
CHE,2006,239000
CHE,2005,264000
CHE,2004,271000
CHE,2003,275000
CHE,2002,290299
CHE,2001,281510
CHE,2000,244000
CHE,1999,245000
CHE,1998,225000
CHE,1997,265000
CHE,1996,244000
CHE,1995,254000
CHE,1994,263000
CHE,1993,260000
CHE,1992,294000
CHE,1991,328000
CHE,1990,341000
CHE,1989,329000
CHE,1988,335000
CHE,1987,324000
CHE,1986,310000
CHE,1985,315000
CHE,1984,302000
CHE,1983,284000
CHE,1982,284000
CHE,1981,296000
CHE,1980,285000
CHE,1979,272000
CHE,1978,241000
CHE,1977,230000
CHE,1976,222000
CHE,1975,223000
CHE,1974,255000
CHE,1973,250000
CHE,1972,234000
CHE,1971,233000
CHE,1970,268000
CHE,1969,257000
CHE,1968,253000
CHE,1967,260000
CHE,1966,266000
CHE,1965,250000
CHE,1964,250000
CHE,1963,250000
CHE,1962,250000
CHE,1961,245000
TJK,2020,0
TJK,2019,0
TJK,2018,0
TJK,2017,0
TJK,2016,0
TJK,2015,0
TJK,2014,0
TJK,2013,0
TJK,2012,0
TJK,2011,0
TJK,2010,0
TJK,2009,0
TJK,2008,0
TJK,2007,0
TJK,2006,0
TJK,2005,0
TJK,2004,0
THA,2020,1074000
THA,2019,1143000
THA,2018,1162000
THA,2017,1109000
THA,2016,1111000
THA,2015,927000
THA,2014,1010000
THA,2013,1010000
THA,2012,974000
THA,2011,1001000
THA,2010,1014000
THA,2009,1077000
THA,2008,928000
THA,2007,1135000
THA,2006,991000
THA,2005,916000
THA,2004,916000
THA,2003,916000
THA,2002,919000
THA,2001,919000
THA,2000,764000
THA,1999,756000
THA,1998,544000
THA,1997,465000
THA,1996,408000
THA,1995,160000
THA,1994,64000
TUR,2020,70000
TUR,2019,70000
TUR,2018,70000
TUR,2017,70000
TUR,2016,70000
TUR,2015,56000
TUR,2014,70000
TUR,2013,65000
TUR,2012,63000
TUR,2011,75000
TUR,2010,65000
TUR,2009,56000
TUR,2008,65000
TUR,2007,75000
TUR,2006,85000
TUR,2005,225000
TUR,2004,225000
TUR,2003,225000
TUR,2002,225000
TUR,2001,236000
TUR,2000,306000
TUR,1999,250000
TUR,1998,290000
TUR,1997,278000
TUR,1996,336000
TUR,1995,413000
TUR,1994,328000
TUR,1993,258000
TUR,1992,339000
TUR,1991,304000
TUR,1990,333000
TUR,1989,375100
TUR,1988,351100
TUR,1987,365100
TUR,1986,376100
TUR,1985,352100
TUR,1984,375100
TUR,1983,317800
TUR,1982,283500
TUR,1981,289500
TUR,1980,282600
TUR,1979,284600
TUR,1978,168000
TUR,1977,264000
TUR,1976,238000
TUR,1975,262000
TUR,1974,283000
TUR,1973,322000
TUR,1972,235000
TUR,1971,184600
TUR,1970,101600
TUR,1969,78500
TUR,1968,80000
TUR,1967,76900
TUR,1966,78300
TUR,1965,76000
TUR,1964,76000
TUR,1963,68700
TUR,1962,67200
TUR,1961,39600
TKM,2020,0
TKM,2019,0
TKM,2018,0
TKM,2017,0
TKM,2016,0
TKM,2015,0
TKM,2014,0
TKM,2013,0
TKM,2012,0
UKR,2020,0
UKR,2019,0
UKR,2018,0
UKR,2017,0
UKR,2016,0
UKR,2015,0
UKR,2014,0
UKR,2013,0
UKR,2012,0
UKR,2011,0
UKR,2010,0
UKR,2009,0
UKR,2008,0
UKR,2007,0
UKR,2006,0
UKR,2005,0
UKR,2004,27000
UKR,2003,27000
UKR,2002,27000
UKR,2001,27000
UKR,2000,23000
UKR,1999,13000
UKR,1998,15000
UKR,1997,11000
UKR,1996,18000
UKR,1995,23000
UKR,1994,19000
UKR,1993,22000
UKR,1992,26000
USA,2020,50871015
USA,2019,52061998
USA,2018,53233456
USA,2017,49247516
USA,2016,49534430
USA,2015,49368210
USA,2014,50106640
USA,2013,49055100
USA,2012,50200530
USA,2011,51114622
USA,2010,50905939
USA,2009,49045972
USA,2008,52898853
USA,2007,55635637
USA,2006,53729122
USA,2005,54819336
USA,2004,54471954
USA,2003,53196714
USA,2002,53568583
USA,2001,53680144
USA,2000,57830911
USA,1999,58362000
USA,1998,59523535
USA,1997,60365000
USA,1996,59312000
USA,1995,60866000
USA,1994,65788000
USA,1993,58333000
USA,1992,59281008
USA,1991,58896000
USA,1990,57217000
USA,1989,56225000
USA,1988,55530008
USA,1987,54058016
USA,1986,51927008
USA,1985,49061000
USA,1984,50398008
USA,1983,47660008
USA,1982,44786008
USA,1981,47200016
USA,1980,46187008
USA,1979,45318000
USA,1978,43145000
USA,1977,41618000
USA,1976,40307000
USA,1975,36808000
USA,1974,41379000
USA,1973,41221000
USA,1972,39866000
USA,1971,37405000
USA,1970,37318000
USA,1969,36828000
USA,1968,35308500
USA,1967,31766600
USA,1966,31534200
USA,1965,29153800
USA,1964,27760900
USA,1963,25709100
USA,1962,23835200
USA,1961,22759300
URY,2020,2792781
URY,2019,2618000
URY,2018,2543345
URY,2017,2644000
URY,2016,2604326
URY,2015,2412000
URY,2014,1910000
URY,2013,1240000
URY,2012,1154000
URY,2011,1088000
URY,2010,1116000
URY,2009,1066000
URY,2008,967000
URY,2007,131000
URY,2006,34000
URY,2005,34000
URY,2004,38000
URY,2003,35000
URY,2002,35000
URY,2001,35000
URY,2000,35000
URY,1999,38000
URY,1998,35000
URY,1997,37000
URY,1996,29000
URY,1995,29000
URY,1994,36000
URY,1993,36000
URY,1992,36000
URY,1991,36400
URY,1990,26000
URY,1989,30000
URY,1988,28000
URY,1987,34300
URY,1986,33600
URY,1985,25300
URY,1984,27800
URY,1983,23400
URY,1982,21300
URY,1981,21300
URY,1980,23400
URY,1979,22200
URY,1978,18500
URY,1977,14100
URY,1976,14300
URY,1975,14800
URY,1974,12800
URY,1973,5100
URY,1972,4600
URY,1971,7100
URY,1970,5900
URY,1969,6300
URY,1968,5700
URY,1967,4300
URY,1966,3800
URY,1965,3800
URY,1964,3800
URY,1963,3000
URY,1962,2000
URY,1961,1000
UZB,2020,0
UZB,2019,7400
UZB,2018,7400
UZB,2017,7400
UZB,2016,7400
UZB,2015,7400
UZB,2014,7400
UZB,2013,7400
UZB,2012,7400
UZB,2011,5500
UZB,2010,0
UZB,2009,0
UZB,2008,0
UZB,2007,0
VNM,2020,540000
VNM,2019,540000
VNM,2018,540000
VNM,2017,540000
VNM,2016,540000
VNM,2015,540000
VNM,2014,540000
VNM,2013,540000
VNM,2012,540000
VNM,2011,520000
VNM,2010,370000
VNM,2009,300000
VNM,2008,300000
VNM,2007,316000
VNM,2006,303000
VNM,2005,278000
VNM,2004,278000
VNM,2003,231500
VNM,2002,240000
VNM,2001,240000
VNM,2000,240000
VNM,1999,220000
VNM,1998,59000
VNM,1997,59000
VNM,1996,59000
VNM,1995,59000
VNM,1994,59000
VNM,1993,59000
VNM,1992,52300
VNM,1991,45500
VNM,1990,20500
VNM,1989,31000
VNM,1988,31000
VNM,1987,31000
VNM,1986,31000
VNM,1985,26000
VNM,1984,21000
VNM,1983,18000
VNM,1982,25000
VNM,1981,10000
VNM,1980,10000
VNM,1979,10000
VNM,1978,10000
VNM,1977,10000
VNM,1976,8000
VNM,1975,8000
VNM,1974,8000
VNM,1973,8000
VNM,1972,8000
VNM,1971,8000
VNM,1970,7700
VNM,1969,7700
VNM,1968,7300
VNM,1965,1400
VNM,1964,3200
VNM,1963,1400
ZWE,2016,0
ZWE,2015,0
ZWE,2014,0
ZWE,2013,0
ZWE,2012,0
ZWE,2011,0
ZWE,2010,0
ZWE,2009,47000
ZWE,2008,47000
ZWE,2007,47000
ZWE,2006,47000
ZWE,2005,28000
ZWE,2004,28000
ZWE,2003,28000
ZWE,2002,42000
ZWE,2001,42000
ZWE,2000,42000
ZWE,1999,42000
ZWE,1998,42000
ZWE,1997,42000
ZWE,1996,42000
ZWE,1995,42000
ZWE,1994,42000
ZWE,1993,42000
ZWE,1992,42000
ZWE,1991,42000
ZWE,1990,42000
ZWE,1989,37000
ZWE,1988,37000
ZWE,1987,32000
ZWE,1986,28000
ZWE,1985,31000
ZWE,1984,33000
ZWE,1983,26000
ZWE,1982,25000
ZWE,1981,26000
ZWE,1980,26000
ZWE,1979,24000
ZWE,1978,21000
ZWE,1977,16000
ZWE,1976,16000
ZWE,1975,16000
ZWE,1974,16000
ZWE,1973,16000
ZWE,1972,14700
ZWE,1971,14200
ZWE,1970,10000
ZWE,1969,8000
ZWE,1968,7000
ZWE,1967,5000
ZWE,1966,5000
ZWE,1965,4900
ZWE,1964,4700
ZWE,1963,3400
ZWE,1962,2700
ZWE,1961,4000
