country_code,year,wood_pulp_import_tonnes
AFG,2020,245
AFG,2019,622
AFG,2018,127
AFG,2017,32
AFG,2016,167
AFG,2015,158
AFG,2014,226
AFG,2013,358
AFG,2012,398
AFG,2011,168
AFG,2010,195
AFG,2009,147
AFG,2008,86
AFG,2007,51
AFG,2006,490
AFG,2005,490
AFG,2004,490
AFG,2003,784
AFG,2002,783
AFG,2001,490
AFG,2000,490
AFG,1999,756
AFG,1998,482
AFG,1997,564
AFG,1996,337
AFG,1995,23
AFG,1994,23
AFG,1993,23
ALB,2020,29
ALB,2019,23
ALB,2018,1
ALB,2017,0
ALB,2016,4465
ALB,2015,4465
ALB,2014,495
ALB,2013,465
ALB,2012,480
ALB,2011,4802
ALB,2010,4354
ALB,2009,4354
ALB,2008,4354
ALB,2007,4354
ALB,2006,4354
ALB,2005,4354
ALB,2004,4354
ALB,2003,4354
ALB,2002,4354
ALB,2001,4354
ALB,2000,4354
ALB,1999,4331
ALB,1998,4031
ALB,1997,4630
ALB,1996,4000
ALB,1995,4000
ALB,1994,4000
ALB,1993,3000
ALB,1992,0
DZA,2020,102617
DZA,2019,107809
DZA,2018,75839
DZA,2017,86801
DZA,2016,69713
DZA,2015,66851
DZA,2014,52785
DZA,2013,46707
DZA,2012,48297
DZA,2011,44392
DZA,2010,39351
DZA,2009,31534
DZA,2008,18555
DZA,2007,15796
DZA,2006,3804
DZA,2005,16923
DZA,2004,16923
DZA,2003,13620
DZA,2002,17000
DZA,2001,8600
DZA,2000,12900
DZA,1999,22700
DZA,1998,30000
DZA,1997,29000
DZA,1996,63000
DZA,1995,38600
DZA,1994,57200
DZA,1993,57100
DZA,1992,55260
DZA,1991,58600
DZA,1990,71000
DZA,1989,70000
DZA,1988,51700
DZA,1987,36900
DZA,1986,56200
DZA,1985,70700
DZA,1984,64000
DZA,1983,72600
DZA,1982,43400
DZA,1981,34600
DZA,1980,49600
DZA,1979,33100
DZA,1978,33000
DZA,1977,30900
DZA,1976,30900
DZA,1975,17000
DZA,1974,17000
DZA,1973,17000
DZA,1972,2300
DZA,1971,2300
DZA,1970,2300
DZA,1969,2300
DZA,1968,2300
DZA,1967,400
DZA,1966,400
DZA,1965,100
DZA,1963,1500
DZA,1962,1500
DZA,1961,1500
AND,2020,451
AND,2019,451
AGO,2020,17643
AGO,2019,12499
AGO,2018,11631
AGO,2017,8097
AGO,2016,3306
AGO,2015,798
AGO,2014,8964
AGO,2013,8068
AGO,2012,3841
AGO,2011,3491
AGO,2010,1408
AGO,2009,2881
AGO,2008,723
AGO,2007,1190
AGO,2006,337
AGO,2005,37
AGO,2004,37
AGO,2003,18
AGO,2002,12
AGO,2001,12
AGO,2000,12
AGO,1999,1
AGO,1998,1
AGO,1997,30
AGO,1996,0
AGO,1995,0
AGO,1994,0
AGO,1993,0
ARG,2020,238536
ARG,2019,237446
ARG,2018,196220
ARG,2017,224792
ARG,2016,165605
ARG,2015,167036
ARG,2014,150518
ARG,2013,122692
ARG,2012,145104
ARG,2011,125038
ARG,2010,106197
ARG,2009,121356
ARG,2008,89138
ARG,2007,101710
ARG,2006,90620
ARG,2005,120698
ARG,2004,151010
ARG,2003,108739
ARG,2002,108437
ARG,2001,99230
ARG,2000,101530
ARG,1999,131500
ARG,1998,139950
ARG,1997,164700
ARG,1996,135300
ARG,1995,91500
ARG,1994,94900
ARG,1993,87600
ARG,1992,70185
ARG,1991,19100
ARG,1990,19100
ARG,1989,16200
ARG,1988,36000
ARG,1987,57500
ARG,1986,60800
ARG,1985,39700
ARG,1984,60100
ARG,1983,69000
ARG,1982,148200
ARG,1981,128000
ARG,1980,116000
ARG,1979,122700
ARG,1978,108700
ARG,1977,86200
ARG,1976,102000
ARG,1975,113200
ARG,1974,157700
ARG,1973,181600
ARG,1972,148900
ARG,1971,171500
ARG,1970,178600
ARG,1969,167800
ARG,1968,167700
ARG,1967,18800
ARG,1966,34800
ARG,1965,43900
ARG,1964,36900
ARG,1963,25400
ARG,1962,29500
ARG,1961,41100
ARM,2020,33
ARM,2019,6
ARM,2018,3
ARM,2017,2
ARM,2016,1
ARM,2015,111
ARM,2014,403
ARM,2013,751
ARM,2012,649
ARM,2011,127
ARM,2010,47
ARM,2009,22
ARM,2008,239
ARM,2007,80
ARM,2006,55
ARM,2005,90
ARM,2004,23
ARM,2003,0
ARM,2002,30
ARM,2001,17000
ABW,2020,44
ABW,2019,44
ABW,2018,44
ABW,2017,44
ABW,2016,44
ABW,2015,44
ABW,2014,44
ABW,2013,44
ABW,2012,44
ABW,2011,44
ABW,2010,44
ABW,2009,44
ABW,2008,44
ABW,2007,44
ABW,2006,44
ABW,2005,44
ABW,2004,44
ABW,2003,44
ABW,2002,44
ABW,2001,44
ABW,2000,44
ABW,1999,44
ABW,1998,44
ABW,1997,44
ABW,1996,44
ABW,1995,44
ABW,1994,44
ABW,1993,5
AUS,2020,283705
AUS,2019,287077
AUS,2018,309409
AUS,2017,297086
AUS,2016,279364
AUS,2015,291903
AUS,2014,290540
AUS,2013,271438
AUS,2012,252805
AUS,2011,232228
AUS,2010,235600
AUS,2009,274263
AUS,2008,408224
AUS,2007,380851
AUS,2006,343050
AUS,2005,370100
AUS,2004,383100
AUS,2003,343000
AUS,2002,341000
AUS,2001,293000
AUS,2000,322500
AUS,1999,279000
AUS,1998,182000
AUS,1997,202800
AUS,1996,183500
AUS,1995,196300
AUS,1994,223900
AUS,1993,237735
AUS,1992,209738
AUS,1991,188700
AUS,1990,264900
AUS,1989,267100
AUS,1988,283500
AUS,1987,261100
AUS,1986,222700
AUS,1985,196300
AUS,1984,230200
AUS,1983,211700
AUS,1982,247400
AUS,1981,280400
AUS,1980,275900
AUS,1979,280500
AUS,1978,236100
AUS,1977,274200
AUS,1976,229100
AUS,1975,301400
AUS,1974,344000
AUS,1973,306700
AUS,1972,233800
AUS,1971,287900
AUS,1970,309500
AUS,1969,263100
AUS,1968,248700
AUS,1967,16100
AUS,1966,15100
AUS,1965,19900
AUS,1964,20400
AUS,1963,19600
AUS,1962,11800
AUS,1961,9400
AUT,2020,576476
AUT,2019,627199
AUT,2018,670704
AUT,2017,752163
AUT,2016,821544
AUT,2015,827526
AUT,2014,796220
AUT,2013,697138
AUT,2012,721989
AUT,2011,636607
AUT,2010,615037
AUT,2009,608790
AUT,2008,696406
AUT,2007,671000
AUT,2006,722000
AUT,2005,660047
AUT,2004,673000
AUT,2003,558000
AUT,2002,583000
AUT,2001,509000
AUT,2000,594000
AUT,1999,603000
AUT,1998,612800
AUT,1997,562300
AUT,1996,544200
AUT,1995,533500
AUT,1994,559000
AUT,1993,508948
AUT,1992,458007
AUT,1991,411000
AUT,1990,373100
AUT,1989,372500
AUT,1988,330000
AUT,1987,344400
AUT,1986,313800
AUT,1985,305800
AUT,1984,247200
AUT,1983,228500
AUT,1982,197900
AUT,1981,196900
AUT,1980,174600
AUT,1979,140400
AUT,1978,152700
AUT,1977,174194
AUT,1976,168907
AUT,1975,146100
AUT,1974,208100
AUT,1973,177600
AUT,1972,124200
AUT,1971,85600
AUT,1970,75700
AUT,1969,70700
AUT,1968,63400
AUT,1967,6600
AUT,1966,8400
AUT,1965,500
AUT,1964,4900
AUT,1963,1300
AUT,1962,900
AUT,1961,600
AZE,2020,43
AZE,2019,200
AZE,2018,100
AZE,2017,145
AZE,2016,238
AZE,2015,1219
AZE,2014,372
AZE,2013,372
AZE,2012,194
AZE,2011,145
AZE,2010,100
AZE,2009,69
AZE,2008,24
AZE,2007,17
AZE,2006,25
AZE,2005,57
AZE,2004,14
AZE,2003,10
AZE,2002,20
AZE,2001,20
AZE,2000,0
AZE,1999,0
BHS,2020,23
BHS,2019,370
BHS,2018,12
BHS,2017,12
BHS,2016,12
BHS,2015,12
BHS,2014,13
BHS,2013,33
BHS,2012,29
BHS,2011,29
BHS,2010,29
BHS,2009,35
BHS,2008,43
BHS,2007,153
BHS,2006,162
BHS,2005,221
BHS,2004,221
BHS,2003,114
BHS,2002,106
BHS,2001,100
BHS,2000,100
BHS,1999,100
BHS,1998,0
BHS,1997,0
BHS,1996,0
BHS,1995,0
BHS,1994,135
BHS,1993,107
BHS,1992,70
BHR,2020,6032
BHR,2019,21504
BHR,2018,26586
BHR,2017,35363
BHR,2016,35632
BHR,2015,31596
BHR,2014,35437
BHR,2013,21262
BHR,2012,7669
BHR,2011,9456
BHR,2010,15833
BHR,2009,4006
BHR,2008,4545
BHR,2007,13751
BHR,2006,12736
BHR,2005,17709
BHR,2004,17709
BHR,2003,12338
BHR,2002,353
BHR,2001,2000
BHR,2000,5000
BHR,1999,5000
BHR,1998,9800
BHR,1997,13000
BHR,1996,11200
BHR,1995,8590
BHR,1994,5039
BHR,1993,46
BHR,1992,56
BGD,2020,343293
BGD,2019,413709
BGD,2018,420674
BGD,2017,372568
BGD,2016,510541
BGD,2015,266804
BGD,2014,309253
BGD,2013,233686
BGD,2012,155724
BGD,2011,158801
BGD,2010,29866
BGD,2009,93017
BGD,2008,51097
BGD,2007,34860
BGD,2006,22185
BGD,2005,25013
BGD,2004,25013
BGD,2003,8514
BGD,2002,5246
BGD,2001,14700
BGD,2000,14100
BGD,1999,14100
BGD,1998,9700
BGD,1997,14000
BGD,1996,6403
BGD,1995,4149
BGD,1994,4931
BGD,1993,11743
BGD,1992,13098
BGD,1991,8100
BGD,1990,13000
BGD,1989,15100
BGD,1988,14600
BGD,1987,32900
BGD,1986,24700
BGD,1985,30900
BGD,1984,22000
BGD,1983,8100
BGD,1982,8100
BGD,1981,4000
BGD,1980,5700
BGD,1979,5700
BGD,1978,5600
BGD,1977,7800
BGD,1976,5500
BGD,1975,400
BGD,1974,11900
BGD,1973,18300
BGD,1972,24000
BGD,1971,4000
BRB,2020,19
BRB,2019,19
BRB,2018,19
BRB,2017,19
BRB,2016,9
BRB,2015,14
BRB,2014,14
BRB,2013,30
BRB,2012,58
BRB,2011,60
BRB,2010,60
BRB,2009,60
BRB,2008,58
BRB,2007,78
BRB,2006,897
BRB,2005,490
BRB,2004,490
BRB,2003,413
BRB,2002,664
BRB,2001,800
BRB,2000,1400
BRB,1999,1400
BRB,1998,1300
BRB,1997,1300
BRB,1996,900
BRB,1995,1506
BRB,1994,1167
BRB,1993,180
BRB,1992,165
BLR,2020,17200
BLR,2019,12600
BLR,2018,18709
BLR,2017,23322
BLR,2016,17756
BLR,2015,19427
BLR,2014,20133
BLR,2013,13840
BLR,2012,27219
BLR,2011,23107
BLR,2010,48126
BLR,2009,35193
BLR,2008,39400
BLR,2007,39400
BLR,2006,39400
BLR,2005,39400
BLR,2004,39400
BLR,2003,39400
BLR,2002,38500
BLR,2001,36700
BLR,2000,40832
BLR,1999,43900
BLR,1998,35520
BLR,1997,1820
BLR,1996,5451
BEL,2020,908604
BEL,2019,908604
BEL,2018,1015967
BEL,2017,969763
BEL,2016,936910
BEL,2015,866093
BEL,2014,980341
BEL,2013,945730
BEL,2012,754850
BEL,2011,640326
BEL,2010,837732
BEL,2009,781815
BEL,2008,996419
BEL,2007,1159699
BEL,2006,1276192
BEL,2005,1071016
BEL,2004,990650
BEL,2003,939520
BEL,2002,1076586
BEL,2001,1141790
BEL,2000,1100000
BLZ,2020,3824
BLZ,2019,1923
BLZ,2018,2375
BLZ,2017,3100
BLZ,2016,3135
BLZ,2015,2339
BLZ,2014,316
BLZ,2013,1999
BLZ,2012,1999
BLZ,2011,1999
BLZ,2010,1999
BLZ,2009,1999
BLZ,2008,1999
BLZ,2007,1999
BLZ,2006,1999
BLZ,2005,1999
BLZ,2004,1999
BLZ,2003,1999
BLZ,2002,1999
BLZ,2001,1999
BLZ,2000,1999
BLZ,1999,1999
BLZ,1998,1999
BLZ,1997,19
BLZ,1996,19
BLZ,1995,19
BEN,2020,431
BEN,2019,431
BEN,2018,431
BEN,2017,431
BEN,2016,432
BEN,2015,432
BEN,2014,431
BEN,2013,433
BEN,2012,433
BEN,2011,433
BEN,2010,440
BEN,2009,434
BEN,2008,5
BEN,2007,4
BEN,2006,4
BEN,2005,11
BEN,2004,11
BEN,2003,2
BEN,2002,7
BEN,2001,7
BEN,2000,7
BEN,1999,0
BEN,1998,0
BEN,1997,0
BEN,1996,0
BEN,1995,0
BEN,1994,0
BEN,1992,31
BTN,2020,522
BTN,2019,522
BTN,2018,522
BTN,2017,522
BTN,2016,522
BTN,2015,522
BTN,2014,506
BTN,2013,507
BTN,2012,507
BTN,2011,507
BTN,2010,507
BTN,2009,507
BTN,2008,507
BTN,2007,507
BTN,2006,507
BTN,2005,506
BTN,2004,506
BTN,2003,506
BTN,2002,506
BTN,2001,506
BTN,2000,506
BTN,1999,506
BTN,1998,506
BTN,1997,506
BTN,1996,400
BIH,2020,41323
BIH,2019,39980
BIH,2018,39596
BIH,2017,41584
BIH,2016,41903
BIH,2015,37833
BIH,2014,38031
BIH,2013,37482
BIH,2012,34000
BIH,2011,35001
BIH,2010,34580
BIH,2009,37545
BIH,2008,36000
BIH,2007,33719
BIH,2006,33674
BIH,2005,33674
BIH,2004,31545
BIH,2003,1862
BIH,2002,1862
BIH,2001,1862
BIH,2000,1862
BIH,1999,1862
BIH,1998,1851
BIH,1997,95
BIH,1996,51
BIH,1995,51
BIH,1994,51
BIH,1993,184
BIH,1992,184
BWA,2020,0
BWA,2019,3
BWA,2018,1
BWA,2017,1
BWA,2016,2
BWA,2015,8
BWA,2014,6
BWA,2013,8
BWA,2012,36
BWA,2011,4
BWA,2010,71
BWA,2009,1
BRA,2020,200135
BRA,2019,265427
BRA,2018,195267
BRA,2017,225700
BRA,2016,374230
BRA,2015,423905
BRA,2014,429074
BRA,2013,443902
BRA,2012,422984
BRA,2011,410042
BRA,2010,424404
BRA,2009,375889
BRA,2008,343300
BRA,2007,312300
BRA,2006,340200
BRA,2005,354929
BRA,2004,398550
BRA,2003,350672
BRA,2002,350628
BRA,2001,316100
BRA,2000,347500
BRA,1999,340000
BRA,1998,319800
BRA,1997,277300
BRA,1996,254800
BRA,1995,202000
BRA,1994,123264
BRA,1993,124603
BRA,1992,75795
BRA,1991,85700
BRA,1990,64400
BRA,1989,78000
BRA,1988,55300
BRA,1987,45000
BRA,1986,41100
BRA,1985,28100
BRA,1984,20600
BRA,1983,11800
BRA,1982,15100
BRA,1981,32600
BRA,1980,60200
BRA,1979,74900
BRA,1978,70000
BRA,1977,68100
BRA,1976,66800
BRA,1975,100800
BRA,1974,202300
BRA,1973,147600
BRA,1972,148100
BRA,1971,93900
BRA,1970,48400
BRA,1969,50700
BRA,1968,70000
BRA,1967,21900
BRA,1966,25100
BRA,1965,11400
BRA,1964,14500
BRN,2020,2
BRN,2019,2
BRN,2018,2
BRN,2017,75
BRN,2016,99
BRN,2015,99
BRN,2014,99
BRN,2013,49
BRN,2012,30
BRN,2011,91
BRN,2010,28
BRN,2009,45
BRN,2008,43
BRN,2007,13
BRN,2006,13
BRN,2005,15
BRN,2004,15
BRN,2003,12
BRN,2002,21
BRN,2001,21
BRN,2000,21
BRN,1999,21
BRN,1998,0
BRN,1997,5
BRN,1996,5
BRN,1995,53
BRN,1994,48
BRN,1993,48
BRN,1992,2
BGR,2020,12453
BGR,2019,11032
BGR,2018,9224
BGR,2017,13587
BGR,2016,30237
BGR,2015,18603
BGR,2014,25040
BGR,2013,34663
BGR,2012,22024
BGR,2011,19962
BGR,2010,8624
BGR,2009,12256
BGR,2008,13934
BGR,2007,19507
BGR,2006,16002
BGR,2005,19139
BGR,2004,17990
BGR,2003,12000
BGR,2002,12000
BGR,2001,10000
BGR,2000,14000
BGR,1999,16000
BGR,1998,5600
BGR,1997,5600
BGR,1996,16600
BGR,1995,1200
BGR,1994,2000
BGR,1993,2400
BGR,1992,15599
BGR,1991,90400
BGR,1990,90400
BGR,1989,124700
BGR,1988,138000
BGR,1987,154800
BGR,1986,150600
BGR,1985,157300
BGR,1984,157700
BGR,1983,158100
BGR,1982,129000
BGR,1981,128800
BGR,1980,139600
BGR,1979,98000
BGR,1978,111300
BGR,1977,104100
BGR,1976,107500
BGR,1975,82700
BGR,1974,71600
BGR,1973,77500
BGR,1972,74300
BGR,1971,76000
BGR,1970,79000
BGR,1969,67800
BGR,1968,73600
BFA,2020,118
BFA,2019,108
BFA,2018,118
BFA,2017,118
BFA,2016,108
BFA,2015,103
BFA,2014,79
BFA,2013,79
BFA,2012,79
BFA,2011,39
BFA,2010,87
BFA,2009,86
BFA,2008,86
BFA,2007,86
BFA,2006,86
BFA,2005,86
BFA,2004,86
BFA,2003,0
BFA,2002,0
BFA,2001,0
BFA,2000,0
BFA,1999,0
BFA,1998,0
BFA,1997,8
BFA,1996,8
BFA,1995,8
BFA,1994,8
BFA,1993,8
BDI,2020,28
BDI,2019,28
BDI,2018,28
BDI,2017,28
BDI,2016,25
BDI,2015,25
BDI,2014,25
BDI,2013,48
BDI,2012,48
BDI,2011,71
BDI,2010,71
BDI,2009,71
BDI,2008,71
BDI,2007,47
BDI,2006,174
BDI,2005,174
BDI,2004,174
BDI,2003,46
BDI,2002,0
BDI,2001,0
BDI,2000,0
BDI,1999,0
BDI,1998,148
BDI,1997,148
CPV,2020,6
CPV,2019,6
CPV,2018,6
CPV,2017,6
CPV,2016,6
CPV,2015,6
CPV,2014,6
CPV,2013,8
CPV,2012,8
CPV,2011,8
CPV,2010,2
KHM,2020,2876
KHM,2019,1057
KHM,2018,1236
KHM,2017,416
KHM,2016,70
KHM,2015,68
KHM,2014,68
KHM,2013,67
KHM,2012,67
KHM,2011,67
KHM,2010,67
KHM,2009,67
KHM,2008,67
KHM,2007,67
KHM,2006,28
KHM,2005,0
KHM,2004,0
KHM,2003,0
KHM,2002,0
KHM,2001,0
KHM,2000,0
KHM,1999,0
KHM,1998,0
KHM,1997,0
KHM,1996,0
KHM,1995,0
KHM,1994,0
KHM,1993,0
KHM,1987,0
KHM,1973,0
KHM,1970,1700
KHM,1969,1700
KHM,1968,1700
KHM,1967,300
CMR,2020,492
CMR,2019,459
CMR,2018,361
CMR,2017,487
CMR,2016,502
CMR,2015,330
CMR,2014,244
CMR,2013,871
CMR,2012,871
CMR,2011,1204
CMR,2010,1204
CMR,2009,728
CMR,2008,1592
CMR,2007,500
CMR,2006,500
CMR,2005,500
CMR,2004,500
CMR,2003,500
CMR,2002,500
CMR,2001,1500
CMR,2000,300
CMR,1999,300
CMR,1998,300
CMR,1997,424
CMR,1996,144
CMR,1995,144
CMR,1994,215
CMR,1993,305
CMR,1992,314
CAN,2020,418032
CAN,2019,399997
CAN,2018,351786
CAN,2017,342871
CAN,2016,312898
CAN,2015,331271
CAN,2014,288902
CAN,2013,250496
CAN,2012,268000
CAN,2011,222178
CAN,2010,227000
CAN,2009,246000
CAN,2008,316455
CAN,2007,311243
CAN,2006,313000
CAN,2005,319000
CAN,2004,286105
CAN,2003,476114
CAN,2002,266149
CAN,2001,263000
CAN,2000,273925
CAN,1999,257400
CAN,1998,256900
CAN,1997,257200
CAN,1996,258000
CAN,1995,317000
CAN,1994,325000
CAN,1993,275251
CAN,1992,259694
CAN,1991,185900
CAN,1990,232000
CAN,1989,172700
CAN,1988,171200
CAN,1987,198600
CAN,1986,267400
CAN,1985,220200
CAN,1984,194900
CAN,1983,153000
CAN,1982,146200
CAN,1981,138000
CAN,1980,141200
CAN,1979,174500
CAN,1978,126100
CAN,1977,81600
CAN,1976,84100
CAN,1975,81600
CAN,1974,56000
CAN,1973,82200
CAN,1972,96500
CAN,1971,75100
CAN,1970,46500
CAN,1969,35400
CAN,1968,42000
CAN,1967,15200
CAN,1966,14300
CAN,1965,25000
CAN,1964,19600
CAN,1963,22900
CAN,1962,16000
CAN,1961,11600
CYM,2020,520
CYM,2019,520
CYM,2018,0
CYM,2017,0
CYM,2016,0
CYM,2015,0
CYM,2014,0
CYM,2013,16494
CYM,2012,2602
CYM,2011,5290
CYM,2010,954
CYM,2009,903
CAF,2020,826
CAF,2019,826
CAF,2018,826
CAF,2017,240
CAF,2016,288
CAF,2015,288
CAF,2014,288
CAF,2013,288
CAF,2012,288
CAF,2011,288
CAF,2010,288
CAF,2009,288
CAF,2008,288
CAF,2007,288
CAF,2006,288
CAF,2005,288
CAF,2004,288
CAF,2003,240
TCD,2020,0
TCD,2019,0
TCD,2018,0
TCD,2017,0
TCD,2016,0
TCD,2015,0
TCD,2014,0
TCD,2013,0
TCD,2012,0
TCD,2011,0
TCD,2010,0
TCD,2009,15
TCD,2008,10
TCD,2007,10
TCD,2006,86
TCD,2005,0
TCD,2004,0
TCD,2003,0
TCD,2002,0
TCD,2001,0
TCD,2000,0
TCD,1999,0
TCD,1998,0
TCD,1997,0
TCD,1996,0
TCD,1995,0
TCD,1994,12
TCD,1993,12
TCD,1992,10
CHL,2020,17851
CHL,2019,17649
CHL,2018,17720
CHL,2017,18712
CHL,2016,19251
CHL,2015,20332
CHL,2014,17824
CHL,2013,21665
CHL,2012,22085
CHL,2011,37177
CHL,2010,19010
CHL,2009,12135
CHL,2008,12000
CHL,2007,14000
CHL,2006,13658
CHL,2005,16000
CHL,2004,17000
CHL,2003,15000
CHL,2002,29100
CHL,2001,37000
CHL,2000,13400
CHL,1999,13400
CHL,1998,6700
CHL,1997,6700
CHL,1996,11300
CHL,1995,2800
CHL,1994,2920
CHL,1993,3098
CHL,1992,2219
CHL,1987,0
CHL,1978,2800
CHL,1977,2600
CHL,1976,3500
CHL,1975,3000
CHL,1974,6700
CHL,1973,14100
CHL,1972,7400
CHL,1971,7600
CHL,1970,3600
CHL,1969,4500
CHL,1968,5000
CHL,1967,6000
CHL,1966,4400
CHL,1965,700
CHL,1964,6700
CHL,1963,4500
CHL,1962,4200
CHL,1961,4600
CHN,2020,29882525
CHN,2019,27399641
CHN,2018,25327008
CHN,2017,24592092
CHN,2016,21868617
CHN,2015,20562264
CHN,2014,18672590
CHN,2013,17607856
CHN,2012,17217742
CHN,2011,15208145
CHN,2010,12137322
CHN,2009,14421827
CHN,2008,10325962
CHN,2007,9353728
CHN,2006,8908681
CHN,2005,8506090
CHN,2004,8180629
CHN,2003,6901615
CHN,2002,6116825
CHN,2001,5801914
CHN,2000,4019398
CHN,1999,3985218
CHN,1998,3149700
CHN,1997,2567423
CHN,1996,2446800
CHN,1995,1887600
CHN,1994,1675509
CHN,1993,1227871
CHN,1992,1241737
CHN,1991,1361500
CHN,1990,875500
CHN,1989,1061300
CHN,1988,1332600
CHN,1987,1109900
CHN,1986,957600
CHN,1985,865700
CHN,1984,883700
CHN,1983,745400
CHN,1982,484600
CHN,1981,549500
CHN,1980,449300
CHN,1979,231900
CHN,1978,232700
CHN,1977,182200
CHN,1976,245800
CHN,1975,236300
CHN,1974,266200
CHN,1973,258200
CHN,1972,263300
CHN,1971,244000
CHN,1970,105300
CHN,1969,94600
CHN,1968,176440
CHN,1967,50300
CHN,1966,47300
CHN,1965,400
CHN,1964,2000
CHN,1962,1100
CHN,1961,100
CHN,2020,149703
CHN,2019,195328
CHN,2018,5951
CHN,2017,625
CHN,2016,395
CHN,2015,41
CHN,2014,222
CHN,2013,803
CHN,2012,417
CHN,2011,287
CHN,2010,515
CHN,2009,1696
CHN,2008,1626
CHN,2007,3431
CHN,2006,1248
CHN,2005,1585
CHN,2004,1898
CHN,2003,3051
CHN,2002,2120
CHN,2001,4214
CHN,2000,5098
CHN,1999,8289
CHN,1998,16000
CHN,1997,7200
CHN,1996,11800
CHN,1995,25300
CHN,1994,24051
CHN,1993,41925
CHN,1992,28749
CHN,1991,21600
CHN,1990,14700
CHN,1989,12200
CHN,1988,25800
CHN,1987,10600
CHN,1986,8500
CHN,1985,7700
CHN,1984,3500
CHN,1983,1800
CHN,1982,500
CHN,1981,200
CHN,1980,600
CHN,1979,800
CHN,1978,1600
CHN,1977,700
CHN,1976,200
CHN,2020,104233
CHN,2019,104233
CHN,2018,0
CHN,2017,0
CHN,2016,0
CHN,2015,0
CHN,2014,0
CHN,2013,0
CHN,2012,0
CHN,2011,0
CHN,2010,0
CHN,2009,0
CHN,2008,0
CHN,2007,0
CHN,2006,0
CHN,2005,0
CHN,2004,0
CHN,2003,0
CHN,2002,0
CHN,2001,0
CHN,2000,0
CHN,1999,0
CHN,1998,0
CHN,1997,223
CHN,1996,0
CHN,1995,0
CHN,1994,0
CHN,1993,81
CHN,1992,186
COL,2020,149519
COL,2019,147566
COL,2018,161589
COL,2017,172245
COL,2016,148788
COL,2015,170775
COL,2014,173789
COL,2013,163673
COL,2012,164512
COL,2011,148861
COL,2010,164824
COL,2009,139994
COL,2008,177926
COL,2007,181649
COL,2006,163955
COL,2005,134944
COL,2004,134944
COL,2003,172559
COL,2002,177400
COL,2001,110100
COL,2000,176500
COL,1999,96400
COL,1998,95800
COL,1997,86400
COL,1996,75200
COL,1995,73900
COL,1994,83408
COL,1993,59089
COL,1992,69696
COL,1991,55300
COL,1990,36200
COL,1989,45000
COL,1988,50500
COL,1987,31700
COL,1986,47100
COL,1985,61600
COL,1984,68700
COL,1983,50900
COL,1982,54900
COL,1981,65600
COL,1980,51600
COL,1979,44100
COL,1978,19900
COL,1977,19900
COL,1976,19900
COL,1975,19900
COL,1974,57700
COL,1973,20700
COL,1972,51600
COL,1971,34400
COL,1970,51800
COL,1969,51500
COL,1968,55100
COL,1967,31600
COL,1966,66200
COL,1965,4700
COL,1964,1000
COL,1963,200
COL,1961,7100
COM,2020,0
COM,2019,0
COM,2018,0
COM,2017,0
COM,2016,0
COM,2015,0
COM,2014,0
COM,2013,0
COM,2012,0
COM,2011,0
COM,2010,0
COM,2009,0
COM,2008,0
COM,2007,0
COM,2006,0
COM,2005,0
COM,2004,0
COM,2003,0
COM,2002,0
COM,2001,0
COM,2000,0
COM,1999,0
COM,1998,0
COM,1997,0
COM,1996,0
COM,1995,5
COM,1994,5
COM,1993,5
COG,2020,312
COG,2019,1
COG,2018,41
COG,2017,41
COG,2016,11
COG,2015,12
COG,2014,46
COG,2013,133
COG,2012,133
COG,2011,133
COG,2010,133
COG,2009,133
COG,2008,148
COG,2007,47
COG,2006,47
COG,2005,47
COG,2004,47
COG,2003,47
COG,2002,0
COG,2001,0
COG,2000,0
COG,1999,0
COG,1998,0
COG,1997,0
COG,1996,0
COG,1995,0
COG,1994,0
COG,1993,0
COG,1992,9
CRI,2020,13419
CRI,2019,15827
CRI,2018,16333
CRI,2017,15144
CRI,2016,13717
CRI,2015,12750
CRI,2014,12378
CRI,2013,12219
CRI,2012,17128
CRI,2011,18768
CRI,2010,19200
CRI,2009,19475
CRI,2008,36688
CRI,2007,50027
CRI,2006,53727
CRI,2005,27786
CRI,2004,27017
CRI,2003,10639
CRI,2002,12374
CRI,2001,11567
CRI,2000,9100
CRI,1999,15300
CRI,1998,5200
CRI,1997,5200
CRI,1996,3344
CRI,1995,10661
CRI,1994,7386
CRI,1993,5894
CRI,1992,2820
CRI,1991,2000
CRI,1990,1300
CRI,1989,2700
CRI,1988,300
CRI,1987,300
CRI,1986,900
CRI,1985,900
CRI,1984,5600
CRI,1983,2800
CRI,1982,5800
CRI,1981,5500
CRI,1980,9200
CRI,1979,4600
CRI,1978,2100
CRI,1977,2700
CRI,1976,2700
CRI,1975,2700
CRI,1974,4400
CRI,1973,1300
CRI,1972,4400
CRI,1971,5400
HRV,2020,225
HRV,2019,195
HRV,2018,174
HRV,2017,813
HRV,2016,150
HRV,2015,126
HRV,2014,287
HRV,2013,88
HRV,2012,69
HRV,2011,399
HRV,2010,404
HRV,2009,419
HRV,2008,0
HRV,2007,1001
HRV,2006,1000
HRV,2005,1000
HRV,2004,1000
HRV,2003,2000
HRV,2002,2000
HRV,2001,2000
HRV,2000,111700
HRV,1999,57800
HRV,1998,67900
HRV,1997,74300
HRV,1996,9400
HRV,1995,11805
HRV,1994,9707
HRV,1993,20412
HRV,1992,18227
CUB,2020,4137
CUB,2019,1653
CUB,2018,4737
CUB,2017,3973
CUB,2016,5608
CUB,2015,5043
CUB,2014,3942
CUB,2013,4607
CUB,2012,4623
CUB,2011,4623
CUB,2010,3783
CUB,2009,3719
CUB,2008,5204
CUB,2007,5204
CUB,2006,5204
CUB,2005,6242
CUB,2004,6242
CUB,2003,2400
CUB,2002,2400
CUB,2001,2400
CUB,2000,2400
CUB,1999,1400
CUB,1998,1400
CUB,1997,1400
CUB,1996,2200
CUB,1995,4200
CUB,1994,768
CUB,1993,546
CUB,1992,909
CUB,1991,44900
CUB,1990,44900
CUB,1989,44900
CUB,1988,45100
CUB,1987,52700
CUB,1986,42600
CUB,1985,50300
CUB,1984,46100
CUB,1983,51400
CUB,1982,44100
CUB,1981,31900
CUB,1980,47900
CUB,1979,38400
CUB,1978,32200
CUB,1977,31000
CUB,1976,31000
CUB,1975,31000
CUB,1974,31000
CUB,1973,31000
CUB,1972,31000
CUB,1971,39000
CUB,1970,30000
CUB,1969,39000
CUB,1968,37500
CUB,1963,10000
CUB,1962,6500
CUB,1961,20300
CYP,2020,337
CYP,2019,317
CYP,2018,791
CYP,2017,340
CYP,2016,91
CYP,2015,95
CYP,2014,83
CYP,2013,58
CYP,2012,147
CYP,2011,28
CYP,2010,62
CYP,2009,1
CYP,2008,685
CYP,2007,1302
CYP,2006,1643
CYP,2005,2223
CYP,2004,2274
CYP,2003,2766
CYP,2002,4130
CYP,2001,2550
CYP,2000,1980
CYP,1999,2600
CYP,1998,3200
CYP,1997,3200
CYP,1996,4300
CYP,1995,4400
CYP,1994,3603
CYP,1993,3124
CYP,1992,2934
CYP,1991,1800
CYP,1990,1500
CYP,1989,2100
CYP,1988,1600
CYP,1987,1600
CYP,1986,600
CYP,1985,100
CYP,1984,100
CYP,1983,100
CYP,1982,300
CYP,1981,500
CYP,1980,400
CYP,1979,700
CYP,1973,200
CYP,1972,200
CYP,1971,100
CZE,2020,231273
CZE,2019,254241
CZE,2018,283382
CZE,2017,245302
CZE,2016,239087
CZE,2015,229594
CZE,2014,198311
CZE,2013,187530
CZE,2012,169325
CZE,2011,145350
CZE,2010,177249
CZE,2009,170470
CZE,2008,187950
CZE,2007,180685
CZE,2006,183600
CZE,2005,193182
CZE,2004,163000
CZE,2003,174000
CZE,2002,160000
CZE,2001,133000
CZE,2000,122000
CZE,1999,144700
CZE,1998,152700
CZE,1997,131800
CZE,1996,130100
CZE,1995,113000
CZE,1994,129413
CZE,1993,107851
DNK,2020,55297
DNK,2019,55297
DNK,2018,58770
DNK,2017,54311
DNK,2016,54311
DNK,2015,52492
DNK,2014,56959
DNK,2013,56959
DNK,2012,68453
DNK,2011,69319
DNK,2010,72922
DNK,2009,66237
DNK,2008,78253
DNK,2007,92786
DNK,2006,78315
DNK,2005,63990
DNK,2004,57729
DNK,2003,58823
DNK,2002,60909
DNK,2001,53286
DNK,2000,52150
DNK,1999,62087
DNK,1998,54090
DNK,1997,63700
DNK,1996,50200
DNK,1995,49400
DNK,1994,62500
DNK,1993,53141
DNK,1992,100834
DNK,1991,128200
DNK,1990,123000
DNK,1989,112500
DNK,1988,112700
DNK,1987,113800
DNK,1986,119200
DNK,1985,115100
DNK,1984,124300
DNK,1983,116600
DNK,1982,100300
DNK,1981,112300
DNK,1980,96800
DNK,1979,100600
DNK,1978,86100
DNK,1977,56100
DNK,1976,55500
DNK,1975,56500
DNK,1974,96200
DNK,1973,90000
DNK,1972,93000
DNK,1971,68900
DNK,1970,123400
DNK,1969,111600
DNK,1968,118400
DNK,1967,23200
DNK,1966,33500
DNK,1965,33700
DNK,1964,32655
DNK,1963,32900
DNK,1962,32100
DNK,1961,27000
DJI,2020,3088
DJI,2019,3726
DJI,2018,2865
DJI,2017,5359
DJI,2016,9678
DJI,2015,4735
DJI,2014,7880
DJI,2013,14030
DJI,2012,338
DJI,2011,38
DJI,2010,38
DJI,2009,91
DJI,2008,3700
DJI,2007,3700
DJI,2006,3700
DJI,2005,3700
DJI,2004,3700
DJI,2003,3700
DJI,2002,3700
DJI,2001,3700
DJI,2000,425
DJI,1999,405
DJI,1998,2101
DJI,1997,27
DJI,1996,27
DJI,1995,27
DJI,1994,27
DMA,2020,0
DMA,2019,0
DMA,2018,0
DMA,2017,0
DMA,2016,0
DMA,2015,0
DMA,2014,0
DMA,2013,31
DMA,2012,31
DMA,2011,31
DMA,2010,31
DMA,2009,31
DMA,2008,31
DMA,2007,31
DMA,2006,31
DMA,2005,31
DMA,2004,31
DMA,2003,31
DMA,2002,31
DMA,2001,31
DMA,2000,31
DMA,1999,31
DMA,1998,31
DMA,1997,0
DMA,1996,19
DMA,1995,19
DMA,1994,19
DMA,1993,19
DOM,2020,8473
DOM,2019,15429
DOM,2018,13317
DOM,2017,10753
DOM,2016,12868
DOM,2015,16170
DOM,2014,15407
DOM,2013,16594
DOM,2012,13571
DOM,2011,6130
DOM,2010,2851
DOM,2009,446
DOM,2008,926
DOM,2007,906
DOM,2006,984
DOM,2005,594
DOM,2004,594
DOM,2003,0
DOM,2002,0
DOM,2001,0
DOM,2000,0
DOM,1999,0
DOM,1998,150
DOM,1997,200
DOM,1996,1400
DOM,1995,1200
DOM,1994,276
DOM,1993,306
DOM,1992,117
DOM,1991,330
DOM,1990,277
DOM,1989,2300
DOM,1988,100
DOM,1987,100
DOM,1986,100
DOM,1985,100
DOM,1984,100
DOM,1983,4000
DOM,1982,4000
DOM,1981,4000
DOM,1980,4000
DOM,1979,3800
DOM,1978,1800
DOM,1977,6000
DOM,1976,6000
DOM,1975,6000
DOM,1974,6000
DOM,1973,6000
DOM,1972,6000
DOM,1971,6000
DOM,1970,5400
DOM,1969,4300
DOM,1968,5900
ECU,2020,28374
ECU,2019,23852
ECU,2018,25409
ECU,2017,24841
ECU,2016,22188
ECU,2015,19910
ECU,2014,20117
ECU,2013,26676
ECU,2012,20361
ECU,2011,18724
ECU,2010,20329
ECU,2009,16336
ECU,2008,24134
ECU,2007,23011
ECU,2006,21306
ECU,2005,24068
ECU,2004,24068
ECU,2003,23100
ECU,2002,19522
ECU,2001,18300
ECU,2000,14600
ECU,1999,14300
ECU,1998,13500
ECU,1997,12800
ECU,1996,5300
ECU,1995,6500
ECU,1994,12800
ECU,1993,9958
ECU,1992,6147
ECU,1991,6100
ECU,1990,8500
ECU,1989,36400
ECU,1988,8800
ECU,1987,15100
ECU,1986,9900
ECU,1985,6700
ECU,1984,25500
ECU,1983,53300
ECU,1982,56800
ECU,1981,56600
ECU,1980,7800
ECU,1979,6200
ECU,1978,3800
ECU,1977,1900
ECU,1976,2100
ECU,1975,1900
ECU,1974,1800
ECU,1973,1300
ECU,1972,100
EGY,2020,533449
EGY,2019,493204
EGY,2018,296648
EGY,2017,264024
EGY,2016,297479
EGY,2015,288598
EGY,2014,297578
EGY,2013,301828
EGY,2012,53368
EGY,2011,30811
EGY,2010,18225
EGY,2009,29446
EGY,2008,32597
EGY,2007,35940
EGY,2006,28488
EGY,2005,64497
EGY,2004,68975
EGY,2003,98778
EGY,2002,61360
EGY,2001,74700
EGY,2000,99500
EGY,1999,61700
EGY,1998,72500
EGY,1997,28200
EGY,1996,64000
EGY,1995,60900
EGY,1994,47314
EGY,1993,41846
EGY,1992,61532
EGY,1987,0
EGY,1974,27100
EGY,1973,37800
EGY,1972,35800
EGY,1971,50200
EGY,1970,56000
EGY,1969,68000
EGY,1968,69100
EGY,1967,14200
EGY,1966,11900
EGY,1965,17200
EGY,1964,14100
EGY,1963,10000
EGY,1962,18200
EGY,1961,15500
SLV,2020,70782
SLV,2019,61937
SLV,2018,49512
SLV,2017,64915
SLV,2016,42639
SLV,2015,8452
SLV,2014,3206
SLV,2013,965
SLV,2012,1771
SLV,2011,2953
SLV,2010,2803
SLV,2009,654
SLV,2008,2575
SLV,2007,2180
SLV,2006,1383
SLV,2005,1969
SLV,2004,5809
SLV,2003,9903
SLV,2002,19200
SLV,2001,19200
SLV,2000,8700
SLV,1999,10400
SLV,1998,11500
SLV,1997,21739
SLV,1996,22939
SLV,1995,22439
SLV,1994,1464
SLV,1993,1464
SLV,1992,3456
SLV,1985,9600
SLV,1984,9600
SLV,1983,9600
SLV,1982,400
SLV,1981,400
SLV,1980,400
SLV,1979,1000
SLV,1978,2900
SLV,1977,2900
SLV,1976,800
SLV,1975,800
SLV,1971,600
SLV,1970,1600
SLV,1969,400
SLV,1968,300
SLV,1967,300
SLV,1966,100
SLV,1965,100
SLV,1964,100
GNQ,2020,0
GNQ,2019,0
GNQ,2018,0
GNQ,2017,0
GNQ,2016,0
GNQ,2015,0
GNQ,2014,0
GNQ,2013,10
GNQ,2012,10
GNQ,2011,10
GNQ,2010,10
GNQ,2009,10
GNQ,2008,10
GNQ,2007,0
GNQ,2006,0
GNQ,2005,0
GNQ,2004,0
GNQ,2003,0
GNQ,2002,0
GNQ,2001,0
GNQ,2000,0
GNQ,1999,0
ERI,2020,108
ERI,2019,108
ERI,2018,108
ERI,2017,108
ERI,2016,108
ERI,2015,21
ERI,2014,21
ERI,2013,21
EST,2020,47375
EST,2019,55182
EST,2018,17019
EST,2017,33578
EST,2016,35206
EST,2015,41602
EST,2014,27578
EST,2013,21580
EST,2012,12296
EST,2011,1584
EST,2010,47
EST,2009,104
EST,2008,423
EST,2007,218
EST,2006,3296
EST,2005,989
EST,2004,1
EST,2003,294
EST,2002,0
EST,2001,4400
EST,2000,573
EST,1999,484
EST,1998,400
EST,1997,4400
EST,1996,19
EST,1995,19
EST,1994,19
EST,1993,97
EST,1992,74
ETH,2020,7704
ETH,2019,3619
ETH,2018,4946
ETH,2017,2610
ETH,2016,8342
ETH,2015,9727
ETH,2014,5571
ETH,2013,11976
ETH,2012,9169
ETH,2011,7393
ETH,2010,6282
ETH,2009,5097
ETH,2008,7360
ETH,2007,7990
ETH,2006,7988
ETH,2005,6740
ETH,2004,7368
ETH,2003,5873
ETH,2002,6865
ETH,2001,9236
ETH,2000,7980
ETH,1999,4400
ETH,1998,6800
ETH,1997,6700
ETH,1996,5700
ETH,1995,4395
ETH,1994,3895
ETH,1993,11242
FLK,2020,11
FLK,2019,11
FJI,2020,1
FJI,2019,1
FJI,2018,1
FJI,2017,1
FJI,2016,1
FJI,2015,1
FJI,2014,1
FJI,2013,138
FJI,2012,138
FJI,2011,516
FJI,2010,516
FJI,2009,516
FJI,2008,516
FJI,2007,77
FJI,2006,39
FJI,2005,1
FJI,2004,1
FJI,2003,1
FJI,2002,1
FJI,2001,0
FJI,2000,0
FJI,1999,0
FJI,1998,0
FJI,1997,0
FJI,1996,0
FJI,1995,0
FJI,1994,0
FJI,1993,74
FJI,1992,103
FIN,2020,223541
FIN,2019,347306
FIN,2018,478556
FIN,2017,474286
FIN,2016,424320
FIN,2015,407750
FIN,2014,396020
FIN,2013,410011
FIN,2012,497228
FIN,2011,472543
FIN,2010,419322
FIN,2009,350971
FIN,2008,443646
FIN,2007,405481
FIN,2006,326722
FIN,2005,282406
FIN,2004,220433
FIN,2003,186046
FIN,2002,147365
FIN,2001,186413
FIN,2000,143767
FIN,1999,133000
FIN,1998,81600
FIN,1997,82000
FIN,1996,86300
FIN,1995,145000
FIN,1994,132000
FIN,1993,99136
FIN,1992,211126
FIN,1991,94100
FIN,1990,80500
FIN,1989,82000
FIN,1988,73000
FIN,1987,92000
FIN,1986,74900
FIN,1985,62300
FIN,1984,48000
FIN,1983,31000
FIN,1982,55000
FIN,1981,37000
FIN,1980,36300
FIN,1979,17700
FIN,1978,14300
FIN,1977,7800
FIN,1976,13500
FIN,1975,10900
FIN,1974,5900
FIN,1973,5200
FIN,1972,3500
FIN,1971,7100
FIN,1970,7200
FIN,1969,10600
FIN,1968,1900
FIN,1967,3600
FIN,1966,2500
FIN,1965,1700
FIN,1964,400
FIN,1963,100
FIN,1961,100
FRA,2020,1750375
FRA,2019,1707848
FRA,2018,2005277
FRA,2017,2003505
FRA,2016,1949743
FRA,2015,2021700
FRA,2014,2008855
FRA,2013,2134729
FRA,2012,1968872
FRA,2011,1892087
FRA,2010,1930302
FRA,2009,1542388
FRA,2008,1963883
FRA,2007,2085787
FRA,2006,2226272
FRA,2005,2147336
FRA,2004,2198833
FRA,2003,2156471
FRA,2002,2223565
FRA,2001,2204364
FRA,2000,2387410
FRA,1999,2212000
FRA,1998,2132700
FRA,1997,2135700
FRA,1996,2026000
FRA,1995,1956000
FRA,1994,2091000
FRA,1993,1997000
FRA,1992,2074175
FRA,1991,1956500
FRA,1990,1905200
FRA,1989,1823800
FRA,1988,1843000
FRA,1987,1825000
FRA,1986,1754900
FRA,1985,1608700
FRA,1984,1611000
FRA,1983,1608800
FRA,1982,1564700
FRA,1981,1703900
FRA,1980,1755100
FRA,1979,1687800
FRA,1978,1566700
FRA,1977,1338500
FRA,1976,1350100
FRA,1975,1151000
FRA,1974,1622200
FRA,1973,1474600
FRA,1972,1321400
FRA,1971,1154400
FRA,1970,1317600
FRA,1969,1227900
FRA,1968,1061300
FRA,1967,161800
FRA,1966,188200
FRA,1965,178900
FRA,1964,205900
FRA,1963,206900
FRA,1962,172800
FRA,1961,186300
PYF,2020,109
PYF,2019,109
PYF,2018,109
PYF,2017,109
PYF,2016,109
PYF,2015,109
PYF,2014,9
PYF,2013,16
PYF,2012,16
PYF,2011,16
PYF,2010,16
PYF,2009,16
PYF,2008,16
PYF,2007,50
PYF,2006,15
PYF,2005,15
PYF,2004,15
PYF,2003,2
PYF,2002,2
PYF,2001,2
PYF,2000,2
PYF,1999,3
PYF,1998,3
PYF,1997,3
PYF,1996,0
PYF,1995,0
PYF,1994,0
PYF,1993,0
GAB,2020,24
GAB,2019,12
GAB,2018,12
GAB,2017,12
GAB,2016,84
GAB,2015,59
GAB,2014,94
GAB,2013,131
GAB,2012,121
GAB,2011,164
GAB,2010,253
GAB,2009,113
GAB,2008,297
GAB,2007,205
GAB,2006,205
GAB,2005,205
GAB,2004,205
GAB,2003,196
GAB,2002,200
GAB,2001,30
GAB,2000,30
GAB,1999,30
GAB,1998,83
GAB,1997,83
GAB,1996,83
GAB,1995,31
GAB,1994,31
GAB,1993,63
GAB,1992,74
GAB,1985,2000
GAB,1984,2000
GAB,1983,2000
GAB,1982,2000
GAB,1981,2000
GAB,1980,2000
GAB,1979,1800
GAB,1978,1800
GAB,1977,1800
GAB,1976,100
GAB,1975,1500
GAB,1965,100
GAB,1964,100
GMB,2020,2
GMB,2019,2
GMB,2018,2
GMB,2017,2
GMB,2016,2
GMB,2015,2
GMB,2014,17
GMB,2013,18
GMB,2012,18
GMB,2011,18
GMB,2010,18
GMB,2009,17
GMB,2008,17
GMB,2007,6
GMB,2006,6
GMB,2005,6
GMB,2004,6
GMB,2003,17
GMB,2002,15
GMB,2001,0
GMB,2000,0
GMB,1999,0
GMB,1998,0
GMB,1997,20
GMB,1996,20
GMB,1995,20
GMB,1994,20
GMB,1992,20
GEO,2020,47
GEO,2019,60
GEO,2018,43
GEO,2017,45
GEO,2016,41
GEO,2015,22
GEO,2014,74
GEO,2013,37
GEO,2012,0
GEO,2011,146
GEO,2010,78
GEO,2009,78
GEO,2008,78
GEO,2007,78
GEO,2006,103
GEO,2005,195
GEO,2004,195
GEO,2003,195
GEO,2002,195
GEO,2001,195
GEO,2000,195
GEO,1999,195
GEO,1998,181
GEO,1997,123
DEU,2020,4034000
DEU,2019,4755000
DEU,2018,5076000
DEU,2017,5304000
DEU,2016,5199000
DEU,2015,4933000
DEU,2014,4854765
DEU,2013,4963000
DEU,2012,4834000
DEU,2011,4945000
DEU,2010,5123401
DEU,2009,3763023
DEU,2008,5554000
DEU,2007,5275000
DEU,2006,5264187
DEU,2005,4829000
DEU,2004,4723000
DEU,2003,4528000
DEU,2002,4437000
DEU,2001,4089000
DEU,2000,4063000
DEU,1999,3764000
DEU,1998,3963000
DEU,1997,4070000
DEU,1996,3660000
DEU,1995,3750000
DEU,1994,3893000
DEU,1993,3610864
DEU,1992,3966183
DEU,1991,3774000
DEU,1990,3667800
DEU,1989,3695200
DEU,1988,3458600
DEU,1987,3367000
DEU,1986,3225200
DEU,1985,3092000
DEU,1984,2967500
DEU,1983,2927300
DEU,1982,2559700
DEU,1981,2575700
DEU,1980,2629700
DEU,1979,2472900
DEU,1978,2375600
DEU,1977,2202000
DEU,1976,2224000
DEU,1975,1847600
DEU,1974,2260100
DEU,1973,2103100
DEU,1972,1878900
DEU,1971,1610300
DEU,1970,1849200
DEU,1969,1686700
DEU,1968,1461700
DEU,1967,242200
DEU,1966,260400
DEU,1965,250600
DEU,1964,226500
DEU,1963,204500
DEU,1962,198000
DEU,1961,188400
GHA,2020,21175
GHA,2019,3979
GHA,2018,3154
GHA,2017,726
GHA,2016,601
GHA,2015,254
GHA,2014,511
GHA,2013,483
GHA,2012,483
GHA,2011,288
GHA,2010,120
GHA,2009,184
GHA,2008,266
GHA,2007,266
GHA,2006,266
GHA,2005,266
GHA,2004,266
GHA,2003,220
GHA,2002,0
GHA,2001,0
GHA,2000,0
GHA,1999,0
GHA,1998,0
GHA,1997,0
GHA,1996,0
GHA,1995,0
GHA,1994,0
GHA,1993,679
GHA,1992,896
GRC,2020,111814
GRC,2019,104228
GRC,2018,95789
GRC,2017,89237
GRC,2016,131112
GRC,2015,131112
GRC,2014,131112
GRC,2013,147394
GRC,2012,127952
GRC,2011,122660
GRC,2010,114939
GRC,2009,123109
GRC,2008,104019
GRC,2007,80260
GRC,2006,76160
GRC,2005,102446
GRC,2004,112557
GRC,2003,105596
GRC,2002,101547
GRC,2001,100421
GRC,2000,110574
GRC,1999,140000
GRC,1998,136100
GRC,1997,130001
GRC,1996,85201
GRC,1995,110001
GRC,1994,88819
GRC,1993,76235
GRC,1992,117446
GRC,1991,161400
GRC,1990,148900
GRC,1989,168200
GRC,1988,133300
GRC,1987,179000
GRC,1986,177100
GRC,1985,140500
GRC,1984,137400
GRC,1983,142600
GRC,1982,111600
GRC,1981,82400
GRC,1980,92000
GRC,1979,67400
GRC,1978,83800
GRC,1977,56800
GRC,1976,87700
GRC,1975,70100
GRC,1974,98400
GRC,1973,111700
GRC,1972,83800
GRC,1971,95400
GRC,1970,108600
GRC,1969,94500
GRC,1968,90600
GRC,1967,15100
GRC,1966,18500
GRC,1965,16700
GRC,1964,14800
GRC,1963,13900
GRC,1962,15400
GRC,1961,14200
GRL,2020,13
GRL,2019,1
GRL,2018,1
GRL,2017,0
GRL,2016,0
GRL,2015,0
GRL,2014,5
GRL,2013,5
GRL,2012,7
GLP,2020,17
GLP,2019,17
GLP,2018,17
GLP,2017,17
GLP,2016,17
GLP,2015,17
GLP,2014,17
GLP,2013,17
GLP,2012,17
GLP,2011,17
GLP,2010,17
GLP,2009,17
GLP,2008,17
GLP,2007,17
GLP,2006,17
GLP,2005,17
GLP,2004,17
GLP,2003,17
GLP,2002,17
GLP,2001,17
GLP,2000,17
GLP,1999,17
GLP,1998,17
GLP,1997,17
GLP,1996,17
GLP,1995,17
GLP,1994,17
GLP,1993,17
GLP,1992,2
GTM,2020,16029
GTM,2019,21250
GTM,2018,11476
GTM,2017,6403
GTM,2016,8599
GTM,2015,8677
GTM,2014,6820
GTM,2013,2086
GTM,2012,1912
GTM,2011,32783
GTM,2010,1041
GTM,2009,1108
GTM,2008,4002
GTM,2007,3114
GTM,2006,2761
GTM,2005,2027
GTM,2004,1361
GTM,2003,860
GTM,2002,269
GTM,2001,800
GTM,2000,600
GTM,1999,700
GTM,1998,2300
GTM,1997,1546
GTM,1996,1546
GTM,1995,2746
GTM,1994,1346
GTM,1993,2097
GTM,1992,2071
GTM,1991,6300
GTM,1990,6300
GTM,1989,6300
GTM,1988,5900
GTM,1987,7400
GTM,1986,7400
GTM,1985,9900
GTM,1984,8000
GTM,1983,13900
GTM,1982,3100
GTM,1981,13800
GTM,1980,31400
GTM,1979,14500
GTM,1978,9400
GTM,1977,9800
GTM,1976,13700
GTM,1975,5500
GTM,1974,13600
GTM,1973,20200
GTM,1972,9400
GTM,1971,8700
GTM,1970,12100
GTM,1969,6900
GTM,1968,4400
GTM,1967,8700
GTM,1966,5000
GIN,2020,43
GIN,2019,38
GIN,2018,135
GIN,2017,36
GIN,2016,24
GIN,2015,30
GIN,2014,27
GIN,2013,26
GIN,2012,26
GIN,2011,26
GIN,2010,26
GIN,2009,21
GIN,2008,21
GIN,2007,8
GIN,2006,8
GIN,2005,8
GIN,2004,8
GIN,2003,0
GIN,2002,0
GIN,2001,0
GIN,2000,0
GIN,1999,0
GIN,1998,30
GIN,1997,30
GIN,1996,0
GIN,1995,0
GUY,2020,49
GUY,2019,68
GUY,2018,68
GUY,2017,68
GUY,2016,3
GUY,2015,0
GUY,2014,49
GUY,2013,0
GUY,2012,0
GUY,2011,0
GUY,2010,0
GUY,2009,0
GUY,2008,0
GUY,2007,0
GUY,2006,0
GUY,2005,5
GUY,2004,0
GUY,2003,0
GUY,2002,0
GUY,2001,0
GUY,2000,0
GUY,1999,0
GUY,1998,0
GUY,1997,0
GUY,1996,0
GUY,1995,0
GUY,1994,0
GUY,1993,0
GUY,1992,0
HTI,2020,11
HTI,2019,11
HTI,2018,11
HTI,2017,11
HTI,2016,31
HTI,2015,14
HTI,2014,12
HTI,2013,12
HTI,2012,783
HTI,2011,783
HTI,2010,783
HTI,2009,357
HTI,2008,357
HTI,2007,357
HTI,2006,357
HTI,2005,357
HTI,2004,357
HND,2020,842
HND,2019,842
HND,2018,118
HND,2017,91
HND,2016,91
HND,2015,53
HND,2014,86
HND,2013,2
HND,2012,0
HND,2011,0
HND,2010,0
HND,2009,203
HND,2008,203
HND,2007,203
HND,2006,203
HND,2005,204
HND,2004,204
HND,2003,200
HND,2002,200
HND,2001,200
HND,2000,100
HND,1999,1300
HND,1998,1800
HND,1997,400
HND,1996,600
HND,1995,400
HND,1994,344
HND,1993,1663
HND,1992,880
HUN,2020,139821
HUN,2019,139821
HUN,2018,149115
HUN,2017,141117
HUN,2016,130359
HUN,2015,141823
HUN,2014,131487
HUN,2013,106294
HUN,2012,94133
HUN,2011,109285
HUN,2010,87801
HUN,2009,90905
HUN,2008,106500
HUN,2007,100010
HUN,2006,164000
HUN,2005,265015
HUN,2004,240000
HUN,2003,208000
HUN,2002,175000
HUN,2001,171000
HUN,2000,173100
HUN,1999,182300
HUN,1998,185100
HUN,1997,146000
HUN,1996,138100
HUN,1995,28600
HUN,1994,26300
HUN,1993,30297
HUN,1992,39335
HUN,1991,133100
HUN,1990,152000
HUN,1989,275000
HUN,1988,273000
HUN,1987,212700
HUN,1986,215600
HUN,1985,217400
HUN,1984,220000
HUN,1983,236600
HUN,1982,208500
HUN,1981,205000
HUN,1980,210700
HUN,1979,168800
HUN,1978,176400
HUN,1977,154700
HUN,1976,156000
HUN,1975,185900
HUN,1974,144300
HUN,1973,145000
HUN,1972,131600
HUN,1971,114800
HUN,1970,141600
HUN,1969,80200
HUN,1968,91900
HUN,1967,11500
HUN,1966,15300
HUN,1965,6300
HUN,1964,6600
HUN,1963,5900
HUN,1962,7400
HUN,1961,7500
ISL,2020,0
ISL,2019,0
ISL,2018,0
ISL,2017,0
ISL,2016,134
ISL,2015,9
ISL,2014,9
ISL,2013,9
ISL,2012,9
ISL,2011,10
ISL,2010,8
ISL,2009,7
ISL,2008,5
ISL,2007,240
ISL,2006,53
ISL,2005,34
ISL,2004,19
ISL,2003,7
ISL,2002,5
ISL,2001,100
ISL,2000,100
ISL,1999,100
ISL,1998,100
ISL,1997,0
ISL,1996,0
ISL,1995,0
ISL,1994,55
ISL,1993,55
ISL,1992,1760
IND,2020,1391107
IND,2019,1609828
IND,2018,1480946
IND,2017,1550219
IND,2016,1431314
IND,2015,1282102
IND,2014,1159301
IND,2013,1011709
IND,2012,975736
IND,2011,869149
IND,2010,799690
IND,2009,661231
IND,2008,530496
IND,2007,458426
IND,2006,620555
IND,2005,467743
IND,2004,509432
IND,2003,350079
IND,2002,324305
IND,2001,255000
IND,2000,193200
IND,1999,250200
IND,1998,305500
IND,1997,296500
IND,1996,313300
IND,1995,304400
IND,1994,194934
IND,1993,212833
IND,1992,176498
IND,1991,283840
IND,1990,154937
IND,1989,81054
IND,1988,80104
IND,1987,147037
IND,1986,142696
IND,1985,66800
IND,1984,66800
IND,1983,66800
IND,1982,66800
IND,1981,28600
IND,1980,108000
IND,1979,108000
IND,1978,45200
IND,1977,45200
IND,1976,11900
IND,1975,36900
IND,1974,29800
IND,1973,41500
IND,1972,51300
IND,1971,51300
IND,1970,66500
IND,1969,79200
IND,1968,68100
IND,1967,12400
IND,1966,16200
IND,1965,14600
IND,1964,5300
IND,1963,4100
IND,1962,2200
IND,1961,6200
IDN,2020,1358603
IDN,2019,1456695
IDN,2018,1497991
IDN,2017,1505960
IDN,2016,1405978
IDN,2015,1299086
IDN,2014,1601422
IDN,2013,1630089
IDN,2012,1334831
IDN,2011,1304476
IDN,2010,1233612
IDN,2009,1068078
IDN,2008,1156300
IDN,2007,858089
IDN,2006,913772
IDN,2005,902517
IDN,2004,887877
IDN,2003,728794
IDN,2002,813747
IDN,2001,786600
IDN,2000,970400
IDN,1999,957100
IDN,1998,837400
IDN,1997,963600
IDN,1996,827900
IDN,1995,839024
IDN,1994,848564
IDN,1993,839600
IDN,1992,595938
IDN,1991,335400
IDN,1990,296100
IDN,1989,320600
IDN,1988,242200
IDN,1987,256000
IDN,1986,297300
IDN,1985,186700
IDN,1984,222900
IDN,1983,281500
IDN,1982,166500
IDN,1981,152300
IDN,1980,117800
IDN,1979,92700
IDN,1978,102600
IDN,1977,40400
IDN,1976,19400
IDN,1975,8200
IDN,1974,6700
IDN,1973,3400
IRN,2020,85451
IRN,2019,57625
IRN,2018,153373
IRN,2017,198483
IRN,2016,182332
IRN,2015,114567
IRN,2014,97083
IRN,2013,123393
IRN,2012,121932
IRN,2011,121932
IRN,2010,106789
IRN,2009,74825
IRN,2008,74825
IRN,2007,74825
IRN,2006,74825
IRN,2005,74825
IRN,2004,72204
IRN,2003,72647
IRN,2002,48605
IRN,2001,52500
IRN,2000,39000
IRN,1999,44300
IRN,1998,33000
IRN,1997,37015
IRN,1996,41000
IRN,1995,24300
IRN,1994,10500
IRN,1993,22234
IRN,1992,44381
IRN,1991,71000
IRN,1990,71600
IRN,1989,10000
IRN,1988,24000
IRN,1987,24900
IRN,1986,10000
IRN,1985,32000
IRN,1984,41100
IRN,1983,74100
IRN,1982,28000
IRN,1981,27400
IRN,1980,38500
IRN,1979,38500
IRN,1978,38500
IRN,1977,38500
IRN,1976,25200
IRN,1975,26800
IRN,1974,8700
IRN,1973,12200
IRN,1972,10500
IRN,1971,11100
IRN,1970,11400
IRN,1969,1100
IRQ,2020,7307
IRQ,2019,3420
IRQ,2018,1053
IRQ,2017,23
IRQ,2016,95
IRQ,2015,209
IRQ,2014,182
IRQ,2013,396
IRQ,2012,64
IRQ,2011,96
IRQ,2010,75
IRQ,2009,75
IRQ,2008,75
IRQ,2007,0
IRQ,2006,0
IRQ,2005,0
IRQ,2004,0
IRQ,2003,0
IRQ,2002,0
IRQ,2001,0
IRQ,2000,0
IRQ,1999,0
IRQ,1998,0
IRQ,1997,0
IRQ,1996,0
IRQ,1995,0
IRQ,1994,0
IRQ,1991,1700
IRQ,1990,1700
IRQ,1989,1700
IRQ,1988,1700
IRQ,1987,1700
IRQ,1986,1700
IRQ,1985,1700
IRQ,1984,1700
IRQ,1983,1700
IRQ,1982,1700
IRQ,1981,1700
IRQ,1980,15100
IRQ,1979,15100
IRQ,1978,15100
IRQ,1977,15100
IRQ,1976,15100
IRQ,1975,32500
IRQ,1974,22500
IRQ,1973,12400
IRQ,1972,18100
IRQ,1971,25700
IRQ,1970,3300
IRQ,1969,1200
IRQ,1968,2200
IRL,2020,40835
IRL,2019,40835
IRL,2018,40835
IRL,2017,45121
IRL,2016,45593
IRL,2015,50562
IRL,2014,46477
IRL,2013,50400
IRL,2012,47152
IRL,2011,53963
IRL,2010,40610
IRL,2009,32367
IRL,2008,28701
IRL,2007,31084
IRL,2006,21720
IRL,2005,20435
IRL,2004,23883
IRL,2003,24542
IRL,2002,25441
IRL,2001,30720
IRL,2000,33000
IRL,1999,34000
IRL,1998,31000
IRL,1997,24000
IRL,1996,18000
IRL,1995,19000
IRL,1994,19690
IRL,1993,16600
IRL,1992,19497
IRL,1991,30058
IRL,1990,30058
IRL,1989,14595
IRL,1988,22701
IRL,1987,8955
IRL,1986,13042
IRL,1985,11400
IRL,1984,11100
IRL,1983,6900
IRL,1982,7500
IRL,1981,34000
IRL,1980,32700
IRL,1979,34400
IRL,1978,31100
IRL,1977,24600
IRL,1976,26500
IRL,1975,22200
IRL,1974,39800
IRL,1973,54300
IRL,1972,40900
IRL,1971,33400
IRL,1970,48300
IRL,1969,37700
IRL,1968,45500
IRL,1967,35100
IRL,1966,26100
IRL,1963,2200
IRL,1961,1400
ISR,2020,153535
ISR,2019,153535
ISR,2018,170117
ISR,2017,152526
ISR,2016,152526
ISR,2015,152526
ISR,2014,127061
ISR,2013,146030
ISR,2012,146031
ISR,2011,137371
ISR,2010,163461
ISR,2009,148833
ISR,2008,153272
ISR,2007,168587
ISR,2006,186294
ISR,2005,158798
ISR,2004,147676
ISR,2003,111191
ISR,2002,100220
ISR,2001,89635
ISR,2000,111703
ISR,1999,117897
ISR,1998,147400
ISR,1997,112500
ISR,1996,98400
ISR,1995,99886
ISR,1994,74920
ISR,1993,129454
ISR,1992,112909
ISR,1991,76600
ISR,1990,76600
ISR,1989,86300
ISR,1988,67599
ISR,1987,66918
ISR,1986,54211
ISR,1985,25100
ISR,1984,27200
ISR,1983,26400
ISR,1982,27300
ISR,1981,28400
ISR,1980,41100
ISR,1979,53000
ISR,1978,43500
ISR,1977,61800
ISR,1976,61400
ISR,1975,70800
ISR,1974,70800
ISR,1973,49800
ISR,1972,55000
ISR,1971,56800
ISR,1970,46200
ISR,1969,26100
ISR,1968,2400
ISR,1967,1600
ISR,1966,300
ISR,1965,600
ISR,1964,2500
ISR,1963,1800
ISR,1962,3700
ITA,2020,3270840
ITA,2019,3552087
ITA,2018,3500380
ITA,2017,3204086
ITA,2016,3417957
ITA,2015,3474715
ITA,2014,3377657
ITA,2013,3470951
ITA,2012,3315223
ITA,2011,3451184
ITA,2010,3425366
ITA,2009,3002188
ITA,2008,3215031
ITA,2007,3486911
ITA,2006,3685956
ITA,2005,3757892
ITA,2004,3372394
ITA,2003,3260158
ITA,2002,3258650
ITA,2001,3333000
ITA,2000,3193000
ITA,1999,3335000
ITA,1998,3254000
ITA,1997,3119000
ITA,1996,2887000
ITA,1995,2778000
ITA,1994,2772000
ITA,1993,2569051
ITA,1992,2524584
ITA,1991,2352000
ITA,1990,2099000
ITA,1989,2165000
ITA,1988,2142000
ITA,1987,2051000
ITA,1986,1830000
ITA,1985,1811000
ITA,1984,1695400
ITA,1983,1514800
ITA,1982,1370800
ITA,1981,1540800
ITA,1980,1759600
ITA,1979,1783700
ITA,1978,1575900
ITA,1977,1190300
ITA,1976,1305200
ITA,1975,992100
ITA,1974,1456800
ITA,1973,1499600
ITA,1972,1309000
ITA,1971,1042400
ITA,1970,1431100
ITA,1969,1439100
ITA,1968,1252100
ITA,1967,196800
ITA,1966,179400
ITA,1965,67200
ITA,1964,54000
ITA,1963,33300
ITA,1962,22000
ITA,1961,23500
JAM,2020,0
JAM,2019,0
JAM,2018,0
JAM,2017,0
JAM,2016,0
JAM,2015,0
JAM,2014,0
JAM,2013,0
JAM,2012,8
JAM,2011,5
JAM,2010,255
JAM,2009,274
JAM,2008,0
JAM,2007,0
JAM,2006,0
JAM,2005,0
JAM,2004,0
JAM,2003,0
JAM,2002,0
JAM,2001,0
JAM,2000,0
JAM,1999,45
JAM,1998,19
JAM,1997,118
JAM,1996,158
JAM,1995,156
JAM,1994,162
JAM,1993,115
JAM,1992,554
JAM,1991,100
JAM,1990,1400
JAM,1989,300
JAM,1988,500
JAM,1987,1100
JPN,2020,1514373
JPN,2019,1691052
JPN,2018,1681229
JPN,2017,1784043
JPN,2016,1634315
JPN,2015,1683000
JPN,2014,1751000
JPN,2013,1748906
JPN,2012,1827143
JPN,2011,1879358
JPN,2010,1809990
JPN,2009,1665100
JPN,2008,1978200
JPN,2007,2059200
JPN,2006,2325100
JPN,2005,2317100
JPN,2004,2512100
JPN,2003,2430100
JPN,2002,2512250
JPN,2001,2686300
JPN,2000,3092300
JPN,1999,3039200
JPN,1998,3166350
JPN,1997,3404800
JPN,1996,3381000
JPN,1995,3541200
JPN,1994,3678100
JPN,1993,3267204
JPN,1992,3085892
JPN,1991,2906200
JPN,1990,2869200
JPN,1989,3336200
JPN,1988,3058800
JPN,1987,2710000
JPN,1986,2548000
JPN,1985,2252300
JPN,1984,2148100
JPN,1983,2158200
JPN,1982,1742500
JPN,1981,1687200
JPN,1980,2205500
JPN,1979,1857700
JPN,1978,1689200
JPN,1977,1165500
JPN,1976,1077200
JPN,1975,1030400
JPN,1974,1500700
JPN,1973,1105800
JPN,1972,803200
JPN,1971,660900
JPN,1970,914000
JPN,1969,857000
JPN,1968,784000
JPN,1967,722700
JPN,1966,671500
JPN,1965,503700
JPN,1964,527800
JPN,1963,471600
JPN,1962,227000
JPN,1961,172000
JOR,2020,98591
JOR,2019,81524
JOR,2018,80645
JOR,2017,94901
JOR,2016,96321
JOR,2015,97291
JOR,2014,98574
JOR,2013,112639
JOR,2012,104483
JOR,2011,104483
JOR,2010,68799
JOR,2009,41973
JOR,2008,81293
JOR,2007,60973
JOR,2006,76200
JOR,2005,76200
JOR,2004,76200
JOR,2003,24600
JOR,2002,24600
JOR,2001,55200
JOR,2000,40700
JOR,1999,37000
JOR,1998,35600
JOR,1997,18800
JOR,1996,8000
JOR,1995,11500
JOR,1994,3600
JOR,1993,14158
JOR,1992,8454
KAZ,2020,14741
KAZ,2019,6080
KAZ,2018,5676
KAZ,2017,7150
KAZ,2016,7150
KAZ,2015,7150
KAZ,2014,7150
KAZ,2013,7783
KAZ,2012,7271
KAZ,2011,5258
KAZ,2010,3885
KAZ,2009,3307
KAZ,2008,3384
KAZ,2007,3190
KAZ,2006,3801
KAZ,2005,742
KAZ,2004,858
KAZ,2003,1000
KAZ,2002,200
KAZ,2001,2310
KAZ,2000,2310
KAZ,1999,0
KAZ,1998,0
KAZ,1997,0
KAZ,1996,29
KAZ,1995,29
KAZ,1994,29
KEN,2020,10908
KEN,2019,7864
KEN,2018,2613
KEN,2017,2729
KEN,2016,2594
KEN,2015,3646
KEN,2014,795
KEN,2013,777
KEN,2012,501
KEN,2011,985
KEN,2010,2187
KEN,2009,1485
KEN,2008,2888
KEN,2007,1817
KEN,2006,1996
KEN,2005,2825
KEN,2004,3100
KEN,2003,5069
KEN,2002,1595
KEN,2001,2900
KEN,2000,2900
KEN,1999,3200
KEN,1998,3200
KEN,1997,3407
KEN,1996,5103
KEN,1995,1572
KEN,1994,366
KEN,1993,363
KEN,1992,4203
KWT,2020,22897
KWT,2019,22092
KWT,2018,24213
KWT,2017,25723
KWT,2016,25219
KWT,2015,20654
KWT,2014,21570
KWT,2013,16499
KWT,2012,12346
KWT,2011,15457
KWT,2010,8190
KWT,2009,9474
KWT,2008,12320
KWT,2007,11994
KWT,2006,8971
KWT,2005,8971
KWT,2004,8971
KWT,2003,14300
KWT,2002,14300
KWT,2001,14300
KWT,2000,18000
KWT,1999,18000
KWT,1998,9269
KWT,1997,9269
KWT,1996,9269
KWT,1995,13183
KWT,1994,15432
KWT,1993,8889
KWT,1992,11854
KGZ,2020,30
KGZ,2019,600
KGZ,2018,408
KGZ,2017,100
KGZ,2016,327
KGZ,2015,94
KGZ,2014,7
KGZ,2013,18
KGZ,2012,20
KGZ,2011,0
KGZ,2010,0
KGZ,2009,4
KGZ,2008,21
KGZ,2007,0
KGZ,2006,0
KGZ,2005,405
KGZ,2004,0
KGZ,2003,1471
KGZ,2002,1300
KGZ,2001,0
KGZ,2000,0
KGZ,1999,0
KGZ,1998,18
KGZ,1997,18
KGZ,1996,18
LVA,2020,944
LVA,2019,1382
LVA,2018,2088
LVA,2017,2088
LVA,2016,407
LVA,2015,518
LVA,2014,223
LVA,2013,235
LVA,2012,385
LVA,2011,174
LVA,2010,64
LVA,2009,9
LVA,2008,154
LVA,2007,87
LVA,2006,183
LVA,2005,56
LVA,2004,29
LVA,2003,51
LVA,2002,40
LVA,2001,60
LVA,2000,112
LVA,1999,0
LVA,1998,0
LVA,1997,500
LVA,1996,1700
LVA,1995,1700
LVA,1994,600
LVA,1993,372
LBN,2020,34232
LBN,2019,52469
LBN,2018,47199
LBN,2017,54279
LBN,2016,67111
LBN,2015,51603
LBN,2014,47865
LBN,2013,43289
LBN,2012,41081
LBN,2011,38331
LBN,2010,23579
LBN,2009,42645
LBN,2008,42154
LBN,2007,42154
LBN,2006,36524
LBN,2005,36524
LBN,2004,36524
LBN,2003,14000
LBN,2002,14000
LBN,2001,14000
LBN,2000,14300
LBN,1999,29400
LBN,1998,30100
LBN,1997,21600
LBN,1996,20200
LBN,1995,15500
LBN,1994,10900
LBN,1993,9700
LBN,1992,7575
LSO,2020,0
LSO,2019,0
LSO,2018,0
LSO,2017,0
LSO,2016,1
LSO,2015,1
LSO,2014,1
LSO,2013,1
LSO,2012,7
LBR,2020,26
LBR,2019,26
LBR,2018,26
LBR,2017,26
LBR,2016,26
LBR,2015,26
LBR,2014,26
LBR,2013,26
LBR,2012,26
LBR,2011,26
LBR,2010,26
LBR,2009,26
LBR,2008,26
LBR,2007,26
LBR,2006,26
LBR,2005,26
LBR,2004,26
LBR,2003,0
LBR,2002,0
LBR,2001,0
LBR,2000,0
LBR,1999,0
LBR,1998,0
LBR,1997,0
LBR,1996,0
LBR,1995,0
LBR,1994,0
LBR,1993,500
LBY,2020,1094
LBY,2019,1508
LBY,2018,3325
LBY,2017,4453
LBY,2016,3617
LBY,2015,3136
LBY,2014,2090
LBY,2013,2551
LBY,2012,2524
LBY,2011,1529
LBY,2010,4754
LBY,2009,3785
LBY,2008,4236
LBY,2007,3704
LBY,2006,3704
LBY,2005,3704
LBY,2004,3704
LBY,2003,2157
LBY,2002,2157
LBY,2001,2157
LBY,2000,3857
LBY,1999,3857
LBY,1998,3457
LBY,1997,2157
LBY,1996,2157
LBY,1995,2589
LBY,1994,2589
LBY,1993,3515
LBY,1992,1500
LIE,2020,0
LIE,2019,0
LIE,2018,0
LIE,2017,0
LIE,2016,0
LIE,2015,0
LIE,2014,0
LIE,2013,0
LIE,2012,0
LIE,2011,0
LIE,2010,0
LIE,2009,0
LIE,2008,0
LIE,2007,0
LIE,2006,0
LTU,2020,43580
LTU,2019,46490
LTU,2018,36418
LTU,2017,33079
LTU,2016,32907
LTU,2015,21991
LTU,2014,26995
LTU,2013,41774
LTU,2012,85919
LTU,2011,49237
LTU,2010,24337
LTU,2009,18663
LTU,2008,21214
LTU,2007,2243
LTU,2006,1963
LTU,2005,1140
LTU,2004,2063
LTU,2003,2000
LTU,2002,4660
LTU,2001,8100
LTU,2000,7850
LTU,1999,5274
LTU,1998,15300
LTU,1997,11000
LTU,1996,13400
LTU,1995,3600
LTU,1994,2500
LTU,1993,100
LTU,1992,134
LUX,2020,434
LUX,2019,681
LUX,2018,182
LUX,2017,138
LUX,2016,133
LUX,2015,85
LUX,2014,85
LUX,2013,85
LUX,2012,62
LUX,2011,18
LUX,2010,1
LUX,2009,4
LUX,2008,80
LUX,2007,29
LUX,2006,11
LUX,2005,28
LUX,2004,21
LUX,2003,57
LUX,2002,13
LUX,2001,70
LUX,2000,4
MDG,2020,628
MDG,2019,416
MDG,2018,428
MDG,2017,419
MDG,2016,393
MDG,2015,295
MDG,2014,406
MDG,2013,318
MDG,2012,499
MDG,2011,507
MDG,2010,49
MDG,2009,6
MDG,2008,73
MDG,2007,65
MDG,2006,65
MDG,2005,65
MDG,2004,65
MDG,2003,60
MDG,2002,60
MDG,2001,60
MDG,2000,0
MDG,1999,0
MDG,1998,48
MDG,1997,0
MDG,1996,0
MDG,1995,0
MDG,1994,0
MDG,1993,22
MDG,1992,11
MDG,1987,0
MDG,1981,5000
MDG,1980,5000
MDG,1979,5000
MDG,1978,3300
MDG,1977,3300
MDG,1976,3300
MDG,1975,6300
MDG,1974,5000
MDG,1973,3600
MDG,1972,2100
MDG,1971,3400
MDG,1970,2800
MDG,1969,3900
MDG,1968,2500
MWI,2020,675
MWI,2019,373
MWI,2018,301
MWI,2017,242
MWI,2016,442
MWI,2015,357
MWI,2014,357
MWI,2013,495
MWI,2012,132
MWI,2011,147
MWI,2010,147
MWI,2009,147
MWI,2008,56
MWI,2007,56
MWI,2006,56
MWI,2005,197
MWI,2004,197
MWI,2003,34
MWI,2002,34
MWI,2001,34
MWI,2000,34
MWI,1999,34
MYS,2020,167081
MYS,2019,210785
MYS,2018,183918
MYS,2017,175846
MYS,2016,165053
MYS,2015,155836
MYS,2014,173721
MYS,2013,138015
MYS,2012,172165
MYS,2011,140096
MYS,2010,147872
MYS,2009,105545
MYS,2008,218002
MYS,2007,268750
MYS,2006,268750
MYS,2005,177552
MYS,2004,90988
MYS,2003,80947
MYS,2002,60100
MYS,2001,60100
MYS,2000,61200
MYS,1999,72100
MYS,1998,70500
MYS,1997,72200
MYS,1996,102600
MYS,1995,64400
MYS,1994,93645
MYS,1993,48913
MYS,1992,51388
MYS,1991,41700
MYS,1990,37200
MYS,1989,37200
MYS,1988,58900
MYS,1987,27100
MYS,1986,22100
MYS,1985,9300
MYS,1984,13800
MYS,1983,4200
MYS,1982,4200
MYS,1981,4700
MYS,1980,5100
MYS,1979,4100
MYS,1978,3800
MYS,1977,2800
MYS,1976,2600
MYS,1975,1400
MYS,1974,3300
MYS,1973,2300
MYS,1972,2300
MYS,1971,1800
MYS,1970,2300
MYS,1969,1400
MYS,1968,1200
MYS,1967,400
MLI,2020,295
MLI,2019,283
MLI,2018,728
MLI,2017,55
MLI,2016,46
MLI,2015,64
MLI,2014,34
MLI,2013,167
MLI,2012,192
MLI,2011,3389
MLI,2010,3388
MLI,2009,164
MLI,2008,164
MLI,2007,401
MLI,2006,401
MLI,2005,400
MLI,2004,400
MLI,2003,400
MLI,2002,400
MLI,2001,400
MLI,2000,400
MLI,1999,400
MLI,1998,800
MLI,1997,344
MLI,1996,0
MLI,1995,0
MLI,1994,0
MLT,2020,0
MLT,2019,0
MLT,2018,3
MLT,2017,7
MLT,2016,13
MLT,2015,752
MLT,2014,563
MLT,2013,234
MLT,2012,60
MLT,2011,1
MLT,2010,38
MLT,2009,45
MLT,2008,20
MLT,2007,4
MLT,2006,30
MLT,2005,41
MLT,2004,0
MLT,2003,52
MLT,2002,350
MLT,2001,350
MLT,2000,350
MLT,1999,350
MLT,1998,300
MLT,1997,700
MLT,1996,600
MLT,1995,600
MLT,1994,900
MLT,1993,1300
MLT,1992,1158
MTQ,2020,0
MTQ,2019,0
MTQ,2018,0
MTQ,2017,0
MTQ,2016,100
MTQ,2015,100
MTQ,2014,100
MTQ,2013,100
MTQ,2012,100
MTQ,2011,100
MTQ,2010,100
MTQ,2009,100
MTQ,2008,100
MTQ,2007,100
MTQ,2006,100
MTQ,2005,100
MTQ,2004,100
MTQ,2003,100
MTQ,2002,100
MTQ,2001,100
MTQ,2000,100
MTQ,1999,100
MTQ,1998,100
MTQ,1997,100
MTQ,1996,100
MTQ,1995,100
MTQ,1994,0
MTQ,1993,100
MTQ,1992,192
MRT,2020,541
MRT,2019,71
MRT,2018,2
MRT,2017,2
MRT,2016,2
MRT,2015,2
MRT,2014,2
MRT,2013,4
MRT,2012,4
MRT,2011,4
MRT,2010,4
MRT,2009,4
MRT,2008,2
MRT,2007,2
MRT,2006,40
MRT,2005,40
MRT,2004,40
MRT,2003,13
MRT,2002,19
MRT,2001,0
MRT,2000,0
MRT,1999,0
MRT,1998,0
MRT,1997,0
MRT,1996,2
MRT,1995,2
MUS,2020,135
MUS,2019,98
MUS,2018,49
MUS,2017,49
MUS,2016,64
MUS,2015,64
MUS,2014,582
MUS,2013,612
MUS,2012,821
MUS,2011,711
MUS,2010,1301
MUS,2009,757
MUS,2008,1033
MUS,2007,1000
MUS,2006,1000
MUS,2005,2084
MUS,2004,2084
MUS,2003,1143
MUS,2002,901
MUS,2001,1001
MUS,2000,202
MUS,1999,202
MUS,1998,667
MUS,1997,170
MUS,1996,200
MUS,1995,200
MUS,1994,200
MUS,1993,104
MUS,1992,259
MEX,2020,901222
MEX,2019,787558
MEX,2018,1011901
MEX,2017,990003
MEX,2016,960279
MEX,2015,892190
MEX,2014,889429
MEX,2013,883289
MEX,2012,870271
MEX,2011,856333
MEX,2010,891317
MEX,2009,869611
MEX,2008,1316713
MEX,2007,1182713
MEX,2006,1217713
MEX,2005,828139
MEX,2004,845458
MEX,2003,754000
MEX,2002,645000
MEX,2001,645000
MEX,2000,521900
MEX,1999,544500
MEX,1998,463900
MEX,1997,344000
MEX,1996,418800
MEX,1995,843000
MEX,1994,602700
MEX,1993,654422
MEX,1992,425701
MEX,1991,336800
MEX,1990,284600
MEX,1989,249800
MEX,1988,403800
MEX,1987,428800
MEX,1986,350800
MEX,1985,321800
MEX,1984,272800
MEX,1983,224800
MEX,1982,201800
MEX,1981,226600
MEX,1980,211500
MEX,1979,135900
MEX,1978,112200
MEX,1977,69900
MEX,1976,152600
MEX,1975,147600
MEX,1974,245300
MEX,1973,127700
MEX,1972,112700
MEX,1971,114200
MEX,1970,170100
MEX,1969,127400
MEX,1968,95800
MEX,1967,47600
MEX,1966,31700
MEX,1965,34000
MEX,1964,58500
MEX,1963,50600
MEX,1962,45200
MEX,1961,48600
MNG,2020,1050
MNG,2019,6179
MNG,2018,4431
MNG,2017,4444
MNG,2016,2807
MNG,2015,2022
MNG,2014,846
MNG,2013,882
MNG,2012,882
MNG,2011,541
MNG,2010,30
MNG,2009,14
MNG,2008,14
MNG,2007,22
MNG,2006,22
MNG,2005,22
MNG,2004,22
MNG,2003,22
MNG,2002,22
MNG,2001,22
MNG,2000,22
MNG,1999,22
MNE,2020,10
MNE,2019,10
MNE,2018,10
MNE,2017,10
MNE,2016,10
MNE,2015,10
MNE,2014,10
MNE,2013,10
MNE,2012,5
MNE,2011,11
MNE,2010,10
MNE,2009,10
MNE,2008,10
MNE,2007,10
MNE,2006,10
MAR,2020,42563
MAR,2019,71219
MAR,2018,57420
MAR,2017,55561
MAR,2016,57146
MAR,2015,63147
MAR,2014,52394
MAR,2013,43143
MAR,2012,33000
MAR,2011,31267
MAR,2010,24848
MAR,2009,38590
MAR,2008,22399
MAR,2007,23586
MAR,2006,23365
MAR,2005,20870
MAR,2004,20870
MAR,2003,29407
MAR,2002,26090
MAR,2001,31600
MAR,2000,20600
MAR,1999,19000
MAR,1998,21000
MAR,1997,16900
MAR,1996,24200
MAR,1995,28600
MAR,1994,21600
MAR,1993,28788
MAR,1992,19848
MAR,1991,29400
MAR,1990,52400
MAR,1989,55200
MAR,1988,44200
MAR,1987,16800
MAR,1986,24000
MAR,1985,24000
MAR,1984,23000
MAR,1983,27600
MAR,1982,25500
MAR,1981,24900
MAR,1980,25500
MAR,1979,25000
MAR,1978,22700
MAR,1977,27900
MAR,1976,22800
MAR,1975,15700
MAR,1974,27400
MAR,1973,13200
MAR,1972,18800
MAR,1971,15700
MAR,1970,24300
MAR,1969,19600
MAR,1968,14500
MAR,1967,13500
MAR,1966,14400
MAR,1965,2400
MAR,1964,3500
MAR,1963,4000
MAR,1962,4000
MAR,1961,3800
MOZ,2020,2178
MOZ,2019,146
MOZ,2018,472
MOZ,2017,830
MOZ,2016,578
MOZ,2015,277
MOZ,2014,7578
MOZ,2013,487
MOZ,2012,312
MOZ,2011,86
MOZ,2010,225
MOZ,2009,225
MOZ,2008,93
MOZ,2007,88
MOZ,2006,80
MOZ,2005,80
MOZ,2004,80
MOZ,2003,80
MOZ,2002,1
MOZ,2001,1
MOZ,2000,1
MOZ,1999,1
MOZ,1998,0
MOZ,1997,0
MOZ,1996,11
MOZ,1995,11
MOZ,1994,11
MOZ,1993,11
MOZ,1992,6
MMR,2020,2502
MMR,2019,4449
MMR,2018,2763
MMR,2017,2086
MMR,2016,1004
MMR,2015,3422
MMR,2014,1610
MMR,2013,1677
MMR,2012,1677
MMR,2011,930
MMR,2010,1058
MMR,2009,921
MMR,2008,921
MMR,2007,921
MMR,2006,921
MMR,2005,921
MMR,2004,921
MMR,2003,921
MMR,2002,400
MMR,2001,300
MMR,2000,300
MMR,1999,200
MMR,1998,200
MMR,1997,200
MMR,1996,0
MMR,1995,0
MMR,1994,0
MMR,1993,0
NAM,2020,5129
NAM,2019,5861
NAM,2018,34
NAM,2017,34
NAM,2016,34
NAM,2015,11
NAM,2014,46
NAM,2013,23
NAM,2012,16
NAM,2011,24
NAM,2010,14
NAM,2009,23
NAM,2008,35
NAM,2007,47
NAM,2006,1
NAM,2005,3
NAM,2004,248
NAM,2003,1
NAM,2002,4
NAM,2001,39
NAM,2000,3
NPL,2020,909
NPL,2019,831
NPL,2018,97
NPL,2017,304
NPL,2016,398
NPL,2015,302
NPL,2014,181
NPL,2013,251
NPL,2012,391
NPL,2011,394
NPL,2010,454
NPL,2009,429
NPL,2008,247
NPL,2007,245
NPL,2006,3801
NPL,2005,1402
NPL,2004,1402
NPL,2003,134
NPL,2002,130
NPL,2001,130
NPL,2000,130
NPL,1999,130
NPL,1998,101
NPL,1997,101
NPL,1996,3
NPL,1995,3
NPL,1994,3
NLD,2020,1804771
NLD,2019,1486250
NLD,2018,1676000
NLD,2017,1352200
NLD,2016,1185500
NLD,2015,910200
NLD,2014,1208700
NLD,2013,1388900
NLD,2012,2810205
NLD,2011,1567200
NLD,2010,2363315
NLD,2009,1883180
NLD,2008,1360400
NLD,2007,1266929
NLD,2006,1242500
NLD,2005,1419200
NLD,2004,1259700
NLD,2003,1131800
NLD,2002,1055100
NLD,2001,915600
NLD,2000,905000
NLD,1999,1144000
NLD,1998,1312000
NLD,1997,1149000
NLD,1996,1037200
NLD,1995,873000
NLD,1994,895000
NLD,1993,686618
NLD,1992,642462
NLD,1991,577800
NLD,1990,607700
NLD,1989,608200
NLD,1988,607400
NLD,1987,579600
NLD,1986,585800
NLD,1985,554100
NLD,1984,562700
NLD,1983,546600
NLD,1982,484800
NLD,1981,540400
NLD,1980,597100
NLD,1979,629600
NLD,1978,611200
NLD,1977,544200
NLD,1976,515100
NLD,1975,527400
NLD,1974,673300
NLD,1973,668600
NLD,1972,589500
NLD,1971,528600
NLD,1970,630000
NLD,1969,597400
NLD,1968,550800
NLD,1967,43200
NLD,1966,59200
NLD,1965,67000
NLD,1964,70600
NLD,1963,61400
NCL,2020,71
NCL,2019,107
NCL,2018,0
NCL,2017,0
NCL,2016,0
NCL,2015,0
NCL,2014,11
NCL,2013,92
NCL,2012,0
NCL,2011,2232
NCL,2010,2254
NCL,2009,2242
NCL,2008,2427
NCL,2007,2107
NCL,2006,2008
NCL,2005,2003
NCL,2004,2003
NCL,2003,2002
NCL,2002,2000
NCL,2001,2000
NCL,2000,0
NCL,1999,0
NCL,1998,1
NCL,1997,1
NCL,1996,1
NCL,1995,1
NZL,2020,52849
NZL,2019,49291
NZL,2018,52669
NZL,2017,48706
NZL,2016,49773
NZL,2015,51307
NZL,2014,41574
NZL,2013,10767
NZL,2012,17794
NZL,2011,19073
NZL,2010,20123
NZL,2009,19658
NZL,2008,25000
NZL,2007,24000
NZL,2006,5000
NZL,2005,3000
NZL,2004,4100
NZL,2003,8000
NZL,2002,6000
NZL,2001,21000
NZL,2000,4300
NZL,1999,17100
NZL,1998,15000
NZL,1997,11200
NZL,1996,16400
NZL,1995,17000
NZL,1994,15500
NZL,1993,14762
NZL,1992,26921
NZL,1991,9300
NZL,1990,14800
NZL,1989,11200
NZL,1988,12700
NZL,1987,17100
NZL,1986,14400
NZL,1985,11600
NZL,1984,12100
NZL,1983,7600
NZL,1982,16200
NZL,1981,6200
NZL,1980,8900
NZL,1979,6000
NZL,1978,6400
NZL,1977,7900
NZL,1976,4000
NZL,1975,4600
NZL,1974,11500
NZL,1973,13500
NZL,1972,12900
NZL,1971,14700
NZL,1970,19000
NZL,1969,12200
NZL,1968,10400
NZL,1967,300
NZL,1966,900
NZL,1965,300
NZL,1964,300
NZL,1963,1000
NZL,1962,1300
NZL,1961,1000
NIC,2020,107
NIC,2019,107
NIC,2018,108
NIC,2017,108
NIC,2016,108
NIC,2015,108
NIC,2014,108
NIC,2013,88
NIC,2012,88
NIC,2011,88
NIC,2010,88
NIC,2009,330
NIC,2008,330
NIC,2007,330
NIC,2006,333
NIC,2005,417
NIC,2004,417
NIC,2003,136
NIC,2002,0
NIC,2001,148
NIC,2000,148
NIC,1999,175
NIC,1998,80
NIC,1997,100
NIC,1996,100
NIC,1995,100
NIC,1994,83
NIC,1993,83
NIC,1992,62
NER,2020,2002
NER,2019,2002
NER,2018,2002
NER,2017,2002
NER,2016,2002
NER,2015,2002
NER,2014,2002
NER,2013,2002
NER,2012,2002
NER,2011,2002
NER,2010,2002
NER,2009,2002
NER,2008,2002
NER,2007,2002
NER,2006,8115
NER,2005,9308
NER,2004,9308
NER,2003,7293
NER,2002,7232
NER,2001,897
NER,2000,897
NER,1993,48
NGA,2020,27323
NGA,2019,29444
NGA,2018,33854
NGA,2017,36625
NGA,2016,24628
NGA,2015,14123
NGA,2014,20385
NGA,2013,22482
NGA,2012,17038
NGA,2011,24871
NGA,2010,34093
NGA,2009,22284
NGA,2008,35747
NGA,2007,16500
NGA,2006,16500
NGA,2005,16500
NGA,2004,16500
NGA,2003,16500
NGA,2002,16500
NGA,2001,16500
NGA,2000,17300
NGA,1999,19700
NGA,1998,3284
NGA,1997,3284
NGA,1996,3731
NGA,1995,3351
NGA,1994,1907
NGA,1993,2866
NGA,1992,1702
NGA,1991,0
NGA,1990,2100
NGA,1989,2100
NGA,1988,2100
NGA,1987,3200
NGA,1986,3200
NGA,1985,3200
NGA,1984,3200
NGA,1983,5100
NGA,1982,4700
NGA,1981,4700
NGA,1980,4700
NGA,1979,5100
NGA,1978,5100
NGA,1977,5100
NGA,1976,12200
NGA,1975,11800
NGA,1974,6700
NGA,1973,4300
NGA,1972,6400
NGA,1971,6400
NGA,1970,6400
NGA,1969,2700
NGA,1968,1700
NIU,2020,259
NIU,2019,259
NIU,2018,259
NIU,2017,259
NIU,2016,259
NIU,2015,259
NIU,2014,259
NIU,2013,259
NIU,2012,259
NIU,2011,259
NIU,2010,259
NIU,2009,259
NIU,2008,259
NIU,2007,259
NIU,2006,259
NIU,2005,259
NIU,2004,259
NIU,2003,259
NIU,2002,259
NIU,2001,259
NIU,2000,259
NIU,1999,259
NIU,1998,259
NIU,1997,259
NIU,1996,259
NIU,1995,259
NIU,1994,259
NIU,1993,259
MKD,2020,67
MKD,2019,122
MKD,2018,100
MKD,2017,140
MKD,2016,124
MKD,2015,195
MKD,2014,130
MKD,2013,117
MKD,2012,96
MKD,2011,915
MKD,2010,343
MKD,2009,1265
MKD,2008,532
MKD,2007,4039
MKD,2006,1343
MKD,2005,532
MKD,2004,200
MKD,2003,518
MKD,2002,776
MKD,2001,2475
MKD,2000,2916
MKD,1999,1107
MKD,1998,2707
MKD,1997,207
MKD,1996,2507
MKD,1995,2507
MKD,1994,5707
MKD,1993,809
NOR,2020,68348
NOR,2019,63966
NOR,2018,91394
NOR,2017,88756
NOR,2016,87763
NOR,2015,84108
NOR,2014,76204
NOR,2013,49866
NOR,2012,38490
NOR,2011,44113
NOR,2010,47619
NOR,2009,57832
NOR,2008,43579
NOR,2007,50537
NOR,2006,58521
NOR,2005,78579
NOR,2004,92309
NOR,2003,97139
NOR,2002,92000
NOR,2001,101000
NOR,2000,156000
NOR,1999,155301
NOR,1998,124000
NOR,1997,136200
NOR,1996,102300
NOR,1995,114300
NOR,1994,91650
NOR,1993,66526
NOR,1992,47566
NOR,1991,56100
NOR,1990,67200
NOR,1989,81100
NOR,1988,68000
NOR,1987,85400
NOR,1986,106500
NOR,1985,113200
NOR,1984,120100
NOR,1983,138100
NOR,1982,223600
NOR,1981,280800
NOR,1980,354200
NOR,1979,363300
NOR,1978,283700
NOR,1977,204800
NOR,1976,226623
NOR,1975,264300
NOR,1974,258200
NOR,1973,303100
NOR,1972,209900
NOR,1971,101600
NOR,1970,156800
NOR,1969,178000
NOR,1968,133100
NOR,1967,2000
NOR,1966,5600
NOR,1965,5100
NOR,1964,7800
NOR,1963,6800
NOR,1962,5600
NOR,1961,6200
OMN,2020,1451
OMN,2019,1469
OMN,2018,1423
OMN,2017,1957
OMN,2016,916
OMN,2015,770
OMN,2014,96
OMN,2013,1386
OMN,2012,1426
OMN,2011,1418
OMN,2010,1335
OMN,2009,1277
OMN,2008,1277
OMN,2007,1277
OMN,2006,1277
OMN,2005,1277
OMN,2004,1277
OMN,2003,1800
OMN,2002,1800
OMN,2001,2600
OMN,2000,1500
OMN,1999,1500
OMN,1998,1262
OMN,1997,1493
OMN,1996,2500
OMN,1995,2100
OMN,1994,2100
OMN,1993,1500
OMN,1992,734
PAK,2020,290241
PAK,2019,210688
PAK,2018,238328
PAK,2017,221810
PAK,2016,133722
PAK,2015,109432
PAK,2014,144735
PAK,2013,129090
PAK,2012,100954
PAK,2011,85440
PAK,2010,80467
PAK,2009,92864
PAK,2008,92864
PAK,2007,79064
PAK,2006,95364
PAK,2005,79754
PAK,2004,61693
PAK,2003,31100
PAK,2002,31100
PAK,2001,31100
PAK,2000,46500
PAK,1999,40800
PAK,1998,51300
PAK,1997,47000
PAK,1996,56400
PAK,1995,55000
PAK,1994,69900
PAK,1993,56000
PAK,1992,52606
PAK,1991,64300
PAK,1990,63500
PAK,1989,29000
PAK,1988,34500
PAK,1987,35100
PAK,1986,27400
PAK,1985,23300
PAK,1984,17400
PAK,1983,15000
PAK,1982,11800
PAK,1981,12600
PAK,1980,12200
PAK,1979,11200
PAK,1978,6900
PAK,1977,5150
PAK,1976,2700
PAK,1975,6600
PAK,1974,6700
PAK,1973,5500
PAK,1972,8600
PAK,1971,7400
PAK,1970,6500
PAK,1969,15400
PAK,1968,17500
PAK,1967,13100
PAK,1966,13700
PAK,1965,6600
PAK,1964,6000
PAK,1963,13500
PAK,1962,7400
PAK,1961,10500
PSE,2020,813
PSE,2019,813
PSE,2018,813
PSE,2017,778
PSE,2016,602
PSE,2015,1419
PSE,2014,1078
PAN,2020,245
PAN,2019,225
PAN,2018,732
PAN,2017,1933
PAN,2016,1977
PAN,2015,1229
PAN,2014,1613
PAN,2013,1641
PAN,2012,173
PAN,2011,1339
PAN,2010,2013
PAN,2009,1500
PAN,2008,1500
PAN,2007,1500
PAN,2006,1500
PAN,2005,1500
PAN,2004,1500
PAN,2003,1500
PAN,2002,1500
PAN,2001,1500
PAN,2000,500
PAN,1999,1700
PAN,1998,1600
PAN,1997,2600
PAN,1996,2400
PAN,1995,2400
PAN,1994,3800
PAN,1993,1400
PAN,1992,1206
PAN,1991,900
PAN,1990,900
PAN,1989,1300
PAN,1988,1000
PAN,1987,1100
PAN,1986,2900
PAN,1985,2300
PAN,1984,1500
PAN,1983,2400
PAN,1982,800
PAN,1981,2000
PAN,1980,1500
PAN,1979,2800
PAN,1978,1200
PAN,1977,1700
PAN,1976,100
PAN,1975,100
PAN,1974,3200
PAN,1973,3700
PAN,1972,3600
PAN,1971,2000
PAN,1970,4700
PAN,1969,500
PAN,1968,700
PNG,2020,1
PNG,2019,1
PNG,2018,1
PNG,2017,1
PNG,2016,0
PNG,2015,0
PNG,2014,0
PNG,2013,186
PNG,2012,186
PNG,2011,186
PNG,2010,1
PNG,2009,1
PRY,2020,3730
PRY,2019,2323
PRY,2018,3870
PRY,2017,2349
PRY,2016,1431
PRY,2015,1112
PRY,2014,347
PRY,2013,304
PRY,2012,840
PRY,2011,63
PRY,2010,63
PRY,2009,63
PRY,2008,63
PRY,2007,63
PRY,2006,63
PRY,2005,63
PRY,2004,63
PRY,2003,400
PRY,2002,400
PRY,2001,400
PRY,2000,400
PRY,1999,700
PRY,1998,500
PRY,1997,400
PRY,1996,49
PRY,1995,49
PRY,1994,49
PRY,1993,23
PRY,1992,82
PER,2020,144741
PER,2019,123525
PER,2018,108365
PER,2017,100608
PER,2016,91503
PER,2015,86591
PER,2014,88675
PER,2013,107876
PER,2012,102152
PER,2011,98710
PER,2010,89948
PER,2009,79664
PER,2008,101131
PER,2007,86000
PER,2006,68430
PER,2005,35000
PER,2004,41000
PER,2003,30000
PER,2002,35000
PER,2001,26000
PER,2000,27000
PER,1999,24000
PER,1998,20000
PER,1997,20700
PER,1996,19400
PER,1995,22400
PER,1994,20300
PER,1993,11297
PER,1992,14069
PER,1991,67700
PER,1990,64500
PER,1989,61700
PER,1988,59100
PER,1987,53900
PER,1986,44100
PER,1985,15900
PER,1984,42200
PER,1983,24400
PER,1982,35600
PER,1981,24300
PER,1980,32400
PER,1979,44200
PER,1978,35900
PER,1977,38900
PER,1976,28800
PER,1975,30800
PER,1974,41700
PER,1973,39500
PER,1972,42900
PER,1971,38800
PER,1970,26200
PER,1969,27500
PER,1968,39100
PER,1967,1000
PER,1966,600
PER,1965,1200
PER,1964,600
PER,1963,600
PER,1962,800
PER,1961,500
PHL,2020,70217
PHL,2019,93939
PHL,2018,104498
PHL,2017,97097
PHL,2016,89687
PHL,2015,65253
PHL,2014,69954
PHL,2013,37929
PHL,2012,46348
PHL,2011,58714
PHL,2010,54251
PHL,2009,66922
PHL,2008,62436
PHL,2007,62526
PHL,2006,61043
PHL,2005,63445
PHL,2004,64644
PHL,2003,60159
PHL,2002,55124
PHL,2001,56000
PHL,2000,64500
PHL,1999,73300
PHL,1998,85500
PHL,1997,107400
PHL,1996,92000
PHL,1995,61800
PHL,1994,62000
PHL,1993,77500
PHL,1992,44802
PHL,1991,41200
PHL,1990,40500
PHL,1989,44600
PHL,1988,49900
PHL,1987,50900
PHL,1986,59900
PHL,1985,41400
PHL,1984,50800
PHL,1983,64700
PHL,1982,37700
PHL,1981,34500
PHL,1980,55900
PHL,1979,66200
PHL,1978,62100
PHL,1977,74100
PHL,1976,47400
PHL,1975,26900
PHL,1974,67700
PHL,1973,55400
PHL,1972,33600
PHL,1971,33000
PHL,1970,43900
PHL,1969,37400
PHL,1968,36900
PHL,1965,300
PHL,1964,1000
PHL,1963,100
PHL,1962,15800
PHL,1961,30800
POL,2020,1195261
POL,2019,1087446
POL,2018,1161964
POL,2017,1024832
POL,2016,1043148
POL,2015,983429
POL,2014,925737
POL,2013,850582
POL,2012,718265
POL,2011,717255
POL,2010,678920
POL,2009,647924
POL,2008,643672
POL,2007,499638
POL,2006,414900
POL,2005,489020
POL,2004,467810
POL,2003,414000
POL,2002,367400
POL,2001,293600
POL,2000,265700
POL,1999,250500
POL,1998,180800
POL,1997,188000
POL,1996,189500
POL,1995,143400
POL,1994,104100
POL,1993,87200
POL,1992,81816
POL,1990,84100
POL,1989,187300
POL,1988,204000
POL,1987,224000
POL,1986,181000
POL,1985,211300
POL,1984,180400
POL,1983,148700
POL,1982,174000
POL,1981,153300
POL,1980,229000
POL,1979,249000
POL,1978,242000
POL,1977,230000
POL,1976,225000
POL,1975,245000
POL,1974,182000
POL,1973,167000
POL,1972,185000
POL,1971,211000
POL,1970,158000
POL,1969,105000
POL,1968,83000
POL,1965,76000
POL,1964,102000
POL,1963,70000
POL,1962,51000
POL,1961,58000
PYF,2020,415
PYF,2019,625
PYF,2018,596
PYF,2017,596
PYF,2016,596
PYF,2015,596
PYF,2014,554
PYF,2013,569
PYF,2012,569
PYF,2011,569
PYF,2010,569
PYF,2009,569
PYF,2008,567
PYF,2007,601
PYF,2006,559
PYF,2005,559
PYF,2004,559
PYF,2003,546
PYF,2002,268
PYF,2001,268
PYF,2000,268
PYF,1999,262
PYF,1998,262
PYF,1997,262
PYF,1996,259
PYF,1995,259
PYF,1994,259
PYF,1993,259
PRT,2020,142981
PRT,2019,162085
PRT,2018,176396
PRT,2017,171758
PRT,2016,152304
PRT,2015,124958
PRT,2014,122875
PRT,2013,122167
PRT,2012,94743
PRT,2011,94498
PRT,2010,34788
PRT,2009,92313
PRT,2008,84713
PRT,2007,82435
PRT,2006,68005
PRT,2005,75980
PRT,2004,112000
PRT,2003,133000
PRT,2002,144500
PRT,2001,159400
PRT,2000,94233
PRT,1999,99000
PRT,1998,96500
PRT,1997,114000
PRT,1996,90100
PRT,1995,74100
PRT,1994,72500
PRT,1993,64676
PRT,1992,64346
PRT,1991,59700
PRT,1990,49800
PRT,1989,37500
PRT,1988,29000
PRT,1987,37000
PRT,1986,39700
PRT,1985,44800
PRT,1984,23400
PRT,1983,20100
PRT,1982,21000
PRT,1981,33800
PRT,1980,44500
PRT,1979,44500
PRT,1978,31200
PRT,1977,79300
PRT,1976,22700
PRT,1975,13800
PRT,1974,17900
PRT,1973,19300
PRT,1972,16700
PRT,1971,17200
PRT,1970,29400
PRT,1969,32600
PRT,1968,35200
PRT,1967,12600
PRT,1966,19200
PRT,1965,12100
PRT,1964,12900
PRT,1963,15000
PRT,1962,19400
PRT,1961,14800
QAT,2020,245
QAT,2019,125
QAT,2018,184
QAT,2017,109
QAT,2016,90
QAT,2015,144
QAT,2014,261
QAT,2013,354
QAT,2012,631
QAT,2011,282
QAT,2010,257
QAT,2009,510
QAT,2008,528
QAT,2007,607
QAT,2006,653
QAT,2005,570
QAT,2004,570
QAT,2003,523
QAT,2002,40
QAT,2001,96
QAT,2000,96
QAT,1999,79
QAT,1998,90
QAT,1997,555
QAT,1996,57
QAT,1995,57
QAT,1994,20
QAT,1992,45
ROU,2020,141029
ROU,2019,132599
ROU,2018,155603
ROU,2017,151600
ROU,2016,167044
ROU,2015,121552
ROU,2014,115777
ROU,2013,99069
ROU,2012,80944
ROU,2011,71555
ROU,2010,73873
ROU,2009,67438
ROU,2008,24914
ROU,2007,27646
ROU,2006,15155
ROU,2005,14022
ROU,2004,6000
ROU,2003,15000
ROU,2002,12000
ROU,2001,5100
ROU,2000,3800
ROU,1999,1900
ROU,1998,15100
ROU,1997,12800
ROU,1996,4600
ROU,1995,17618
ROU,1994,30232
ROU,1993,25656
ROU,1992,47359
ROU,1991,71000
ROU,1990,71000
ROU,1989,71000
ROU,1988,71000
ROU,1987,71000
ROU,1986,71000
ROU,1985,71000
ROU,1984,71000
ROU,1983,71000
ROU,1982,71000
ROU,1981,99000
ROU,1980,96000
ROU,1979,95000
ROU,1978,60000
ROU,1977,60000
ROU,1976,58400
ROU,1975,60700
ROU,1974,64100
ROU,1973,75700
ROU,1972,71100
ROU,1971,63300
ROU,1970,46600
ROU,1969,32000
ROU,1968,36200
RUS,2020,211066
RUS,2019,211066
RUS,2018,146916
RUS,2017,150631
RUS,2016,147374
RUS,2015,146996
RUS,2014,156988
RUS,2013,140974
RUS,2012,120472
RUS,2011,93721
RUS,2010,60860
RUS,2009,42629
RUS,2008,65000
RUS,2007,94000
RUS,2006,56000
RUS,2005,25300
RUS,2004,22000
RUS,2003,48000
RUS,2002,47000
RUS,2001,33000
RUS,2000,52200
RUS,1999,57200
RUS,1998,31000
RUS,1997,49000
RUS,1996,35000
RUS,1995,12800
RUS,1994,1316
RUS,1993,1319
RUS,1992,7218
RWA,2020,432
RWA,2019,570
RWA,2018,205
RWA,2017,205
RWA,2016,348
RWA,2015,114
RWA,2014,175
RWA,2013,329
RWA,2012,258
RWA,2011,258
RWA,2010,258
RWA,2009,258
RWA,2008,171
RWA,2007,171
RWA,2006,171
RWA,2005,171
RWA,2004,171
RWA,2003,0
RWA,2002,0
RWA,2001,0
RWA,2000,0
RWA,1999,0
RWA,1998,100
RWA,1997,100
RWA,1996,100
RWA,1995,100
RWA,1994,10
LCA,2020,0
LCA,2019,0
LCA,2018,0
LCA,2017,0
LCA,2016,0
LCA,2015,0
LCA,2014,0
LCA,2013,0
LCA,2012,0
LCA,2011,0
LCA,2010,0
LCA,2009,0
LCA,2008,85
LCA,2007,85
LCA,2006,85
LCA,2005,85
LCA,2004,85
LCA,2003,85
LCA,2002,85
LCA,2001,85
LCA,2000,85
LCA,1999,85
LCA,1998,85
LCA,1997,85
LCA,1996,85
LCA,1995,85
LCA,1994,85
LCA,1993,85
VCT,2020,5
WSM,2020,16
WSM,2019,226
WSM,2018,226
WSM,2017,226
WSM,2016,226
WSM,2015,226
WSM,2014,284
WSM,2013,285
WSM,2012,285
WSM,2011,285
WSM,2010,285
WSM,2009,285
WSM,2008,285
WSM,2007,285
WSM,2006,285
WSM,2005,285
WSM,2004,285
WSM,2003,285
WSM,2002,7
WSM,2001,7
WSM,2000,7
STP,2020,36
STP,2019,36
STP,2018,36
STP,2017,36
STP,2016,0
STP,2015,0
STP,2014,0
STP,2013,36
STP,2012,36
STP,2011,36
STP,2010,36
STP,2009,36
STP,2008,36
STP,2007,36
STP,2006,36
STP,2005,36
STP,2004,36
STP,2003,36
STP,2002,36
STP,2001,36
STP,2000,36
STP,1999,36
STP,1998,36
STP,1997,36
STP,1996,36
STP,1995,36
SAU,2020,155501
SAU,2019,153635
SAU,2018,206463
SAU,2017,205488
SAU,2016,168955
SAU,2015,81261
SAU,2014,156516
SAU,2013,101053
SAU,2012,74388
SAU,2011,152546
SAU,2010,74488
SAU,2009,68298
SAU,2008,68298
SAU,2007,68298
SAU,2006,64175
SAU,2005,64175
SAU,2004,64175
SAU,2003,93700
SAU,2002,93700
SAU,2001,93700
SAU,2000,15300
SAU,1999,52500
SAU,1998,53100
SAU,1997,37411
SAU,1996,98311
SAU,1995,94392
SAU,1994,77888
SAU,1993,58771
SAU,1992,41151
SEN,2020,4850
SEN,2019,1368
SEN,2018,1438
SEN,2017,1028
SEN,2016,647
SEN,2015,649
SEN,2014,505
SEN,2013,691
SEN,2012,615
SEN,2011,397
SEN,2010,272
SEN,2009,345
SEN,2008,512
SEN,2007,300
SEN,2006,300
SEN,2005,300
SEN,2004,300
SEN,2003,300
SEN,2002,300
SEN,2001,300
SEN,2000,1700
SEN,1999,1700
SEN,1998,100
SEN,1997,100
SEN,1996,100
SEN,1995,100
SEN,1994,87
SEN,1993,87
SEN,1992,67
SRB,2020,85900
SRB,2019,73400
SRB,2018,72700
SRB,2017,64000
SRB,2016,45000
SRB,2015,46500
SRB,2014,45100
SRB,2013,48000
SRB,2012,38390
SRB,2011,37071
SRB,2010,34085
SRB,2009,29000
SRB,2008,15000
SRB,2007,12000
SRB,2006,11000
SYC,2020,0
SYC,2019,0
SYC,2018,42
SYC,2017,42
SYC,2016,42
SYC,2015,57
SLE,2020,1511
SLE,2019,1511
SLE,2018,1511
SLE,2017,1511
SLE,2016,1805
SLE,2015,1805
SLE,2014,1805
SLE,2013,1806
SLE,2012,1806
SLE,2011,1806
SLE,2010,1806
SLE,2009,1809
SLE,2008,1809
SLE,2007,1809
SLE,2006,1045
SLE,2005,1090
SLE,2004,1090
SLE,2003,897
SLE,2002,69
SLE,2001,869
SLE,2000,869
SLE,1999,869
SLE,1998,869
SLE,1997,729
SLE,1996,418
SLE,1995,18
SLE,1994,18
SLE,1993,22
SLE,1992,1477
SGP,2020,384895
SGP,2019,834143
SGP,2018,914425
SGP,2017,399376
SGP,2016,771918
SGP,2015,580206
SGP,2014,589991
SGP,2013,568509
SGP,2012,518337
SGP,2011,118703
SGP,2010,39708
SGP,2009,32884
SGP,2008,12073
SGP,2007,20437
SGP,2006,22889
SGP,2005,5805
SGP,2004,7490
SGP,2003,4784
SGP,2002,57900
SGP,2001,57900
SGP,2000,72700
SGP,1999,72700
SGP,1998,365000
SGP,1997,31000
SGP,1996,31000
SGP,1995,33900
SGP,1994,28103
SGP,1993,15479
SGP,1992,30208
SGP,1991,24700
SGP,1990,24100
SGP,1989,12500
SGP,1988,25100
SGP,1987,16700
SGP,1986,17000
SGP,1985,5800
SGP,1984,10500
SGP,1983,3300
SGP,1982,2500
SGP,1981,3400
SGP,1980,4800
SGP,1979,1700
SGP,1978,5300
SGP,1977,1000
SGP,1976,1900
SGP,1975,1200
SGP,1974,1600
SGP,1973,4500
SGP,1972,2700
SGP,1971,2000
SGP,1970,2600
SGP,1969,1500
SGP,1968,1300
SGP,1967,100
SGP,1966,100
SGP,1965,200
SVK,2020,162223
SVK,2019,159348
SVK,2018,150391
SVK,2017,152956
SVK,2016,157509
SVK,2015,164920
SVK,2014,160680
SVK,2013,139821
SVK,2012,185638
SVK,2011,210717
SVK,2010,199029
SVK,2009,156267
SVK,2008,157083
SVK,2007,145598
SVK,2006,89000
SVK,2005,96000
SVK,2004,104000
SVK,2003,107000
SVK,2002,85000
SVK,2001,85000
SVK,2000,76000
SVK,1999,67441
SVK,1998,61200
SVK,1997,1300
SVK,1996,29900
SVK,1995,33000
SVK,1994,24000
SVK,1993,1142
SVN,2020,288947
SVN,2019,237325
SVN,2018,249076
SVN,2017,240708
SVN,2016,246975
SVN,2015,227665
SVN,2014,236531
SVN,2013,199990
SVN,2012,201522
SVN,2011,198344
SVN,2010,211096
SVN,2009,222201
SVN,2008,222663
SVN,2007,233048
SVN,2006,198456
SVN,2005,194596
SVN,2004,202660
SVN,2003,186284
SVN,2002,168200
SVN,2001,158770
SVN,2000,164283
SVN,1999,150000
SVN,1998,159000
SVN,1997,159000
SVN,1996,125300
SVN,1995,138800
SVN,1994,140000
SVN,1993,125629
SVN,1992,120563
SLB,2020,16
SLB,2019,16
SLB,2018,16
SLB,2017,7
SLB,2016,18
SOM,2020,0
SOM,2019,0
SOM,2018,0
SOM,2017,0
SOM,2016,0
SOM,2015,0
SOM,2014,0
SOM,2013,45
SOM,2012,45
SOM,2011,45
SOM,2010,45
SOM,2009,45
SOM,2008,45
SOM,2007,0
SOM,2006,0
SOM,2005,0
SOM,2004,0
SOM,2003,0
SOM,2002,0
SOM,2001,0
SOM,2000,0
SOM,1999,0
SOM,1998,0
SOM,1997,0
SOM,1996,0
SOM,1995,0
SOM,1994,0
SOM,1992,23
ZAF,2020,151913
ZAF,2019,176840
ZAF,2018,205300
ZAF,2017,165433
ZAF,2016,165501
ZAF,2015,143253
ZAF,2014,147774
ZAF,2013,126048
ZAF,2012,76305
ZAF,2011,65829
ZAF,2010,59812
ZAF,2009,62212
ZAF,2008,81666
ZAF,2007,103411
ZAF,2006,33024
ZAF,2005,70482
ZAF,2004,68088
ZAF,2003,59927
ZAF,2002,63500
ZAF,2001,50700
ZAF,2000,70000
ZAF,1999,70000
ZAF,1998,76600
ZAF,1997,95100
ZAF,1996,95100
ZAF,1995,61351
ZAF,1994,60767
ZAF,1993,56134
ZAF,1992,39963
ZAF,1991,89405
ZAF,1990,89405
ZAF,1989,88271
ZAF,1988,57957
ZAF,1987,57324
ZAF,1986,55216
ZAF,1985,55900
ZAF,1984,198400
ZAF,1983,288600
ZAF,1982,120600
ZAF,1981,180400
ZAF,1980,208600
ZAF,1979,129300
ZAF,1978,125800
ZAF,1977,120100
ZAF,1976,116600
ZAF,1975,92900
ZAF,1974,106700
ZAF,1973,104900
ZAF,1972,78200
ZAF,1971,63500
ZAF,1970,65900
ZAF,1969,62800
ZAF,1968,34500
ZAF,1967,1100
ZAF,1966,3000
ZAF,1965,2100
ZAF,1964,4300
ZAF,1963,4000
ZAF,1962,3300
ZAF,1961,7800
ESP,2020,1046749
ESP,2019,1053864
ESP,2018,1095874
ESP,2017,1088303
ESP,2016,1127550
ESP,2015,1125716
ESP,2014,1006150
ESP,2013,1119215
ESP,2012,1005585
ESP,2011,969470
ESP,2010,1184796
ESP,2009,922761
ESP,2008,979310
ESP,2007,958470
ESP,2006,928114
ESP,2005,880619
ESP,2004,845000
ESP,2003,777000
ESP,2002,789000
ESP,2001,733976
ESP,2000,669227
ESP,1999,565000
ESP,1998,723000
ESP,1997,575600
ESP,1996,502300
ESP,1995,521100
ESP,1994,419000
ESP,1993,428728
ESP,1992,498554
ESP,1991,391800
ESP,1990,430100
ESP,1989,315000
ESP,1988,421100
ESP,1987,432800
ESP,1986,465800
ESP,1985,351000
ESP,1984,307000
ESP,1983,281000
ESP,1982,322000
ESP,1981,266000
ESP,1980,298700
ESP,1979,292200
ESP,1978,273500
ESP,1977,269100
ESP,1976,249400
ESP,1975,317700
ESP,1974,340500
ESP,1973,380200
ESP,1972,340100
ESP,1971,257600
ESP,1970,301300
ESP,1969,287200
ESP,1968,246000
ESP,1967,5000
ESP,1966,9800
ESP,1965,14700
ESP,1964,23400
ESP,1963,26300
ESP,1962,32000
ESP,1961,19500
LKA,2020,5310
LKA,2019,5253
LKA,2018,4087
LKA,2017,3683
LKA,2016,4408
LKA,2015,3005
LKA,2014,4076
LKA,2013,2237
LKA,2012,2260
LKA,2011,1877
LKA,2010,1374
LKA,2009,1448
LKA,2008,1366
LKA,2007,1341
LKA,2006,1163
LKA,2005,1061
LKA,2004,1560
LKA,2003,9292
LKA,2002,9347
LKA,2001,13185
LKA,2000,12602
LKA,1999,12602
LKA,1998,12602
LKA,1997,12602
LKA,1996,11100
LKA,1995,6706
LKA,1994,5400
LKA,1993,6264
LKA,1992,4185
LKA,1991,2200
LKA,1990,1200
LKA,1989,1800
LKA,1988,12500
LKA,1987,8100
LKA,1986,5300
LKA,1985,2400
LKA,1984,4900
LKA,1983,4900
LKA,1982,3900
LKA,1981,5900
LKA,1980,4000
LKA,1979,15100
LKA,1978,11100
LKA,1977,8000
LKA,1976,6400
LKA,1975,6400
LKA,1974,6400
LKA,1973,6400
LKA,1972,6400
LKA,1971,15000
LKA,1970,1600
LKA,1969,4100
LKA,1968,3500
LKA,1967,3200
LKA,1966,2600
LKA,1965,5100
LKA,1964,3100
LKA,1963,1300
LKA,1962,2300
SDN,2020,18
SDN,2019,18
SDN,2018,6
SDN,2017,6
SDN,2016,6
SDN,2015,6
SDN,2014,6
SDN,2013,6
SDN,2012,6
SUR,2020,422
SUR,2019,422
SWE,2020,625740
SWE,2019,558785
SWE,2018,612167
SWE,2017,568145
SWE,2016,536555
SWE,2015,394769
SWE,2014,391250
SWE,2013,421782
SWE,2012,501991
SWE,2011,460538
SWE,2010,440118
SWE,2009,354032
SWE,2008,450539
SWE,2007,421000
SWE,2006,454990
SWE,2005,466691
SWE,2004,435252
SWE,2003,399999
SWE,2002,387391
SWE,2001,308610
SWE,2000,307350
SWE,1999,276000
SWE,1998,249400
SWE,1997,239500
SWE,1996,225000
SWE,1995,224000
SWE,1994,230000
SWE,1993,159269
SWE,1992,186775
SWE,1991,165000
SWE,1990,192000
SWE,1989,139600
SWE,1988,132200
SWE,1987,140300
SWE,1986,155100
SWE,1985,134200
SWE,1984,127700
SWE,1983,110500
SWE,1982,91600
SWE,1981,77400
SWE,1980,47700
SWE,1979,40200
SWE,1978,17700
SWE,1977,13100
SWE,1976,18500
SWE,1975,27200
SWE,1974,18000
SWE,1973,47300
SWE,1972,36800
SWE,1971,24800
SWE,1970,26500
SWE,1969,13100
SWE,1968,4800
SWE,1967,1200
SWE,1966,3100
SWE,1965,700
SWE,1964,300
SWE,1963,200
SWE,1962,0
SWE,1961,1400
CHE,2020,99204
CHE,2019,96058
CHE,2018,106448
CHE,2017,107974
CHE,2016,121316
CHE,2015,148715
CHE,2014,156764
CHE,2013,164321
CHE,2012,201942
CHE,2011,295288
CHE,2010,471795
CHE,2009,444840
CHE,2008,513951
CHE,2007,533846
CHE,2006,462162
CHE,2005,507241
CHE,2004,505091
CHE,2003,463360
CHE,2002,462162
CHE,2001,444050
CHE,2000,465230
CHE,1999,477500
CHE,1998,433200
CHE,1997,423000
CHE,1996,419000
CHE,1995,405000
CHE,1994,413000
CHE,1993,381713
CHE,1992,404476
CHE,1991,373200
CHE,1990,339000
CHE,1989,355000
CHE,1988,356000
CHE,1987,328000
CHE,1986,333000
CHE,1985,310000
CHE,1984,290000
CHE,1983,294000
CHE,1982,230000
CHE,1981,276900
CHE,1980,290900
CHE,1979,256200
CHE,1978,278900
CHE,1977,241100
CHE,1976,196500
CHE,1975,203200
CHE,1974,253400
CHE,1973,253800
CHE,1972,214100
CHE,1971,189900
CHE,1970,242000
CHE,1969,193700
CHE,1968,186200
CHE,1967,28200
CHE,1966,25400
CHE,1965,28000
CHE,1964,36700
CHE,1963,33000
CHE,1962,22900
CHE,1961,26200
TJK,2020,14
TJK,2019,555
TJK,2018,190
TJK,2017,190
TJK,2016,190
TJK,2015,190
TJK,2014,190
TJK,2013,190
TJK,2012,189
TJK,2011,62
TJK,2010,0
TJK,2009,0
TJK,2008,0
TJK,2007,0
TJK,2006,0
TJK,2005,0
TJK,2004,0
THA,2020,508775
THA,2019,543446
THA,2018,621143
THA,2017,674761
THA,2016,672967
THA,2015,631333
THA,2014,550260
THA,2013,556202
THA,2012,556202
THA,2011,527563
THA,2010,562142
THA,2009,430773
THA,2008,452884
THA,2007,473782
THA,2006,464438
THA,2005,466625
THA,2004,464323
THA,2003,470000
THA,2002,451000
THA,2001,385000
THA,2000,410000
THA,1999,423000
THA,1998,318000
THA,1997,399800
THA,1996,398300
THA,1995,327300
THA,1994,286800
THA,1993,309853
THA,1992,222022
THA,1991,187000
THA,1990,129400
THA,1989,112900
THA,1988,97300
THA,1987,111800
THA,1986,100100
THA,1985,97800
THA,1984,64900
THA,1983,117600
THA,1982,89500
THA,1981,108900
THA,1980,79700
THA,1979,127700
THA,1978,98700
THA,1977,82600
THA,1976,65200
THA,1975,26400
THA,1974,81400
THA,1973,81400
THA,1972,66100
THA,1971,30400
THA,1970,36600
THA,1969,30200
THA,1968,12500
THA,1967,3300
THA,1965,1600
THA,1964,2800
THA,1963,1400
THA,1962,1500
THA,1961,700
TGO,2020,44
TGO,2019,44
TGO,2018,76
TGO,2017,76
TGO,2016,91
TGO,2015,80
TGO,2014,81
TGO,2013,100
TGO,2012,100
TGO,2011,83
TGO,2010,83
TGO,2009,90
TGO,2008,80
TGO,2007,82
TGO,2006,74
TGO,2005,124
TGO,2004,124
TGO,2003,3
TGO,2002,0
TGO,2001,0
TGO,2000,0
TGO,1999,0
TGO,1998,0
TGO,1997,0
TGO,1996,0
TGO,1995,0
TGO,1994,0
TGO,1993,5
TGO,1992,8
TON,2020,2
TON,2019,2
TON,2018,2
TON,2017,2
TON,2016,2
TON,2015,2
TON,2014,2
TON,2013,9
TON,2012,9
TON,2011,9
TON,2010,9
TON,2009,9
TON,2008,7
TON,2007,7
TTO,2020,9246
TTO,2019,25770
TTO,2018,17352
TTO,2017,22246
TTO,2016,23817
TTO,2015,22064
TTO,2014,27325
TTO,2013,16999
TTO,2012,15769
TTO,2011,13072
TTO,2010,16396
TTO,2009,17902
TTO,2008,3550
TTO,2007,3550
TTO,2006,3550
TTO,2005,3550
TTO,2004,3550
TTO,2003,3550
TTO,2002,3580
TTO,2001,6300
TTO,2000,6300
TTO,1999,5600
TTO,1998,7200
TTO,1997,4900
TTO,1996,2400
TTO,1995,2900
TTO,1994,3400
TTO,1993,2540
TTO,1992,2795
TTO,1990,2000
TTO,1989,800
TTO,1988,1600
TTO,1987,1400
TTO,1986,1300
TTO,1985,800
TTO,1984,600
TTO,1983,400
TTO,1982,800
TTO,1981,400
TTO,1980,400
TTO,1979,400
TTO,1978,500
TTO,1977,300
TTO,1976,300
TTO,1975,200
TTO,1974,200
TUN,2020,61697
TUN,2019,119670
TUN,2018,88267
TUN,2017,110657
TUN,2016,139102
TUN,2015,140165
TUN,2014,78137
TUN,2013,113559
TUN,2012,125076
TUN,2011,96636
TUN,2010,101802
TUN,2009,76060
TUN,2008,136934
TUN,2007,105210
TUN,2006,96440
TUN,2005,96440
TUN,2004,96440
TUN,2003,50900
TUN,2002,50900
TUN,2001,37600
TUN,2000,48400
TUN,1999,35500
TUN,1998,55200
TUN,1997,58800
TUN,1996,50700
TUN,1995,60061
TUN,1994,42939
TUN,1993,28868
TUN,1992,61971
TUN,1991,27900
TUN,1990,29000
TUN,1989,29000
TUN,1988,29000
TUN,1987,29000
TUN,1986,15600
TUN,1985,20300
TUN,1984,17500
TUN,1983,15100
TUN,1982,8200
TUN,1981,27800
TUN,1980,5400
TUN,1979,5400
TUN,1978,9800
TUN,1977,6400
TUN,1976,6400
TUN,1975,3500
TUN,1974,8700
TUN,1973,8300
TUN,1972,1000
TUN,1971,2100
TUN,1970,8900
TUR,2020,1424018
TUR,2019,1345159
TUR,2018,1261265
TUR,2017,1227100
TUR,2016,1150200
TUR,2015,1030100
TUR,2014,967731
TUR,2013,938491
TUR,2012,841500
TUR,2011,770440
TUR,2010,627000
TUR,2009,618110
TUR,2008,599000
TUR,2007,577000
TUR,2006,486666
TUR,2005,486666
TUR,2004,368000
TUR,2003,368000
TUR,2002,368000
TUR,2001,301000
TUR,2000,320000
TUR,1999,319000
TUR,1998,304000
TUR,1997,263400
TUR,1996,209000
TUR,1995,229700
TUR,1994,195900
TUR,1993,227534
TUR,1992,157677
TUR,1991,95900
TUR,1990,95900
TUR,1989,110800
TUR,1988,139600
TUR,1987,102700
TUR,1986,100600
TUR,1985,100600
TUR,1984,83900
TUR,1983,67000
TUR,1982,55000
TUR,1981,36600
TUR,1980,46700
TUR,1979,30200
TUR,1978,25900
TUR,1977,63200
TUR,1976,99400
TUR,1975,18000
TUR,1974,26900
TUR,1973,42800
TUR,1972,52300
TUR,1971,32500
TUR,1970,11300
TUR,1969,11300
TUR,1968,9900
TUR,1967,2000
TUR,1966,8300
TUR,1965,7900
TUR,1964,5400
TUR,1963,7400
TUR,1962,12000
TUR,1961,6700
TKM,2020,1938
TKM,2019,1938
TKM,2018,1861
TKM,2017,10
TKM,2016,10
TKM,2015,10
TKM,2014,10
TKM,2013,10
TKM,2012,9
TKM,2011,13
TKM,2010,0
TKM,2009,0
TKM,2008,0
TKM,2007,0
TKM,2006,0
TKM,2005,0
TKM,2004,0
TKM,2003,0
TKM,2002,0
TKM,2001,0
TKM,2000,0
TKM,1999,0
TKM,1998,0
TKM,1997,0
TUV,2020,29
TUV,2019,29
UGA,2020,994
UGA,2019,52
UGA,2018,199
UGA,2017,137
UGA,2016,67
UGA,2015,81
UGA,2014,123
UGA,2013,406
UGA,2012,406
UGA,2011,406
UGA,2010,219
UGA,2009,206
UGA,2008,206
UGA,2007,206
UGA,2006,196
UGA,2005,175
UGA,2004,175
UGA,2003,94
UGA,2002,10
UGA,2001,10
UGA,2000,10
UGA,1999,10
UGA,1998,10
UGA,1997,10
UGA,1996,10
UGA,1995,10
UGA,1994,10
UGA,1993,10
UKR,2020,76052
UKR,2019,72059
UKR,2018,66295
UKR,2017,59176
UKR,2016,71570
UKR,2015,71570
UKR,2014,71570
UKR,2013,71570
UKR,2012,77220
UKR,2011,84367
UKR,2010,87242
UKR,2009,112500
UKR,2008,112500
UKR,2007,112500
UKR,2006,91400
UKR,2005,91440
UKR,2004,95050
UKR,2003,87090
UKR,2002,73030
UKR,2001,64600
UKR,2000,54827
UKR,1999,54827
UKR,1998,53445
UKR,1997,48100
UKR,1996,63200
UKR,1995,2100
UKR,1994,2100
UKR,1993,2100
UKR,1992,2112
ARE,2020,609838
ARE,2019,447787
ARE,2018,184118
ARE,2017,191106
ARE,2016,142717
ARE,2015,138638
ARE,2014,127219
ARE,2013,163918
ARE,2012,84264
ARE,2011,75472
ARE,2010,59862
ARE,2009,51370
ARE,2008,38767
ARE,2007,19540
ARE,2006,35963
ARE,2005,20363
ARE,2004,20363
ARE,2003,17500
ARE,2002,17500
ARE,2001,17500
ARE,2000,7000
ARE,1999,14200
ARE,1998,14200
ARE,1997,12200
ARE,1996,12200
ARE,1995,3400
ARE,1994,3400
ARE,1993,2400
ARE,1992,356
USA,2020,5661107
USA,2019,5299721
USA,2018,5564687
USA,2017,5377000
USA,2016,5588864
USA,2015,5351465
USA,2014,5755924
USA,2013,5545112
USA,2012,5199473
USA,2011,5549875
USA,2010,5591374
USA,2009,4597488
USA,2008,5710231
USA,2007,6198607
USA,2006,6346385
USA,2005,6225201
USA,2004,6190103
USA,2003,6069924
USA,2002,6574830
USA,2001,6666427
USA,2000,6596000
USA,1999,6071530
USA,1998,5479000
USA,1997,5805000
USA,1996,5164000
USA,1995,5417000
USA,1994,5126000
USA,1993,4914602
USA,1992,4564975
USA,1991,4532600
USA,1990,4439000
USA,1989,4630400
USA,1988,4359300
USA,1987,4407400
USA,1986,4106200
USA,1985,3982600
USA,1984,4043700
USA,1983,3706300
USA,1982,3295700
USA,1981,3685500
USA,1980,3652400
USA,1979,3880800
USA,1978,3608800
USA,1977,3462900
USA,1976,3359600
USA,1975,2770100
USA,1974,3691000
USA,1973,3592700
USA,1972,3358100
USA,1971,3163400
USA,1970,3166600
USA,1969,3643900
USA,1968,3175500
USA,1967,492600
USA,1966,552900
USA,1965,567200
USA,1964,563800
USA,1963,544400
USA,1962,547000
USA,1961,458700
URY,2020,6284
URY,2019,5564
URY,2018,5563
URY,2017,6912
URY,2016,6927
URY,2015,6031
URY,2014,27500
URY,2013,19704
URY,2012,22648
URY,2011,21000
URY,2010,17000
URY,2009,26187
URY,2008,9187
URY,2007,10187
URY,2006,8187
URY,2005,15187
URY,2004,13325
URY,2003,14800
URY,2002,14800
URY,2001,16400
URY,2000,16350
URY,1999,19950
URY,1998,21800
URY,1997,20800
URY,1996,14721
URY,1995,12577
URY,1994,10992
URY,1993,6176
URY,1992,6055
URY,1991,4400
URY,1990,6000
URY,1989,5400
URY,1988,7800
URY,1987,9900
URY,1986,9750
URY,1985,6900
URY,1984,6500
URY,1983,6700
URY,1982,4500
URY,1981,6100
URY,1980,9000
URY,1979,11200
URY,1978,10000
URY,1977,8100
URY,1976,6500
URY,1975,6500
URY,1974,7600
URY,1973,12100
URY,1972,8800
URY,1971,10400
URY,1970,11500
URY,1969,11700
URY,1968,17300
URY,1967,1900
URY,1966,600
URY,1965,900
URY,1964,1000
URY,1963,500
URY,1962,700
UZB,2020,13648
UZB,2019,16004
UZB,2018,14943
UZB,2017,3311
UZB,2016,3311
UZB,2015,2951
UZB,2014,3040
UZB,2013,3040
UZB,2012,3047
UZB,2011,1724
UZB,2010,1581
UZB,2009,1312
UZB,2008,2328
UZB,2007,6185
UZB,2006,3841
UZB,2005,5030
UZB,2004,1054
UZB,2003,1725
UZB,2002,2122
UZB,2001,1876
UZB,2000,1657
UZB,1999,1175
UZB,1998,1175
VUT,2020,500
VUT,2019,500
VUT,2018,500
VUT,2017,500
VUT,2016,500
VUT,2015,500
VUT,2014,500
VUT,2013,500
VUT,2012,500
VUT,2011,500
VUT,2010,500
VUT,2009,500
VUT,2008,500
VUT,2007,500
VUT,2006,500
VUT,2005,500
VUT,2004,500
VUT,2003,500
VUT,2002,500
VUT,2001,500
VNM,2020,391451
VNM,2019,403431
VNM,2018,463644
VNM,2017,358983
VNM,2016,345419
VNM,2015,264383
VNM,2014,225756
VNM,2013,348440
VNM,2012,225133
VNM,2011,158087
VNM,2010,158087
VNM,2009,123753
VNM,2008,131610
VNM,2007,131610
VNM,2006,160441
VNM,2005,104998
VNM,2004,104998
VNM,2003,33200
VNM,2002,33200
VNM,2001,84500
VNM,2000,45200
VNM,1999,45200
VNM,1998,71729
VNM,1997,41229
VNM,1996,34654
VNM,1995,34959
VNM,1994,16874
VNM,1993,12353
VNM,1992,2117
VNM,1987,0
VNM,1974,6100
VNM,1973,6100
VNM,1969,27100
VNM,1968,10900
YEM,2020,2752
YEM,2019,1267
YEM,2018,24
YEM,2017,24
YEM,2016,24
YEM,2015,24
YEM,2014,49
YEM,2013,0
YEM,2012,0
YEM,2011,0
YEM,2010,21
YEM,2009,0
YEM,2008,176
YEM,2007,176
YEM,2006,176
YEM,2005,176
YEM,2004,176
YEM,2003,200
YEM,2002,200
YEM,2001,400
YEM,2000,400
YEM,1999,400
YEM,1998,1023
YEM,1997,1268
YEM,1996,1041
YEM,1995,3450
YEM,1994,4842
YEM,1993,1047
YEM,1992,697
ZMB,2020,217
ZMB,2019,396
ZMB,2018,107
ZMB,2017,167
ZMB,2016,29
ZMB,2015,114
ZMB,2014,114
ZMB,2013,68
ZMB,2012,106
ZMB,2011,106
ZMB,2010,80
ZMB,2009,111
ZMB,2008,94
ZMB,2007,94
ZMB,2006,94
ZMB,2005,94
ZMB,2004,94
ZMB,2003,16
ZMB,2002,16
ZMB,2001,16
ZMB,2000,16
ZMB,1999,11
ZMB,1998,11
ZMB,1997,28
ZMB,1996,28
ZMB,1995,28
ZWE,2020,597
ZWE,2019,1089
ZWE,2018,1753
ZWE,2017,931
ZWE,2016,953
ZWE,2015,573
ZWE,2014,352
ZWE,2013,1080
ZWE,2012,918
ZWE,2011,1092
ZWE,2010,1100
ZWE,2009,641
ZWE,2008,1677
ZWE,2007,4286
ZWE,2006,10095
ZWE,2005,10095
ZWE,2004,10095
ZWE,2003,8900
ZWE,2002,8900
ZWE,2001,8900
ZWE,2000,8900
ZWE,1999,11000
ZWE,1998,8600
ZWE,1997,3600
ZWE,1996,2200
ZWE,1995,7310
ZWE,1994,1028
ZWE,1993,1785
ZWE,1992,5439
ZWE,1990,0
ZWE,1989,20700
ZWE,1988,20700
ZWE,1987,20700
ZWE,1986,16700
ZWE,1985,11300
ZWE,1984,11300
ZWE,1983,5000
ZWE,1982,14600
ZWE,1981,19800
ZWE,1980,17900
ZWE,1979,19100
ZWE,1978,16000
ZWE,1977,16200
ZWE,1976,18600
ZWE,1975,4100
ZWE,1974,4100
ZWE,1973,4100
ZWE,1972,4100
ZWE,1971,4100
ZWE,1970,4100
ZWE,1969,4100
ZWE,1968,4100
