country_code,year,paper_pulp_export_tonnes
AFG,2020,22
AFG,2019,22
AFG,2018,22
AFG,2017,19
AFG,2016,19
AFG,2015,19
AFG,2014,19
AFG,2013,19
AFG,2012,19
AFG,2011,19
AFG,2010,19
AFG,2009,19
AFG,2008,19
AFG,2007,19
AFG,2006,19
AFG,2005,19
AFG,2004,19
AFG,2003,19
AFG,2002,0
AFG,2001,0
AFG,2000,0
AFG,1999,0
AFG,1998,0
AFG,1997,0
AFG,1996,0
AFG,1995,0
ALB,2020,0
ALB,2019,0
ALB,2018,0
ALB,2017,0
ALB,2016,10
ALB,2015,10
ALB,2014,10
ALB,2013,10
ALB,2012,10
ALB,2011,0
ALB,2010,1
ALB,2009,1
ALB,2008,1
ALB,2007,1
ALB,2006,1
ALB,2005,1
ALB,2004,1
ALB,2003,1
ALB,2002,1
ALB,2001,1
ALB,2000,1
ALB,1999,14
ALB,1998,14
ALB,1997,14
ALB,1996,0
DZA,2020,24
DZA,2019,24
DZA,2018,24
DZA,2017,24
DZA,2016,24
DZA,2015,24
DZA,2014,24
DZA,2013,0
DZA,2012,0
DZA,2011,0
DZA,2010,0
DZA,2009,0
DZA,2008,0
DZA,2007,0
DZA,2006,0
DZA,2005,0
DZA,2004,0
DZA,2003,0
DZA,2002,0
DZA,2001,0
DZA,2000,0
DZA,1999,0
DZA,1998,0
DZA,1997,0
DZA,1996,30
DZA,1995,30
DZA,1994,0
DZA,1993,444
DZA,1992,444
ASM,2020,562
ASM,2019,562
AGO,2020,706
AGO,2019,706
AGO,2018,706
AGO,2017,706
AGO,2016,706
AGO,2015,706
AGO,2014,706
AGO,2013,961
AGO,2012,961
AGO,2011,961
AGO,2010,961
AGO,2009,961
AGO,2008,961
AGO,2007,433
AGO,2006,433
AGO,2005,433
AGO,2004,433
AGO,2003,433
AGO,2002,433
AGO,2001,433
AGO,2000,433
AGO,1999,433
AGO,1998,255
AGO,1997,255
AGO,1996,0
AGO,1995,0
AGO,1994,0
AGO,1987,0
AGO,1974,18600
AGO,1973,33300
AGO,1972,30900
AGO,1971,31900
AGO,1970,33900
AGO,1969,31700
AGO,1968,27100
ARG,2020,193689
ARG,2019,193672
ARG,2018,196002
ARG,2017,214002
ARG,2016,175003
ARG,2015,168003
ARG,2014,184877
ARG,2013,196537
ARG,2012,164005
ARG,2011,204000
ARG,2010,229011
ARG,2009,249000
ARG,2008,178000
ARG,2007,201000
ARG,2006,212000
ARG,2005,212000
ARG,2004,290482
ARG,2003,254205
ARG,2002,258000
ARG,2001,245000
ARG,2000,240000
ARG,1999,197800
ARG,1998,198000
ARG,1997,198700
ARG,1996,189800
ARG,1995,158400
ARG,1994,151000
ARG,1993,151000
ARG,1992,101000
ARG,1991,114000
ARG,1990,114000
ARG,1989,52000
ARG,1988,73400
ARG,1987,66000
ARG,1986,66000
ARG,1985,81900
ARG,1984,45100
ARG,1983,38300
ARM,2020,0
ARM,2019,0
ARM,2018,0
ARM,2017,0
ARM,2016,25
ARM,2015,0
ARM,2014,0
ARM,2013,0
ARM,2012,0
ARM,2011,0
ARM,2010,4
ARM,2009,34
ARM,2008,0
ARM,2007,0
ARM,2006,0
ARM,2005,0
ARM,2004,0
ARM,2003,0
ARM,2002,0
ARM,2001,0
AUS,2020,415
AUS,2019,245
AUS,2018,601
AUS,2017,135
AUS,2016,415
AUS,2015,376
AUS,2014,3013
AUS,2013,3045
AUS,2012,543
AUS,2011,11443
AUS,2010,16317
AUS,2009,19000
AUS,2008,17000
AUS,2007,10000
AUS,2006,10000
AUS,2005,6000
AUS,2004,4000
AUS,2003,3000
AUS,2002,3500
AUS,2001,2000
AUS,2000,1600
AUS,1999,0
AUS,1998,0
AUS,1997,0
AUS,1996,0
AUS,1995,0
AUS,1994,0
AUS,1993,724
AUS,1992,7602
AUS,1991,2200
AUS,1990,2200
AUS,1989,0
AUS,1987,0
AUS,1982,3800
AUS,1981,3800
AUS,1980,100
AUS,1979,100
AUS,1978,4500
AUS,1977,4500
AUS,1976,4500
AUS,1975,8000
AUT,2020,301348
AUT,2019,307278
AUT,2018,310604
AUT,2017,276948
AUT,2016,274074
AUT,2015,161555
AUT,2014,202470
AUT,2013,308416
AUT,2012,363378
AUT,2011,375755
AUT,2010,346657
AUT,2009,294819
AUT,2008,271701
AUT,2007,292011
AUT,2006,228200
AUT,2005,249002
AUT,2004,259000
AUT,2003,295000
AUT,2002,321350
AUT,2001,329000
AUT,2000,321000
AUT,1999,378000
AUT,1998,282300
AUT,1997,281700
AUT,1996,265900
AUT,1995,223800
AUT,1994,226000
AUT,1993,196538
AUT,1992,181233
AUT,1991,168000
AUT,1990,207200
AUT,1989,246600
AUT,1988,261100
AUT,1987,298500
AUT,1986,335900
AUT,1985,287400
AUT,1984,257400
AUT,1983,241100
AUT,1982,229900
AUT,1981,258100
AUT,1980,248400
AUT,1979,231700
AUT,1978,180500
AUT,1977,130000
AUT,1976,148200
AUT,1975,116500
AUT,1974,113200
AUT,1973,92500
AUT,1972,108300
AUT,1971,112300
AUT,1970,131900
AUT,1969,146600
AUT,1968,145200
AUT,1967,1600
AUT,1966,1900
AUT,1965,2900
AUT,1964,3900
AUT,1963,4600
AUT,1962,5100
AUT,1961,4700
AZE,2020,0
AZE,2019,0
AZE,2018,0
AZE,2017,0
AZE,2016,0
AZE,2015,0
AZE,2014,0
AZE,2013,0
AZE,2012,0
AZE,2011,7
AZE,2010,0
AZE,2009,0
AZE,2008,0
AZE,2007,0
AZE,2006,0
AZE,2005,0
AZE,2004,0
AZE,2003,0
AZE,2002,0
AZE,2001,0
AZE,2000,0
AZE,1999,0
AZE,1998,200
AZE,1997,200
BHS,2020,199
BHS,2019,199
BHS,2018,199
BHS,2017,199
BHS,2016,199
BHS,2015,199
BHS,2014,199
BHS,2013,199
BHS,2012,199
BHS,2011,199
BHS,2010,199
BHS,2009,199
BHS,2008,199
BHS,2007,91
BHS,2006,91
BHS,2005,0
BHS,2004,0
BHS,2003,0
BHS,2002,0
BHS,2001,0
BHS,2000,0
BHS,1999,0
BHS,1998,0
BHS,1997,0
BHS,1996,0
BHS,1995,0
BHS,1994,0
BHR,2020,537
BHR,2019,537
BHR,2018,559
BHR,2017,559
BHR,2016,559
BHR,2015,567
BHR,2014,311
BHR,2013,263
BHR,2012,263
BHR,2011,263
BHR,2010,263
BHR,2009,255
BHR,2008,255
BHR,2007,200
BGD,2020,6
BGD,2019,6
BGD,2018,8
BGD,2017,7
BGD,2016,8
BGD,2015,263
BGD,2014,263
BGD,2013,263
BGD,2012,263
BGD,2011,263
BGD,2010,263
BGD,2009,160
BRB,2020,31
BRB,2019,31
BRB,2018,31
BRB,2017,31
BRB,2016,31
BRB,2015,31
BRB,2014,31
BRB,2013,44
BRB,2012,44
BRB,2011,46
BRB,2010,46
BRB,2009,309
BRB,2008,34
BRB,2007,34
BRB,2006,21
BRB,2005,20
BRB,2004,20
BRB,2003,20
BRB,2002,0
BRB,2001,0
BRB,2000,0
BRB,1999,0
BRB,1998,0
BRB,1997,0
BRB,1996,0
BRB,1995,1134
BRB,1994,0
BRB,1993,0
BLR,2020,216200
BLR,2019,115823
BLR,2018,22123
BLR,2017,1262
BLR,2016,1210
BLR,2015,1228
BLR,2014,1793
BLR,2013,1800
BLR,2012,1411
BLR,2011,235
BLR,2010,219
BLR,2009,200
BLR,2008,200
BLR,2007,200
BLR,2006,200
BLR,2005,200
BLR,2004,200
BLR,2003,200
BLR,2002,300
BLR,2001,0
BLR,2000,100
BLR,1999,100
BLR,1998,1199
BLR,1997,500
BLR,1996,800
BLR,1995,1000
BLR,1994,1000
BLR,1993,20
BLR,1992,100
BEL,2020,586578
BEL,2019,586578
BEL,2018,698459
BEL,2017,743027
BEL,2016,777902
BEL,2015,744478
BEL,2014,789211
BEL,2013,764470
BEL,2012,726390
BEL,2011,782199
BEL,2010,1084326
BEL,2009,944345
BEL,2008,1118499
BEL,2007,1420431
BEL,2006,1045841
BEL,2005,696183
BEL,2004,696166
BEL,2003,602333
BEL,2002,685333
BEL,2001,711820
BEL,2000,709000
BLZ,2020,185
BLZ,2019,185
BLZ,2018,818
BLZ,2017,118
BLZ,2016,868
BLZ,2015,868
BLZ,2014,868
BLZ,2013,98
BLZ,2012,98
BLZ,2011,98
BLZ,2010,98
BLZ,2009,98
BLZ,2008,198
BLZ,2007,209
BLZ,2006,1005
BLZ,2005,793
BLZ,2004,793
BLZ,2003,1943
BLZ,2002,1534
BLZ,2001,604
BLZ,2000,1868
BLZ,1999,1887
BLZ,1998,314
BLZ,1997,0
BLZ,1996,0
BLZ,1995,0
BLZ,1994,0
BLZ,1993,0
BLZ,1992,0
BEN,2020,0
BEN,2019,0
BEN,2018,0
BEN,2017,0
BEN,2016,0
BEN,2015,0
BEN,2014,0
BEN,2013,0
BEN,2012,0
BEN,2011,0
BEN,2010,0
BEN,2009,0
BEN,2008,0
BEN,2007,0
BEN,2006,0
BEN,2005,0
BEN,2004,0
BEN,2003,0
BEN,2002,0
BEN,2001,0
BEN,2000,0
BEN,1999,0
BEN,1998,21
BTN,2020,97
BTN,2019,97
BTN,2018,97
BTN,2017,97
BTN,2016,97
BTN,2015,19
BTN,2014,19
BTN,2013,19
BTN,2012,19
BTN,2011,19
BTN,2010,19
BTN,2009,19
BTN,2008,19
BTN,2007,19
BTN,2006,19
BTN,2005,19
BTN,2004,19
BTN,2003,19
BTN,2002,19
BTN,2001,19
BTN,2000,19
BTN,1999,19
BTN,1998,19
BTN,1997,19
BIH,2020,0
BIH,2019,20
BIH,2018,24
BIH,2017,1
BIH,2016,30
BIH,2015,0
BIH,2014,110
BIH,2013,0
BIH,2012,0
BIH,2011,0
BIH,2010,74
BIH,2009,0
BIH,2008,0
BIH,2007,50
BIH,2006,0
BIH,2005,0
BIH,2004,0
BIH,2003,44
BIH,2002,44
BIH,2001,44
BIH,2000,44
BIH,1999,44
BIH,1998,32
BIH,1997,24
BIH,1993,0
BIH,1992,172
BWA,2020,0
BWA,2019,0
BWA,2018,0
BWA,2017,0
BWA,2016,0
BWA,2015,0
BWA,2014,0
BWA,2013,2
BRA,2020,15950770
BRA,2019,14934588
BRA,2018,14598520
BRA,2017,13199600
BRA,2016,12905353
BRA,2015,11536621
BRA,2014,10615281
BRA,2013,9429878
BRA,2012,8513677
BRA,2011,8481373
BRA,2010,8381019
BRA,2009,8233166
BRA,2008,7051020
BRA,2007,6495259
BRA,2006,6161164
BRA,2005,5440787
BRA,2004,4888692
BRA,2003,4466352
BRA,2002,3336904
BRA,2001,3270485
BRA,2000,2916297
BRA,1999,3014100
BRA,1998,2699632
BRA,1997,2387400
BRA,1996,2171700
BRA,1995,1957905
BRA,1994,2060373
BRA,1993,2043397
BRA,1992,1678323
BRA,1991,1376800
BRA,1990,1035200
BRA,1989,1001500
BRA,1988,1062000
BRA,1987,814400
BRA,1986,879500
BRA,1985,927700
BRA,1984,975600
BRA,1983,986100
BRA,1982,824600
BRA,1981,951000
BRA,1980,890500
BRA,1979,582400
BRA,1978,267900
BRA,1977,94600
BRA,1976,140600
BRA,1975,153200
BRA,1974,133700
BRA,1973,193800
BRA,1972,140700
BRA,1971,32600
BRA,1970,39400
BRA,1969,26700
BRA,1968,12200
BRA,1967,2800
BRA,1966,6200
BRA,1965,8500
BRA,1964,3500
BRA,1963,400
BRA,1962,4100
BRA,1961,400
VGB,2020,0
VGB,2019,0
VGB,2018,0
VGB,2017,0
VGB,2016,0
VGB,2015,0
VGB,2014,0
VGB,2013,0
VGB,2012,0
VGB,2011,0
VGB,2010,0
VGB,2009,0
VGB,2008,0
VGB,2007,0
VGB,2006,0
VGB,2005,0
VGB,2004,0
VGB,2003,0
VGB,2002,0
VGB,2001,0
VGB,2000,0
VGB,1999,0
VGB,1998,0
VGB,1997,0
VGB,1996,0
VGB,1995,0
VGB,1994,0
VGB,1993,0
BRN,2020,27
BRN,2019,27
BRN,2018,27
BRN,2017,51
BRN,2016,25
BRN,2015,25
BRN,2014,25
BRN,2013,51
BRN,2012,26
BRN,2011,26
BRN,2010,26
BRN,2009,26
BRN,2008,26
BGR,2020,65732
BGR,2019,112663
BGR,2018,111792
BGR,2017,107585
BGR,2016,101991
BGR,2015,88272
BGR,2014,111317
BGR,2013,107180
BGR,2012,83033
BGR,2011,103431
BGR,2010,95602
BGR,2009,8659
BGR,2008,67846
BGR,2007,44943
BGR,2006,48160
BGR,2005,59850
BGR,2004,59850
BGR,2003,59850
BGR,2002,59850
BGR,2001,59850
BGR,2000,59850
BGR,1999,59850
BGR,1998,41900
BGR,1997,41900
BGR,1996,21900
BGR,1995,6000
BGR,1994,32400
BGR,1993,26300
BGR,1992,39917
BGR,1991,29600
BGR,1990,29600
BGR,1989,30200
BGR,1988,26600
BGR,1987,8600
BGR,1986,2400
BGR,1985,7700
BGR,1984,11700
BGR,1983,10300
BGR,1982,10900
BGR,1981,9900
BGR,1980,15200
BGR,1979,22900
BGR,1978,27100
BGR,1977,19900
BGR,1976,21300
BGR,1975,13500
BGR,1974,14800
BGR,1973,22500
BGR,1972,22500
BGR,1971,15300
BGR,1970,15600
BGR,1969,17400
BGR,1968,10100
BFA,2020,49
BFA,2019,49
BFA,2018,49
BFA,2017,49
BFA,2016,49
BFA,2015,49
BFA,2014,71
BFA,2013,49
BFA,2012,49
BFA,2011,49
BFA,2010,49
BDI,2020,104
BDI,2019,104
BDI,2018,18
BDI,2017,18
BDI,2016,18
BDI,2015,18
BDI,2014,18
BDI,2013,18
BDI,2012,18
KHM,2020,25
KHM,2019,25
KHM,2018,25
KHM,2017,25
KHM,2016,25
KHM,2015,25
KHM,2014,25
KHM,2013,111
KHM,2012,111
KHM,2011,111
KHM,2010,111
KHM,2009,111
KHM,2008,111
KHM,2007,111
KHM,2006,25
CAN,2020,8670247
CAN,2019,9238588
CAN,2018,9266688
CAN,2017,9506995
CAN,2016,9505633
CAN,2015,9396036
CAN,2014,9055183
CAN,2013,9109889
CAN,2012,9233045
CAN,2011,9159166
CAN,2010,8990866
CAN,2009,8009587
CAN,2008,9343000
CAN,2007,10356000
CAN,2006,10727000
CAN,2005,10538000
CAN,2004,11380276
CAN,2003,11392421
CAN,2002,11944000
CAN,2001,11069000
CAN,2000,11652744
CAN,1999,11448204
CAN,1998,10423900
CAN,1997,10873300
CAN,1996,10135000
CAN,1995,10518000
CAN,1994,10274700
CAN,1993,9146000
CAN,1992,8702300
CAN,1991,8571300
CAN,1990,7651900
CAN,1989,8017100
CAN,1988,8228900
CAN,1987,8028100
CAN,1986,7405900
CAN,1985,6850800
CAN,1984,6858400
CAN,1983,6646100
CAN,1982,5948800
CAN,1981,6530700
CAN,1980,7009700
CAN,1979,6856300
CAN,1978,6428100
CAN,1977,5961600
CAN,1976,5967500
CAN,1975,4860100
CAN,1974,6181500
CAN,1973,5704000
CAN,1972,5253000
CAN,1971,4829000
CAN,1970,4761500
CAN,1969,4915600
CAN,1968,4176300
CAN,1967,206500
CAN,1966,230300
CAN,1965,287800
CAN,1964,262500
CAN,1963,228200
CAN,1962,238500
CAN,1961,217300
CYM,2020,0
CYM,2019,0
CYM,2018,0
CYM,2017,0
CYM,2016,0
CYM,2015,0
CYM,2014,0
CYM,2013,0
CYM,2012,0
CYM,2011,0
CYM,2010,0
CYM,2009,0
CYM,2008,0
CYM,2007,0
CYM,2006,0
CYM,2005,0
CYM,2004,0
CYM,2003,0
CYM,2002,0
CYM,2001,0
CYM,2000,0
CYM,1999,0
CYM,1998,0
CYM,1997,0
CYM,1996,0
CYM,1995,0
CYM,1994,0
CYM,1993,0
CAF,2020,1
CAF,2019,1
CAF,2018,1
CAF,2017,1
CAF,2016,1
CAF,2015,1
CAF,2014,1
CAF,2013,1
CAF,2012,1
CAF,2011,1
CAF,2010,1
CAF,2009,1
CAF,2008,1
CAF,2007,1
CAF,2006,1
CAF,2005,1
CAF,2004,1
CAF,2003,1
CAF,2002,0
CAF,2001,0
CAF,2000,0
CAF,1999,0
CAF,1998,0
CAF,1997,0
CAF,1996,0
CAF,1995,0
CAF,1994,0
CAF,1993,0
TCD,2020,0
TCD,2019,0
TCD,2018,0
TCD,2017,0
TCD,2016,0
TCD,2015,0
TCD,2014,0
TCD,2013,0
TCD,2012,0
TCD,2011,0
TCD,2010,0
TCD,2009,248
TCD,2008,248
TCD,2007,248
TCD,2006,248
TCD,2005,248
TCD,2004,248
TCD,2003,248
TCD,2002,248
TCD,2001,248
TCD,2000,248
TCD,1999,248
TCD,1998,248
TCD,1997,248
CHL,2020,4246477
CHL,2019,4709090
CHL,2018,4687609
CHL,2017,4491837
CHL,2016,4652467
CHL,2015,4418843
CHL,2014,4670306
CHL,2013,4556299
CHL,2012,4325315
CHL,2011,4025375
CHL,2010,3381000
CHL,2009,4311585
CHL,2008,4063000
CHL,2007,3859000
CHL,2006,2649984
CHL,2005,2616000
CHL,2004,2545000
CHL,2003,2110000
CHL,2002,2152000
CHL,2001,2173000
CHL,2000,1835000
CHL,1999,1905000
CHL,1998,1745000
CHL,1997,1575500
CHL,1996,1655200
CHL,1995,1625300
CHL,1994,1585200
CHL,1993,1479146
CHL,1992,1321857
CHL,1991,664200
CHL,1990,581100
CHL,1989,493700
CHL,1988,479100
CHL,1987,526500
CHL,1986,562000
CHL,1985,503000
CHL,1984,492600
CHL,1983,523700
CHL,1982,458800
CHL,1981,321400
CHL,1980,415600
CHL,1979,431900
CHL,1978,437700
CHL,1977,338800
CHL,1976,236700
CHL,1975,174400
CHL,1974,180000
CHL,1973,102000
CHL,1972,120800
CHL,1971,109300
CHL,1970,105300
CHL,1969,121200
CHL,1968,118200
CHN,2020,250730
CHN,2019,198181
CHN,2018,241765
CHN,2017,295241
CHN,2016,232702
CHN,2015,167441
CHN,2014,140319
CHN,2013,122642
CHN,2012,108906
CHN,2011,111852
CHN,2010,123091
CHN,2009,94804
CHN,2008,92918
CHN,2007,155820
CHN,2006,113799
CHN,2005,66687
CHN,2004,46253
CHN,2003,48275
CHN,2002,41299
CHN,2001,38487
CHN,2000,54720
CHN,1999,42699
CHN,1998,22300
CHN,1997,36108
CHN,1996,26500
CHN,1995,56900
CHN,1994,24313
CHN,1993,24346
CHN,1992,62431
CHN,1991,29900
CHN,1990,101400
CHN,1989,98000
CHN,1988,126700
CHN,1987,86700
CHN,1986,94800
CHN,1985,71100
CHN,1984,30900
CHN,1983,63700
CHN,1982,81100
CHN,1981,47600
CHN,1980,45900
CHN,1979,45500
CHN,1978,43500
CHN,1977,30800
CHN,1976,29700
CHN,1975,18900
CHN,1974,24600
CHN,1973,26100
CHN,1972,66300
CHN,1971,64300
CHN,1970,42500
CHN,1969,28200
CHN,1968,18300
CHN,1967,21000
CHN,1966,21800
CHN,1965,18700
CHN,1964,17400
CHN,1963,14300
CHN,1962,9700
CHN,1961,5100
CHN,2020,21889
CHN,2019,19214
CHN,2018,2235
CHN,2017,3852
CHN,2016,703
CHN,2015,814
CHN,2014,467
CHN,2013,3171
CHN,2012,794
CHN,2011,170
CHN,2010,298
CHN,2009,6470
CHN,2008,388
CHN,2007,608
CHN,2006,2314
CHN,2005,1361
CHN,2004,1048
CHN,2003,1704
CHN,2002,984
CHN,2001,6087
CHN,2000,12920
CHN,1999,7649
CHN,1998,5400
CHN,1997,2600
CHN,1996,6000
CHN,1995,3500
CHN,1994,2100
CHN,1993,6326
CHN,1992,3478
CHN,1991,15400
CHN,1990,9100
CHN,1989,7400
CHN,1988,20900
CHN,1987,6000
CHN,1986,2800
CHN,1985,3000
CHN,1984,500
CHN,2020,0
CHN,2019,0
CHN,2018,0
CHN,2017,0
CHN,2016,0
CHN,2015,0
CHN,2014,0
CHN,2013,0
CHN,2012,0
CHN,2011,0
CHN,2010,0
CHN,2009,0
CHN,2008,0
CHN,2007,0
CHN,2006,0
CHN,2005,0
CHN,2004,0
CHN,2003,15
CHN,2002,0
CHN,2001,0
CHN,2000,0
CHN,1999,0
CHN,1998,0
CHN,1997,8
COL,2020,4867
COL,2019,448
COL,2018,1706
COL,2017,1342
COL,2016,1250
COL,2015,1031
COL,2014,1959
COL,2013,632
COL,2012,353
COL,2011,456
COL,2010,683
COL,2009,106
COL,2008,598
COL,2007,598
COL,2006,598
COL,2005,732
COL,2004,732
COL,2003,1974
COL,2002,700
COL,2001,700
COL,2000,1300
COL,1999,600
COL,1998,900
COL,1997,0
COL,1996,0
COL,1995,0
COL,1994,0
COL,1993,23
COM,2020,0
COM,2019,0
COM,2018,0
COM,2017,0
COM,2016,0
COM,2015,0
COM,2014,0
COM,2013,0
COM,2012,0
COM,2011,0
COM,2010,0
COM,2009,0
COM,2008,0
COM,2007,0
COM,2006,0
COM,2005,0
COM,2004,0
COM,2003,0
COM,2002,0
COM,2001,0
COM,2000,0
COM,1999,0
COM,1998,0
COM,1997,0
COM,1996,0
COM,1995,0
COM,1994,0
COG,2020,1
COG,2019,1
COG,2018,497
COG,2017,497
COG,2016,0
COG,2015,0
COG,2014,0
COG,2013,0
COG,2012,0
COG,2011,0
COG,2010,0
COG,2009,0
COG,2008,0
COG,2007,0
COG,2006,0
COG,2005,0
COG,2004,0
COG,2003,0
COG,2002,0
COG,2001,0
COG,2000,0
COG,1999,0
COG,1998,0
COG,1997,0
COG,1996,0
COG,1995,0
COG,1994,0
COG,1993,0
CRI,2020,12
CRI,2019,17
CRI,2018,54
CRI,2017,22
CRI,2016,387
CRI,2015,406
CRI,2014,332
CRI,2013,176
CRI,2012,198
CRI,2011,158
CRI,2010,103
CRI,2009,32
CRI,2008,128
CRI,2007,175
CRI,2006,300
CRI,2005,33
CRI,2004,33
CRI,2003,0
CRI,2002,0
CRI,2001,0
CRI,2000,0
CRI,1999,0
CRI,1998,0
CRI,1997,0
CRI,1996,0
CRI,1995,3
CRI,1994,3
CRI,1993,203
CRI,1992,1
HRV,2020,44510
HRV,2019,47365
HRV,2018,40242
HRV,2017,41194
HRV,2016,34168
HRV,2015,31629
HRV,2014,32262
HRV,2013,39716
HRV,2012,29007
HRV,2011,37004
HRV,2010,43001
HRV,2009,46002
HRV,2008,45000
HRV,2007,47000
HRV,2006,43000
HRV,2005,43000
HRV,2004,43000
HRV,2003,40000
HRV,2002,43000
HRV,2001,38000
HRV,2000,37000
HRV,1999,40100
HRV,1998,37100
HRV,1997,36500
HRV,1996,36000
HRV,1995,36700
HRV,1994,33289
HRV,1993,35290
HRV,1992,33118
CYP,2020,0
CYP,2019,0
CYP,2018,0
CYP,2017,0
CYP,2016,0
CYP,2015,0
CYP,2014,0
CYP,2013,0
CYP,2012,0
CYP,2011,0
CYP,2010,4
CYP,2009,0
CYP,2008,0
CYP,2007,0
CYP,2006,0
CYP,2005,0
CYP,2004,103
CYP,2003,39
CYP,2002,10
CYP,2001,0
CYP,2000,90
CYP,1999,0
CYP,1998,0
CYP,1997,0
CYP,1996,0
CYP,1995,0
CZE,2020,56069
CZE,2019,41865
CZE,2018,8663
CZE,2017,20702
CZE,2016,21320
CZE,2015,25597
CZE,2014,148152
CZE,2013,187191
CZE,2012,247010
CZE,2011,326146
CZE,2010,386008
CZE,2009,420405
CZE,2008,351279
CZE,2007,369200
CZE,2006,346422
CZE,2005,362580
CZE,2004,345040
CZE,2003,338000
CZE,2002,332000
CZE,2001,318000
CZE,2000,290000
CZE,1999,258100
CZE,1998,245300
CZE,1997,225000
CZE,1996,224700
CZE,1995,191000
CZE,1994,203296
CZE,1993,174296
DNK,2020,26263
DNK,2019,26263
DNK,2018,11014
DNK,2017,28343
DNK,2016,28343
DNK,2015,45886
DNK,2014,95122
DNK,2013,74242
DNK,2012,72521
DNK,2011,63097
DNK,2010,16833
DNK,2009,12509
DNK,2008,20450
DNK,2007,26935
DNK,2006,23972
DNK,2005,467
DNK,2004,816
DNK,2003,1663
DNK,2002,3099
DNK,2001,3084
DNK,2000,1800
DNK,1999,1000
DNK,1998,31000
DNK,1997,76500
DNK,1996,64200
DNK,1995,71200
DNK,1994,65300
DNK,1993,48281
DNK,1992,79423
DNK,1991,90900
DNK,1990,92000
DNK,1989,93300
DNK,1988,75000
DNK,1987,60200
DNK,1986,67700
DNK,1985,62900
DNK,1984,65400
DNK,1983,48700
DNK,1982,57700
DNK,1981,63700
DNK,1980,67400
DNK,1979,62400
DNK,1978,45000
DNK,1977,51200
DNK,1976,62500
DNK,1975,64700
DNK,1974,99500
DNK,1973,90300
DNK,1972,79900
DNK,1971,72500
DNK,1970,80600
DNK,1969,67600
DNK,1968,57600
DNK,1967,49600
DNK,1966,42600
DNK,1965,33800
DNK,1964,27600
DNK,1963,10700
DNK,1962,5000
DNK,1961,4700
DJI,2020,0
DJI,2019,0
DJI,2018,0
DJI,2017,0
DJI,2016,0
DJI,2015,0
DJI,2014,0
DJI,2013,18
DJI,2012,18
DJI,2011,18
DJI,2010,18
DJI,2009,18
DJI,2008,18
DJI,2007,21
DJI,2006,21
DJI,2005,0
DJI,2004,0
DJI,2003,0
DJI,2002,0
DJI,2001,0
DJI,2000,26
DJI,1999,26
DJI,1998,26
DJI,1997,0
DJI,1996,0
DJI,1995,0
DJI,1994,0
DMA,2020,1
DMA,2019,1
DMA,2018,1
DMA,2017,1
DMA,2016,1
DMA,2015,1
DMA,2014,1
DMA,2013,3
DMA,2012,3
DMA,2011,3
DMA,2010,3
DMA,2009,3
DMA,2008,3
DMA,2007,3
DMA,2006,3
DMA,2005,1
DMA,2004,1
DMA,2003,1
DMA,2002,1
DMA,2001,1
DMA,2000,1
DMA,1999,1
DOM,2020,1
DOM,2019,1
DOM,2018,1
DOM,2017,1
DOM,2016,5
ECU,2020,31
ECU,2019,90
ECU,2018,280
ECU,2017,104
ECU,2016,130
ECU,2015,1
ECU,2014,1
ECU,2013,60
ECU,2012,139
ECU,2011,159
ECU,2010,159
ECU,2009,260
ECU,2008,260
ECU,2007,260
ECU,2006,260
ECU,2005,260
ECU,2004,260
ECU,2003,0
ECU,2002,0
ECU,2001,0
ECU,2000,0
ECU,1999,0
ECU,1998,0
ECU,1997,0
ECU,1996,0
ECU,1995,0
ECU,1994,0
ECU,1993,427
ECU,1992,520
EGY,2020,377
EGY,2019,379
EGY,2018,298
EGY,2017,68
EGY,2016,56
EGY,2015,83
EGY,2014,50
EGY,2013,51
EGY,2012,161
EGY,2011,402
EGY,2010,704
EGY,2009,641
SLV,2020,0
SLV,2019,0
SLV,2018,546
SLV,2017,546
SLV,2016,1
SLV,2015,46
SLV,2014,43
SLV,2013,626
SLV,2012,619
SLV,2011,619
SLV,2010,619
SLV,2009,619
SLV,2008,619
SLV,2007,617
SLV,2006,725
SLV,2005,725
SLV,2004,725
SLV,2003,68
ERI,2020,157
ERI,2019,166
ERI,2018,166
ERI,2017,166
ERI,2016,166
ERI,2015,436
ERI,2014,436
ERI,2013,436
ERI,2012,436
ERI,2011,436
ERI,2010,436
ERI,2009,436
ERI,2008,436
ERI,2007,436
ERI,2006,436
ERI,2005,436
ERI,2004,436
EST,2020,199129
EST,2019,186629
EST,2018,181417
EST,2017,184589
EST,2016,193309
EST,2015,173362
EST,2014,173511
EST,2013,138016
EST,2012,146399
EST,2011,143702
EST,2010,132832
EST,2009,133934
EST,2008,125385
EST,2007,126378
EST,2006,51344
EST,2005,0
EST,2004,0
EST,2003,0
EST,2002,0
EST,2001,0
EST,2000,110
EST,1999,28
EST,1998,2700
EST,1997,2000
EST,1996,0
EST,1995,6000
EST,1994,11000
EST,1993,581
EST,1992,251
SWZ,2020,956
SWZ,2019,938
SWZ,2018,0
SWZ,2017,0
SWZ,2016,0
SWZ,2015,0
SWZ,2014,0
SWZ,2013,0
SWZ,2012,0
SWZ,2011,0
SWZ,2010,14505
SWZ,2009,101349
SWZ,2008,147400
SWZ,2007,173600
SWZ,2006,159300
SWZ,2005,156300
SWZ,2004,182900
SWZ,2003,156300
SWZ,2002,197700
SWZ,2001,210000
SWZ,2000,210000
SWZ,1999,210000
SWZ,1998,210000
SWZ,1997,210000
SWZ,1996,210000
SWZ,1995,107000
SWZ,1994,193400
SWZ,1993,193400
SWZ,1992,154400
SWZ,1991,154400
SWZ,1990,154400
SWZ,1989,154400
SWZ,1988,174000
SWZ,1987,174000
SWZ,1986,174000
SWZ,1985,174000
SWZ,1984,178000
SWZ,1983,126000
SWZ,1982,126000
SWZ,1981,156700
SWZ,1980,156000
SWZ,1979,161000
SWZ,1978,150000
SWZ,1977,123000
SWZ,1976,180000
SWZ,1975,90000
SWZ,1974,136000
SWZ,1973,136000
SWZ,1972,125000
SWZ,1971,100000
SWZ,1970,98000
SWZ,1969,84000
SWZ,1968,90000
ETH,2020,6
ETH,2019,6
ETH,2018,6
ETH,2017,3
ETH,2016,4
ETH,2015,0
ETH,2014,0
ETH,2013,0
ETH,2012,1
ETH,2011,0
ETH,2010,0
ETH,2009,0
ETH,2008,0
ETH,2007,0
ETH,2006,0
ETH,2005,0
ETH,2004,0
ETH,2003,0
ETH,2002,0
ETH,2001,0
ETH,2000,0
ETH,1999,0
ETH,1998,0
ETH,1997,0
ETH,1996,95
ETH,1995,95
FJI,2020,1
FJI,2019,1
FJI,2018,1
FJI,2017,1
FJI,2016,0
FJI,2015,0
FJI,2014,0
FJI,2013,1
FJI,2012,1
FJI,2011,1
FJI,2010,1
FJI,2009,1
FJI,2008,1
FJI,2007,1
FJI,2006,1
FJI,2005,1
FJI,2004,1
FJI,2003,1
FIN,2020,4130560
FIN,2019,4362040
FIN,2018,3901917
FIN,2017,3498015
FIN,2016,3363720
FIN,2015,2984881
FIN,2014,2870381
FIN,2013,2931591
FIN,2012,2616072
FIN,2011,2475177
FIN,2010,2158822
FIN,2009,1457792
FIN,2008,2225842
FIN,2007,2552670
FIN,2006,2762162
FIN,2005,2037795
FIN,2004,2356764
FIN,2003,2385112
FIN,2002,2114380
FIN,2001,1699484
FIN,2000,1681266
FIN,1999,1882000
FIN,1998,1634500
FIN,1997,1753000
FIN,1996,1542000
FIN,1995,1302000
FIN,1994,1492000
FIN,1993,1455283
FIN,1992,1313186
FIN,1991,1316400
FIN,1990,1363400
FIN,1989,1559000
FIN,1988,1584000
FIN,1987,1508000
FIN,1986,1383100
FIN,1985,1415100
FIN,1984,1428000
FIN,1983,1427000
FIN,1982,1300000
FIN,1981,1520000
FIN,1980,1761200
FIN,1979,1701700
FIN,1978,1393200
FIN,1977,1043600
FIN,1976,947456
FIN,1975,807400
FIN,1974,1164800
FIN,1973,1490600
FIN,1972,1427300
FIN,1971,1280000
FIN,1970,1804600
FIN,1969,1989900
FIN,1968,2016100
FIN,1967,117500
FIN,1966,130100
FIN,1965,149100
FIN,1964,174500
FIN,1963,172800
FIN,1962,150300
FIN,1961,159900
FRA,2020,449470
FRA,2019,453691
FRA,2018,413899
FRA,2017,494396
FRA,2016,517615
FRA,2015,522150
FRA,2014,467395
FRA,2013,404151
FRA,2012,470938
FRA,2011,628805
FRA,2010,525488
FRA,2009,366730
FRA,2008,549889
FRA,2007,632377
FRA,2006,556221
FRA,2005,495446
FRA,2004,527957
FRA,2003,456253
FRA,2002,490341
FRA,2001,449055
FRA,2000,383844
FRA,1999,394690
FRA,1998,459700
FRA,1997,454400
FRA,1996,359000
FRA,1995,405000
FRA,1994,446700
FRA,1993,417700
FRA,1992,423377
FRA,1991,405100
FRA,1990,379200
FRA,1989,363500
FRA,1988,429400
FRA,1987,403000
FRA,1986,343300
FRA,1985,311000
FRA,1984,246200
FRA,1983,217600
FRA,1982,167400
FRA,1981,152100
FRA,1980,171200
FRA,1979,191700
FRA,1978,168600
FRA,1977,157500
FRA,1976,163100
FRA,1975,78400
FRA,1974,171700
FRA,1973,247100
FRA,1972,146000
FRA,1971,111300
FRA,1970,171500
FRA,1969,149300
FRA,1968,158700
FRA,1967,4000
FRA,1966,1300
FRA,1965,4500
FRA,1964,6700
FRA,1963,300
FRA,1962,500
FRA,1961,1600
GAB,2020,24
GAB,2019,24
GAB,2018,24
GAB,2017,24
GAB,2016,24
GAB,2015,24
GAB,2014,24
GAB,2013,50
GAB,2012,24
GMB,2020,664
GMB,2019,664
GEO,2020,0
GEO,2019,7
GEO,2018,0
GEO,2017,0
GEO,2016,0
GEO,2015,0
GEO,2014,0
GEO,2013,0
GEO,2012,0
GEO,2011,0
GEO,2010,0
GEO,2009,0
GEO,2008,0
GEO,2007,0
GEO,2006,0
GEO,2005,297
GEO,2004,297
GEO,2003,297
GEO,2002,297
GEO,2001,297
GEO,2000,297
GEO,1999,297
GEO,1998,297
DEU,2020,1141000
DEU,2019,1243000
DEU,2018,1077000
DEU,2017,1235000
DEU,2016,1215000
DEU,2015,1155000
DEU,2014,1223349
DEU,2013,1161000
DEU,2012,1134000
DEU,2011,1085000
DEU,2010,996324
DEU,2009,1092403
DEU,2008,1056000
DEU,2007,1000000
DEU,2006,1058528
DEU,2005,837000
DEU,2004,539000
DEU,2003,465000
DEU,2002,520000
DEU,2001,433000
DEU,2000,383000
DEU,1999,333000
DEU,1998,368000
DEU,1997,394000
DEU,1996,349000
DEU,1995,260200
DEU,1994,194500
DEU,1993,201426
DEU,1992,227872
DEU,1991,168800
DEU,1990,113300
DEU,1989,123500
DEU,1988,125000
DEU,1987,80200
DEU,1986,84300
DEU,1985,78500
DEU,1984,81000
DEU,1983,86600
DEU,1982,71900
DEU,1981,74600
DEU,1980,84400
DEU,1979,85100
DEU,1978,68000
DEU,1977,81400
DEU,1976,85700
DEU,1975,61200
DEU,1974,71100
DEU,1973,100600
DEU,1972,73300
DEU,1971,32400
DEU,1970,48100
DEU,1969,64600
DEU,1968,51900
DEU,1967,400
DEU,1966,100
DEU,1965,100
DEU,1964,200
DEU,1963,200
DEU,1962,200
DEU,1961,100
GHA,2020,2
GHA,2019,2
GHA,2018,2
GHA,2017,2
GHA,2016,2
GHA,2015,0
GHA,2014,0
GHA,2013,0
GHA,2012,0
GHA,2011,0
GHA,2010,0
GHA,2009,0
GHA,2008,41
GHA,2007,41
GHA,2006,41
GHA,2005,41
GHA,2004,41
GHA,2003,0
GHA,2002,0
GHA,2001,0
GHA,2000,0
GHA,1999,0
GHA,1998,0
GHA,1997,0
GHA,1996,0
GHA,1995,0
GHA,1994,0
GHA,1992,0
GIB,2020,0
GIB,2019,0
GIB,2018,0
GIB,2017,0
GIB,2016,0
GIB,2015,0
GIB,2014,0
GIB,2013,0
GIB,2012,0
GIB,2011,0
GIB,2010,0
GIB,2009,0
GIB,2008,0
GIB,2007,0
GIB,2006,0
GIB,2005,0
GIB,2004,0
GIB,2003,0
GIB,2002,0
GIB,2001,0
GIB,2000,0
GIB,1999,0
GIB,1998,0
GIB,1997,0
GIB,1996,0
GIB,1995,0
GIB,1994,0
GIB,1992,0
GRC,2020,1245
GRC,2019,2600
GRC,2018,3270
GRC,2017,3304
GRC,2016,3241
GRC,2015,3241
GRC,2014,3241
GRC,2013,7163
GRC,2012,12915
GRC,2011,87
GRC,2010,1454
GRC,2009,1137
GRC,2008,98
GRC,2007,846
GRC,2006,989
GRC,2005,4980
GRC,2004,6574
GRC,2003,4458
GRC,2002,1408
GRC,2001,1568
GRC,2000,1025
GRC,1999,3000
GRC,1998,0
GRC,1997,400
GRC,1996,902
GRC,1995,902
GRC,1994,908
GRC,1993,24
GRC,1992,214
GRL,2020,0
GRL,2019,0
GRL,2018,0
GRL,2017,0
GRL,2016,0
GRL,2015,0
GRL,2014,0
GRL,2013,0
GRL,2012,0
GRL,2011,0
GRL,2010,0
GRL,2009,0
GRL,2008,0
GRL,2007,0
GRL,2006,0
GRL,2005,0
GRL,2004,0
GRL,2003,0
GRL,2002,0
GRL,2001,0
GRL,2000,0
GRL,1999,0
GRL,1998,0
GRL,1997,0
GRL,1996,0
GRL,1995,0
GRL,1994,0
GRL,1993,0
GTM,2020,140
GTM,2019,99
GTM,2018,29
GTM,2017,33
GTM,2016,3
GTM,2015,238
GTM,2014,7
GTM,2013,6
GTM,2012,2
GTM,2011,2
GTM,2010,16
GTM,2009,39
GTM,2008,518
GTM,2007,36
GTM,2006,48
GTM,2005,27
GTM,2004,108
GTM,2003,9
GNB,2020,193
GNB,2019,193
GNB,2018,193
GNB,2017,193
GNB,2016,193
GNB,2015,193
GNB,2014,193
GNB,2013,193
GNB,2012,193
GUY,2020,829
GUY,2019,829
GUY,2018,829
GUY,2017,829
GUY,2016,1
HTI,2020,0
HTI,2019,0
HTI,2018,0
HTI,2017,0
HTI,2016,0
HTI,2015,0
HTI,2014,0
HTI,2013,0
HTI,2012,113
HTI,2011,113
HND,2020,0
HND,2019,0
HND,2018,0
HND,2017,0
HND,2016,0
HND,2015,0
HND,2014,26
HND,2013,3
HND,2012,5
HND,2011,5
HND,2010,4
HND,2009,23
HND,2008,23
HND,2007,23
HND,2006,23
HND,2005,23
HND,2004,23
HND,2003,0
HND,2002,0
HND,2001,100
HND,2000,300
HND,1999,400
HND,1998,200
HND,1997,200
HND,1996,100
HND,1995,0
HND,1994,0
HND,1993,51
HND,1992,79
HUN,2020,6787
HUN,2019,6787
HUN,2018,14456
HUN,2017,19814
HUN,2016,18928
HUN,2015,28840
HUN,2014,33614
HUN,2013,23633
HUN,2012,22897
HUN,2011,20198
HUN,2010,12700
HUN,2009,15650
HUN,2008,0
HUN,2007,12200
HUN,2006,469
HUN,2005,4
HUN,2004,6000
HUN,2003,16000
HUN,2002,12000
HUN,2001,9000
HUN,2000,7600
HUN,1999,5900
HUN,1998,6800
HUN,1997,4000
HUN,1996,5400
HUN,1995,8600
HUN,1994,2700
HUN,1993,5597
HUN,1992,6012
HUN,1987,100
HUN,1986,700
HUN,1985,13200
HUN,1984,9100
HUN,1983,12000
HUN,1982,11100
HUN,1981,11100
HUN,1980,17800
HUN,1979,9000
HUN,1978,7400
HUN,1977,32900
HUN,1976,57300
HUN,1975,15900
HUN,1974,30900
HUN,1973,15100
HUN,1972,6600
HUN,1971,5600
HUN,1970,7200
HUN,1969,17600
HUN,1968,12400
HUN,1967,11300
HUN,1966,10800
HUN,1965,9700
ISL,2020,0
ISL,2019,0
ISL,2018,0
ISL,2017,0
ISL,2016,0
ISL,2015,0
ISL,2014,0
ISL,2013,0
ISL,2012,0
ISL,2011,0
ISL,2010,0
ISL,2009,0
ISL,2008,0
ISL,2007,0
ISL,2006,0
ISL,2005,0
ISL,2004,0
ISL,2003,0
ISL,2002,0
ISL,2001,0
ISL,2000,0
ISL,1999,0
ISL,1998,0
ISL,1997,0
ISL,1996,0
ISL,1995,0
ISL,1994,0
ISL,1993,0
ISL,1992,151
IND,2020,3911
IND,2019,6366
IND,2018,10263
IND,2017,2811
IND,2016,13543
IND,2015,14033
IND,2014,5488
IND,2013,1675
IND,2012,2649
IND,2011,953
IND,2010,1764
IND,2009,3779
IND,2008,20989
IND,2007,4698
IND,2006,4698
IND,2005,13574
IND,2004,13594
IND,2003,25500
IND,2002,25500
IND,2001,25500
IND,2000,16800
IND,1999,1900
IND,1998,1300
IND,1997,2700
IND,1996,2400
IND,1995,4490
IND,1994,1045
IND,1993,1045
IND,1992,286
IND,1987,0
IND,1976,700
IND,1973,100
IND,1972,1600
IND,1971,1600
IND,1970,7900
IND,1969,5100
IDN,2020,5080486
IDN,2019,4693832
IDN,2018,4088674
IDN,2017,4452167
IDN,2016,3534620
IDN,2015,3402171
IDN,2014,3498132
IDN,2013,3719189
IDN,2012,3196640
IDN,2011,2934514
IDN,2010,2546711
IDN,2009,2194681
IDN,2008,2622019
IDN,2007,2327919
IDN,2006,2761539
IDN,2005,2468880
IDN,2004,1676813
IDN,2003,2375587
IDN,2002,2245066
IDN,2001,1697900
IDN,2000,1352800
IDN,1999,1176100
IDN,1998,1634400
IDN,1997,1285300
IDN,1996,1128600
IDN,1995,568892
IDN,1994,126621
IDN,1993,114775
IDN,1992,116522
IDN,1991,128600
IDN,1990,130000
IDN,1989,87000
IRN,2020,657
IRN,2019,3833
IRN,2018,19017
IRN,2017,990
IRN,2016,1866
IRN,2015,457
IRN,2014,183
IRN,2013,182
IRN,2012,182
IRN,2011,182
IRN,2010,182
IRN,2009,11
IRN,2008,11
IRN,2007,11
IRN,2006,11
IRN,2005,11
IRN,2004,60
IRN,2003,60
IRN,2002,0
IRN,2001,0
IRN,2000,0
IRN,1999,0
IRN,1998,0
IRN,1997,2264
IRQ,2020,29
IRQ,2019,29
IRQ,2018,29
IRQ,2017,29
IRQ,2016,29
IRQ,2015,29
IRQ,2014,29
IRQ,2013,29
IRQ,2012,29
IRQ,2011,23
IRQ,2010,23
IRQ,2009,23
IRQ,2008,23
IRQ,2007,23
IRQ,2006,23
IRQ,2005,23
IRQ,2004,23
IRQ,2003,23
IRQ,2002,23
IRQ,2001,23
IRQ,2000,23
IRQ,1999,23
IRQ,1998,0
IRQ,1997,0
IRQ,1996,0
IRQ,1995,0
IRQ,1994,0
IRQ,1993,0
IRL,2020,36
IRL,2019,36
IRL,2018,36
IRL,2017,1410
IRL,2016,4002
IRL,2015,2
IRL,2014,1
IRL,2013,149
IRL,2012,6
IRL,2011,66
IRL,2010,578
IRL,2009,37
IRL,2008,60
IRL,2007,2010
IRL,2006,560
IRL,2005,1172
IRL,2004,1140
IRL,2003,524
IRL,2002,415
IRL,2001,4000
IRL,2000,0
IRL,1999,1000
IRL,1998,0
IRL,1997,0
IRL,1996,0
IRL,1995,0
IRL,1994,264
IRL,1993,627
IRL,1992,378
IRL,1987,0
IRL,1982,1300
IRL,1981,100
IRL,1980,30600
IRL,1979,32300
IRL,1978,25500
IRL,1977,24800
IRL,1976,20600
IRL,1974,700
ISR,2020,0
ISR,2019,0
ISR,2018,31
ISR,2017,31
ISR,2016,31
ISR,2015,31
ISR,2014,509
ISR,2013,1180
ISR,2012,1178
ISR,2011,6701
ISR,2010,1171
ISR,2009,9595
ISR,2008,8646
ISR,2007,12370
ISR,2006,10524
ISR,2005,9485
ISR,2004,6028
ISR,2003,9592
ISR,2002,8121
ISR,2001,12892
ISR,2000,12976
ISR,1999,13637
ISR,1998,0
ISR,1997,0
ISR,1996,0
ISR,1995,925
ISR,1994,1030
ISR,1993,0
ISR,1992,229
ITA,2020,78083
ITA,2019,115745
ITA,2018,196285
ITA,2017,122295
ITA,2016,90593
ITA,2015,52615
ITA,2014,35016
ITA,2013,36337
ITA,2012,37632
ITA,2011,34850
ITA,2010,27833
ITA,2009,27972
ITA,2008,45268
ITA,2007,40955
ITA,2006,29890
ITA,2005,34159
ITA,2004,22022
ITA,2003,18971
ITA,2002,17176
ITA,2001,23000
ITA,2000,22336
ITA,1999,18000
ITA,1998,15100
ITA,1997,12500
ITA,1996,20200
ITA,1995,19800
ITA,1994,32400
ITA,1993,40297
ITA,1992,21522
ITA,1991,60500
ITA,1990,71700
ITA,1989,68900
ITA,1988,57700
ITA,1987,45700
ITA,1986,53400
ITA,1985,63000
ITA,1984,60100
ITA,1983,40500
ITA,1982,19800
ITA,1981,14100
ITA,1980,10900
ITA,1979,1800
ITA,1978,1100
ITA,1977,3340
ITA,1976,6000
ITA,1975,5100
ITA,1974,4200
ITA,1973,700
ITA,1972,2200
ITA,1971,3200
ITA,1970,3000
ITA,1969,1300
ITA,1968,2200
ITA,1967,2300
ITA,1966,3800
ITA,1962,100
ITA,1961,100
JAM,2020,26
JAM,2019,26
JAM,2018,26
JAM,2017,26
JAM,2016,50
JAM,2015,0
JAM,2014,57
JAM,2013,0
JAM,2012,21
JAM,2011,17
JPN,2020,237889
JPN,2019,218130
JPN,2018,272697
JPN,2017,251219
JPN,2016,236387
JPN,2015,329129
JPN,2014,347895
JPN,2013,425787
JPN,2012,323039
JPN,2011,373693
JPN,2010,381499
JPN,2009,140500
JPN,2008,176500
JPN,2007,211000
JPN,2006,210000
JPN,2005,175000
JPN,2004,179000
JPN,2003,167600
JPN,2002,107000
JPN,2001,93000
JPN,2000,121080
JPN,1999,81000
JPN,1998,43000
JPN,1997,61100
JPN,1996,76500
JPN,1995,62800
JPN,1994,12800
JPN,1993,5847
JPN,1992,7457
JPN,1991,9200
JPN,1990,16900
JPN,1989,9000
JPN,1988,11000
JPN,1987,15500
JPN,1986,36000
JPN,1985,14700
JPN,1984,30100
JPN,1983,43500
JPN,1982,65500
JPN,1981,103300
JPN,1980,98900
JPN,1979,107100
JPN,1978,93800
JPN,1977,153048
JPN,1976,135800
JPN,1975,140100
JPN,1974,221500
JPN,1973,48600
JPN,1972,45800
JPN,1971,47300
JPN,1970,11000
JPN,1969,11000
JPN,1968,2000
JOR,2020,1498
JOR,2019,1459
JOR,2018,2979
JOR,2017,136
JOR,2016,187
JOR,2015,1045
JOR,2014,1167
JOR,2013,1719
JOR,2012,357
JOR,2011,357
JOR,2010,320
JOR,2009,2465
JOR,2008,1698
JOR,2007,0
JOR,2006,0
JOR,2005,0
JOR,2004,0
JOR,2003,0
JOR,2002,0
JOR,2001,0
JOR,2000,0
JOR,1999,0
JOR,1998,0
JOR,1997,0
JOR,1996,0
JOR,1995,0
JOR,1994,0
JOR,1993,25
JOR,1992,24
KAZ,2020,605
KAZ,2019,886
KAZ,2018,1217
KAZ,2017,1532
KAZ,2016,1532
KAZ,2015,1532
KAZ,2014,1532
KAZ,2013,1351
KAZ,2012,794
KAZ,2011,162
KAZ,2010,0
KAZ,2009,0
KAZ,2008,0
KAZ,2007,0
KAZ,2006,0
KAZ,2005,200
KAZ,2004,200
KAZ,2003,200
KAZ,2002,0
KAZ,2001,0
KAZ,2000,0
KAZ,1999,0
KAZ,1998,0
KEN,2020,8
KEN,2019,26
KEN,2018,26
KEN,2017,26
KEN,2016,30
KEN,2015,112
KEN,2014,102
KEN,2013,117
KEN,2012,115
KEN,2011,27
KEN,2010,27
KEN,2009,53
KEN,2008,53
KEN,2007,20
KEN,2006,7
KEN,2005,7
KEN,2004,7
KEN,2003,0
KEN,2002,0
KEN,2001,0
KEN,2000,0
KEN,1999,0
KEN,1998,0
KEN,1997,1
KEN,1996,1
KEN,1995,25
KEN,1994,1
KEN,1993,18
KEN,1992,18
KWT,2020,957
KWT,2019,957
KWT,2018,957
KWT,2017,957
KWT,2016,957
KWT,2015,957
KWT,2014,957
KWT,2013,1368
KWT,2012,1626
KWT,2011,1626
KWT,2010,670
KWT,2009,670
KWT,2008,670
KGZ,2020,0
KGZ,2019,0
KGZ,2018,0
KGZ,2017,0
KGZ,2016,0
KGZ,2015,0
KGZ,2014,0
KGZ,2013,0
KGZ,2012,0
KGZ,2011,77
KGZ,2010,0
KGZ,2009,0
KGZ,2008,0
KGZ,2007,0
KGZ,2006,0
KGZ,2005,0
KGZ,2004,0
KGZ,2003,0
KGZ,2002,0
KGZ,2001,0
KGZ,2000,0
KGZ,1999,0
LVA,2020,11
LVA,2019,862
LVA,2018,2987
LVA,2017,2987
LVA,2016,6147
LVA,2015,2
LVA,2014,108
LVA,2013,106
LVA,2012,100
LVA,2011,65
LVA,2010,34
LVA,2009,173
LVA,2008,151
LVA,2007,21
LVA,2006,5
LVA,2005,11
LVA,2004,4
LVA,2003,1
LVA,2002,0
LVA,2001,0
LVA,2000,0
LVA,1999,0
LVA,1998,0
LVA,1997,0
LVA,1996,0
LVA,1995,0
LVA,1994,0
LVA,1993,0
LBN,2020,59
LBN,2019,178
LBN,2018,244
LBN,2017,109
LBN,2016,103
LBN,2015,39
LBN,2014,39
LBN,2013,109
LBN,2012,332
LBN,2011,76
LBN,2010,101
LBN,2009,49
LBN,2008,49
LBN,2007,49
LBN,2006,49
LBN,2005,49
LBN,2004,49
LBN,2003,0
LBN,2002,0
LBN,2001,0
LBN,2000,0
LBN,1999,0
LBN,1998,0
LBN,1997,0
LBN,1996,0
LBN,1995,0
LBN,1994,0
LBN,1992,0
LSO,2020,3
LSO,2019,3
LBR,2020,49
LBR,2019,49
LBY,2020,3
LBY,2019,3
LBY,2018,3
LBY,2017,3
LBY,2016,3
LBY,2015,0
LBY,2014,0
LBY,2013,0
LBY,2012,0
LBY,2011,0
LBY,2010,0
LBY,2009,0
LBY,2008,0
LBY,2007,0
LBY,2006,0
LBY,2005,0
LBY,2004,0
LBY,2003,0
LBY,2002,0
LBY,2001,0
LBY,2000,0
LBY,1999,0
LBY,1998,0
LBY,1997,0
LBY,1996,0
LBY,1995,0
LBY,1994,0
LBY,1992,0
LIE,2020,0
LIE,2019,0
LIE,2018,0
LIE,2017,0
LIE,2016,0
LIE,2015,0
LIE,2014,0
LIE,2013,0
LIE,2012,0
LIE,2011,0
LIE,2010,0
LIE,2009,0
LIE,2008,0
LIE,2007,0
LIE,2006,0
LTU,2020,11394
LTU,2019,11322
LTU,2018,5509
LTU,2017,9636
LTU,2016,13499
LTU,2015,11868
LTU,2014,23741
LTU,2013,31903
LTU,2012,40916
LTU,2011,34049
LTU,2010,14722
LTU,2009,75
LTU,2008,219
LTU,2007,535
LTU,2006,274
LTU,2005,370
LTU,2004,67
LTU,2003,0
LTU,2002,1970
LTU,2001,4380
LTU,2000,6343
LTU,1999,4059
LTU,1998,12600
LTU,1997,10100
LTU,1996,12700
LTU,1995,3900
LTU,1994,800
LTU,1993,2200
LTU,1992,2300
LUX,2020,76
LUX,2019,37
LUX,2018,5
LUX,2017,4
LUX,2016,0
LUX,2015,0
LUX,2014,0
LUX,2013,0
LUX,2012,0
LUX,2011,1
LUX,2010,2
LUX,2009,0
LUX,2008,1
LUX,2007,0
LUX,2006,32
LUX,2005,0
LUX,2004,3
LUX,2003,0
LUX,2002,2
LUX,2001,0
LUX,2000,0
MDG,2020,0
MDG,2019,0
MDG,2018,0
MDG,2017,0
MDG,2016,0
MDG,2015,0
MDG,2014,0
MDG,2013,0
MDG,2012,0
MDG,2011,0
MDG,2010,0
MDG,2009,0
MDG,2008,0
MDG,2007,0
MDG,2006,0
MDG,2005,0
MDG,2004,0
MDG,2003,0
MDG,2002,0
MDG,2001,0
MDG,2000,0
MDG,1999,0
MDG,1998,0
MDG,1997,0
MDG,1996,0
MDG,1995,0
MDG,1994,0
MDG,1992,0
MWI,2020,29
MWI,2019,29
MWI,2018,29
MWI,2017,29
MWI,2016,0
MWI,2015,0
MWI,2014,0
MWI,2013,29
MWI,2012,2029
MWI,2011,1033
MWI,2010,1033
MWI,2009,1033
MYS,2020,17305
MYS,2019,8384
MYS,2018,3214
MYS,2017,1232
MYS,2016,712
MYS,2015,62497
MYS,2014,69101
MYS,2013,68629
MYS,2012,56892
MYS,2011,19599
MYS,2010,10502
MYS,2009,8600
MYS,2008,10174
MYS,2007,13622
MYS,2006,13622
MYS,2005,15967
MYS,2004,15542
MYS,2003,8632
MYS,2002,992
MYS,2001,0
MYS,2000,0
MYS,1999,0
MYS,1998,0
MYS,1997,0
MYS,1996,0
MYS,1995,0
MYS,1994,0
MYS,1992,50
MLI,2020,0
MLI,2019,0
MLI,2018,0
MLI,2017,0
MLI,2016,9
MLI,2015,9
MLI,2014,9
MLT,2020,0
MLT,2019,0
MLT,2018,0
MLT,2017,0
MLT,2016,0
MLT,2015,0
MLT,2014,0
MLT,2013,0
MLT,2012,0
MLT,2011,0
MLT,2010,0
MLT,2009,0
MLT,2008,0
MLT,2007,0
MLT,2006,0
MLT,2005,0
MLT,2004,20
MLT,2003,1
MLT,2002,0
MLT,2001,0
MLT,2000,0
MLT,1999,0
MLT,1998,0
MUS,2020,41
MUS,2019,41
MUS,2018,36
MUS,2017,36
MUS,2016,36
MUS,2015,36
MUS,2014,3
MUS,2013,3
MUS,2012,3
MUS,2011,3
MUS,2010,3
MEX,2020,39
MEX,2019,3408
MEX,2018,3083
MEX,2017,13220
MEX,2016,6910
MEX,2015,68
MEX,2014,136
MEX,2013,67
MEX,2012,132
MEX,2011,53
MEX,2010,28
MEX,2009,123
MEX,2008,68
MEX,2007,25
MEX,2006,20000
MEX,2005,20000
MEX,2004,37100
MEX,2003,37100
MEX,2002,37100
MEX,2001,37100
MEX,2000,13000
MEX,1999,600
MEX,1998,700
MEX,1997,9200
MEX,1996,22400
MEX,1995,9000
MEX,1994,3279
MEX,1993,3534
MEX,1992,2994
MEX,1991,1100
MEX,1990,1500
MEX,1987,0
MEX,1984,18300
MEX,1983,18300
MEX,1982,18300
MEX,1981,12100
MEX,1980,12100
MEX,1979,9200
MEX,1978,9200
MEX,1977,9200
MEX,1976,4400
MEX,1975,4400
MEX,1974,4400
MEX,1973,4400
MEX,1972,4400
MEX,1971,4400
MEX,1970,12600
MEX,1969,15900
MEX,1968,11200
MEX,1967,8600
MEX,1966,12200
MEX,1965,8100
MEX,1964,6800
MEX,1962,1300
MEX,1961,300
MNG,2020,159
MNG,2019,159
MNG,2018,159
MNG,2017,159
MNG,2016,159
MNG,2015,159
MNG,2014,98
MNG,2013,98
MNG,2012,98
MNG,2011,98
MNG,2010,98
MNG,2009,98
MNG,2008,98
MNG,2007,0
MNG,2006,0
MNG,2005,0
MNG,2004,0
MNG,2003,0
MNG,2002,0
MNG,2001,0
MNG,2000,0
MNG,1999,0
MNG,1998,0
MNG,1997,0
MNG,1996,0
MNG,1995,0
MNE,2020,0
MNE,2019,0
MNE,2018,0
MNE,2017,0
MNE,2016,0
MNE,2015,0
MNE,2014,0
MNE,2013,0
MNE,2012,0
MNE,2011,0
MNE,2010,0
MNE,2009,0
MNE,2008,0
MNE,2007,0
MNE,2006,0
MAR,2020,546
MAR,2019,119
MAR,2018,68
MAR,2017,64
MAR,2016,66
MAR,2015,780
MAR,2014,332
MAR,2013,19238
MAR,2012,109459
MAR,2011,96344
MAR,2010,125584
MAR,2009,109001
MAR,2008,87741
MAR,2007,121268
MAR,2006,123194
MAR,2005,102272
MAR,2004,102272
MAR,2003,214098
MAR,2002,115000
MAR,2001,63000
MAR,2000,114000
MAR,1999,124000
MAR,1998,73000
MAR,1997,102000
MAR,1996,68300
MAR,1995,72700
MAR,1994,109200
MAR,1993,74200
MAR,1992,80923
MAR,1991,68500
MAR,1990,82200
MAR,1989,85200
MAR,1988,98600
MAR,1987,80800
MAR,1986,60600
MAR,1985,60600
MAR,1984,66600
MAR,1983,63000
MAR,1982,55700
MAR,1981,59200
MAR,1980,69000
MAR,1979,63400
MAR,1978,49400
MAR,1977,33400
MAR,1976,41900
MAR,1975,30900
MAR,1974,47100
MAR,1973,31200
MAR,1972,31200
MAR,1971,43600
MAR,1970,41000
MAR,1969,39500
MAR,1968,34900
MOZ,2020,200
MOZ,2019,200
MOZ,2018,200
MOZ,2017,200
MOZ,2016,200
MOZ,2015,199
MOZ,2014,199
MOZ,2013,199
MMR,2020,8
MMR,2019,8
MMR,2018,159
MMR,2017,1624
MMR,2016,532
MMR,2015,1789
MMR,2014,3730
MMR,2013,2172
MMR,2012,2172
MMR,2011,13673
MMR,2010,4893
MMR,2009,0
MMR,2008,0
MMR,2007,0
MMR,2006,0
MMR,2005,0
MMR,2004,0
MMR,2003,0
MMR,2002,0
MMR,2001,0
MMR,2000,0
MMR,1999,0
MMR,1998,0
MMR,1997,0
MMR,1996,100
MMR,1995,100
MMR,1994,0
MMR,1993,0
MMR,1992,40
NAM,2020,734
NAM,2019,105
NAM,2016,0
NAM,2015,0
NAM,2014,2
NAM,2013,8
NAM,2012,2
NAM,2011,1
NPL,2020,140
NPL,2019,140
NPL,2018,408
NPL,2017,408
NPL,2016,831
NPL,2015,555
NPL,2014,320
NPL,2013,695
NPL,2012,685
NPL,2011,456
NPL,2010,1107
NPL,2009,112
NPL,2008,1262
NPL,2007,803
NPL,2006,1796
NPL,2005,1807
NPL,2004,1807
NPL,2003,923
NPL,2002,492
NPL,2001,245
NPL,2000,245
NPL,1999,245
NPL,1998,410
NPL,1997,241
NPL,1996,32
NPL,1995,32
NLD,2020,696500
NLD,2019,807600
NLD,2018,1014200
NLD,2017,1046100
NLD,2016,873000
NLD,2015,480731
NLD,2014,627921
NLD,2013,762671
NLD,2012,2293634
NLD,2011,942600
NLD,2010,1889864
NLD,2009,1528138
NLD,2008,599700
NLD,2007,409068
NLD,2006,494500
NLD,2005,480900
NLD,2004,327700
NLD,2003,309100
NLD,2002,137200
NLD,2001,266400
NLD,2000,354000
NLD,1999,358000
NLD,1998,325600
NLD,1997,281400
NLD,1996,258300
NLD,1995,231200
NLD,1994,164100
NLD,1993,72904
NLD,1992,18257
NLD,1991,4800
NLD,1990,7600
NLD,1989,3500
NLD,1988,2200
NLD,1987,2300
NLD,1986,3200
NLD,1985,3900
NLD,1984,1000
NLD,1983,900
NLD,1982,2500
NLD,1981,2900
NLD,1980,5600
NLD,1979,7800
NLD,1978,2600
NLD,1977,4800
NLD,1976,10300
NLD,1975,12600
NLD,1974,14200
NLD,1973,11600
NLD,1972,9600
NLD,1971,8600
NLD,1970,17000
NLD,1969,15000
NLD,1968,9200
NLD,1967,8200
NLD,1966,9500
NLD,1965,12000
NLD,1964,22400
NCL,2020,14
NCL,2019,14
NCL,2016,0
NCL,2015,0
NCL,2014,0
NCL,2013,0
NCL,2012,0
NCL,2011,1
NCL,2010,1
NCL,2009,1
NCL,2008,1
NCL,2007,1
NCL,2006,1
NCL,2005,1
NCL,2004,1
NZL,2020,904619
NZL,2019,967046
NZL,2018,888825
NZL,2017,946391
NZL,2016,928004
NZL,2015,934670
NZL,2014,894444
NZL,2013,882754
NZL,2012,852791
NZL,2011,814884
NZL,2010,780806
NZL,2009,882789
NZL,2008,791000
NZL,2007,867000
NZL,2006,838000
NZL,2005,837000
NZL,2004,861000
NZL,2003,675000
NZL,2002,768000
NZL,2001,795000
NZL,2000,742000
NZL,1999,627000
NZL,1998,708000
NZL,1997,586000
NZL,1996,679800
NZL,1995,640900
NZL,1994,665600
NZL,1993,698627
NZL,1992,637142
NZL,1991,648200
NZL,1990,625600
NZL,1989,567900
NZL,1988,483400
NZL,1987,483400
NZL,1986,503800
NZL,1985,428200
NZL,1984,458900
NZL,1983,470500
NZL,1982,416900
NZL,1981,514200
NZL,1980,475000
NZL,1979,463800
NZL,1978,430400
NZL,1977,447300
NZL,1976,370100
NZL,1975,327200
NZL,1974,232000
NZL,1973,141500
NZL,1972,109000
NZL,1971,97400
NZL,1970,95200
NZL,1969,79500
NZL,1968,94000
NZL,1967,100
NIC,2020,23
NIC,2019,23
NIC,2018,23
NIC,2017,23
NIC,2016,23
NIC,2015,23
NIC,2014,23
NIC,2013,34
NIC,2012,23
NIC,2011,1
NIC,2010,1
NIC,2009,1
NIC,2008,1
NER,2020,2
NER,2019,2
NER,2018,2
NER,2017,2
NER,2016,2
NER,2015,2
NER,2014,2
NER,2013,2
NER,2012,2
NER,2011,2
NER,2010,2
NER,2009,2
NER,2008,2
NER,2007,0
NER,2006,0
NER,2005,0
NER,2004,0
NER,2003,0
NER,2002,0
NER,2001,0
NER,2000,0
NER,1999,0
NER,1998,0
NGA,2020,144
NGA,2019,144
NGA,2018,144
NGA,2017,144
NGA,2016,144
NGA,2015,845
NGA,2014,845
NGA,2013,865
NGA,2012,318
NGA,2011,20
NGA,2010,1066
NGA,2009,1066
NGA,2008,1066
NIU,2020,0
NIU,2019,0
NIU,2018,0
NIU,2017,0
NIU,2016,0
NIU,2015,0
NIU,2014,0
NIU,2013,0
NIU,2012,0
NIU,2011,0
NIU,2010,0
NIU,2009,0
NIU,2008,0
NIU,2007,0
NIU,2006,0
NIU,2005,0
NIU,2004,0
NIU,2003,0
NIU,2002,0
NIU,2001,0
NIU,2000,0
NIU,1999,0
NIU,1998,0
NIU,1997,0
NIU,1996,0
NIU,1995,0
NIU,1994,0
NIU,1992,0
NFK,2020,46
NFK,2019,46
MKD,2020,169
MKD,2019,302
MKD,2018,122
MKD,2017,317
MKD,2016,82
MKD,2015,72
MKD,2014,65
MKD,2013,4
MKD,2012,3
MKD,2011,38
MKD,2010,35
MKD,2009,1
MKD,2008,1
MKD,2007,1
MKD,2006,0
MKD,2005,0
MKD,2004,1
MKD,2003,0
MKD,2002,0
MKD,2001,0
MKD,2000,0
MKD,1999,0
MKD,1998,0
NOR,2020,202930
NOR,2019,197288
NOR,2018,243872
NOR,2017,224588
NOR,2016,184919
NOR,2015,181188
NOR,2014,210758
NOR,2013,306736
NOR,2012,373353
NOR,2011,451015
NOR,2010,441067
NOR,2009,385619
NOR,2008,489737
NOR,2007,492747
NOR,2006,487552
NOR,2005,535563
NOR,2004,520125
NOR,2003,506439
NOR,2002,485000
NOR,2001,499000
NOR,2000,408000
NOR,1999,418000
NOR,1998,392000
NOR,1997,397000
NOR,1996,389500
NOR,1995,459500
NOR,1994,477400
NOR,1993,402983
NOR,1992,455632
NOR,1991,443200
NOR,1990,479100
NOR,1989,466800
NOR,1988,428600
NOR,1987,449200
NOR,1986,428400
NOR,1985,460000
NOR,1984,456400
NOR,1983,403000
NOR,1982,391400
NOR,1981,420100
NOR,1980,406600
NOR,1979,464600
NOR,1978,514100
NOR,1977,471600
NOR,1976,551300
NOR,1975,538300
NOR,1974,850100
NOR,1973,875800
NOR,1972,739400
NOR,1971,710400
NOR,1970,912300
NOR,1969,855700
NOR,1968,834100
NOR,1967,530200
NOR,1966,564600
NOR,1965,552700
NOR,1964,558800
NOR,1963,485000
NOR,1962,465600
NOR,1961,477100
OMN,2020,710
OMN,2019,710
OMN,2018,710
OMN,2017,69
OMN,2016,49
OMN,2015,49
OMN,2014,49
OMN,2013,216
OMN,2012,171
OMN,2011,197
OMN,2010,197
OMN,2009,4
OMN,2008,4
OMN,2007,4
OMN,2006,4
OMN,2005,4
OMN,2004,4
OMN,2003,0
OMN,2002,0
OMN,2001,0
OMN,2000,0
OMN,1999,0
OMN,1998,0
OMN,1997,0
OMN,1996,0
OMN,1995,0
PAK,2020,235
PAK,2019,205
PAK,2018,40
PAK,2017,148
PAK,2016,452
PAK,2015,721
PAK,2014,849
PAK,2013,1753
PAK,2012,1407
PAK,2011,1649
PAK,2010,2215
PAN,2020,0
PAN,2019,0
PAN,2018,0
PAN,2017,26
PAN,2016,657
PAN,2015,478
PAN,2014,0
PAN,2013,0
PAN,2012,0
PAN,2011,0
PAN,2010,0
PAN,2009,0
PAN,2008,0
PAN,2007,0
PAN,2006,0
PAN,2005,0
PAN,2004,0
PAN,2003,0
PAN,2002,0
PAN,2001,0
PAN,2000,0
PAN,1999,0
PAN,1998,0
PAN,1997,0
PAN,1996,0
PAN,1995,0
PAN,1994,0
PAN,1993,0
PAN,1992,0
PNG,2020,305
PNG,2019,305
PNG,2018,305
PNG,2017,305
PNG,2016,305
PNG,2015,305
PNG,2014,305
PNG,2013,305
PNG,2012,305
PNG,2011,0
PNG,2010,0
PNG,2009,0
PNG,2008,0
PNG,2007,0
PNG,2006,0
PNG,2005,0
PNG,2004,0
PNG,2003,0
PNG,2002,0
PNG,2001,0
PNG,2000,0
PNG,1999,0
PNG,1998,0
PNG,1997,0
PNG,1996,0
PNG,1995,0
PNG,1994,0
PRY,2020,178
PRY,2019,156
PRY,2018,156
PRY,2017,156
PRY,2016,156
PRY,2015,156
PRY,2014,156
PRY,2013,0
PRY,2012,0
PRY,2011,0
PRY,2010,0
PRY,2009,0
PRY,2008,0
PRY,2007,0
PRY,2006,0
PRY,2005,0
PRY,2004,0
PRY,2003,0
PRY,2002,0
PRY,2001,0
PRY,2000,0
PRY,1999,0
PRY,1998,0
PRY,1997,0
PRY,1996,0
PRY,1995,0
PRY,1994,0
PER,2020,1913
PER,2019,1046
PER,2018,32
PER,2017,32
PER,2016,4
PER,2015,134
PER,2014,134
PER,2013,20
PER,2012,19
PER,2011,179
PER,2010,179
PER,2009,21
PER,2008,17
PER,2007,0
PER,2006,0
PER,2005,0
PER,2004,0
PER,2003,0
PER,2002,0
PER,2001,0
PER,2000,0
PER,1999,0
PER,1998,0
PER,1997,0
PER,1996,0
PER,1995,0
PER,1994,0
PER,1993,24
PER,1987,0
PER,1972,600
PER,1971,3300
PER,1970,200
PER,1969,200
PHL,2020,31211
PHL,2019,28463
PHL,2018,16345
PHL,2017,20838
PHL,2016,26592
PHL,2015,28412
PHL,2014,23035
PHL,2013,18087
PHL,2012,23115
PHL,2011,31553
PHL,2010,23439
PHL,2009,12950
PHL,2008,19833
PHL,2007,20241
PHL,2006,24227
PHL,2005,24857
PHL,2004,22142
PHL,2003,20370
PHL,2002,17550
PHL,2001,16425
PHL,2000,16892
PHL,1999,14215
PHL,1998,16168
PHL,1997,14508
PHL,1996,14050
PHL,1995,12000
PHL,1994,12000
PHL,1993,11400
PHL,1992,12505
PHL,1991,20000
PHL,1990,19100
PHL,1989,17400
PHL,1988,9200
PHL,1987,7800
PHL,1986,4800
PHL,1985,6900
PHL,1984,6000
PHL,1983,7200
PHL,1982,7500
PHL,1981,10100
PHL,1980,5500
PHL,1979,5600
PHL,1978,1800
PHL,1977,1800
PHL,1976,1800
PHL,1975,1800
PHL,1974,6000
PHL,1973,12200
PHL,1972,900
POL,2020,138560
POL,2019,115953
POL,2018,151509
POL,2017,193097
POL,2016,171988
POL,2015,168097
POL,2014,162689
POL,2013,89352
POL,2012,18981
POL,2011,37833
POL,2010,30630
POL,2009,22641
POL,2008,21526
POL,2007,17939
POL,2006,30600
POL,2005,42300
POL,2004,40602
POL,2003,34200
POL,2002,28500
POL,2001,36100
POL,2000,33300
POL,1999,36900
POL,1998,48200
POL,1997,59600
POL,1996,65900
POL,1995,49600
POL,1994,53500
POL,1993,46430
POL,1992,45490
POL,1991,25200
POL,1990,25200
POL,1989,15000
POL,1988,14000
POL,1987,17000
POL,1986,19000
POL,1985,34900
POL,1984,32600
POL,1983,35100
POL,1982,4600
POL,1981,2000
POL,1980,2000
POL,1979,2000
POL,1978,2000
POL,1977,2000
POL,1976,2000
POL,1975,1000
POL,1974,6000
POL,1973,11000
POL,1972,12000
POL,1971,9000
POL,1970,16000
POL,1969,54000
POL,1968,27000
PYF,2020,562
PYF,2019,562
PYF,2018,0
PYF,2017,0
PYF,2016,0
PYF,2015,0
PYF,2014,0
PYF,2013,0
PYF,2012,0
PYF,2011,0
PYF,2010,0
PYF,2009,0
PYF,2008,0
PYF,2007,0
PYF,2006,0
PYF,2005,0
PYF,2004,0
PYF,2003,0
PYF,2002,0
PYF,2001,0
PYF,2000,0
PYF,1999,0
PYF,1998,0
PYF,1997,0
PYF,1996,0
PYF,1995,0
PYF,1994,0
PYF,1992,0
PRT,2020,1228903
PRT,2019,1167702
PRT,2018,1077123
PRT,2017,1075025
PRT,2016,1134419
PRT,2015,1143088
PRT,2014,1144197
PRT,2013,1166202
PRT,2012,1076389
PRT,2011,1013367
PRT,2010,831029
PRT,2009,1149440
PRT,2008,945257
PRT,2007,1040000
PRT,2006,1038044
PRT,2005,762000
PRT,2004,933000
PRT,2003,961000
PRT,2002,962000
PRT,2001,982000
PRT,2000,969099
PRT,1999,1145000
PRT,1998,1070159
PRT,1997,1087000
PRT,1996,999500
PRT,1995,970500
PRT,1994,1060000
PRT,1993,916060
PRT,1992,1046053
PRT,1991,1105000
PRT,1990,1066300
PRT,1989,1009900
PRT,1988,1019000
PRT,1987,1013000
PRT,1986,890000
PRT,1985,878600
PRT,1984,661900
PRT,1983,603000
PRT,1982,514000
PRT,1981,452800
PRT,1980,443400
PRT,1979,344800
PRT,1978,290500
PRT,1977,317500
PRT,1976,359400
PRT,1975,264800
PRT,1974,363300
PRT,1973,464100
PRT,1972,459200
PRT,1971,291100
PRT,1970,340300
PRT,1969,272900
PRT,1968,202500
PRT,1964,100
QAT,2020,48
QAT,2019,48
QAT,2018,48
QAT,2017,71
QAT,2016,71
QAT,2015,71
QAT,2014,71
QAT,2013,203
QAT,2012,203
QAT,2011,174
QAT,2010,27
QAT,2009,27
QAT,2008,27
QAT,2007,1
QAT,2006,1
QAT,2005,0
QAT,2004,0
QAT,2003,0
QAT,2002,0
QAT,2001,0
QAT,2000,0
QAT,1999,0
QAT,1998,0
QAT,1997,0
QAT,1996,0
QAT,1995,0
QAT,1994,0
QAT,1992,0
ROU,2020,16314
ROU,2019,14495
ROU,2018,991
ROU,2017,1516
ROU,2016,36
ROU,2015,124
ROU,2014,1650
ROU,2013,138
ROU,2012,797
ROU,2011,3942
ROU,2010,1289
ROU,2009,8706
ROU,2008,4321
ROU,2007,9003
ROU,2006,2000
ROU,2005,15000
ROU,2004,32000
ROU,2003,48800
ROU,2002,30100
ROU,2001,25400
ROU,2000,31200
ROU,1999,9900
ROU,1998,2300
ROU,1997,2700
ROU,1996,4100
ROU,1995,4000
ROU,1994,1104
ROU,1993,3000
ROU,1992,3041
ROU,1991,3000
ROU,1990,3000
ROU,1989,3000
ROU,1988,3000
ROU,1987,3000
ROU,1986,3000
ROU,1985,3000
ROU,1984,3000
ROU,1983,3000
ROU,1982,3000
ROU,1981,17000
ROU,1980,26000
ROU,1979,31400
ROU,1978,33800
ROU,1977,36400
ROU,1976,55900
ROU,1975,60600
ROU,1974,60500
ROU,1973,44700
ROU,1972,41900
ROU,1971,32300
ROU,1970,32400
ROU,1969,39700
ROU,1968,39300
RUS,2020,2444400
RUS,2019,2190400
RUS,2018,2255689
RUS,2017,2258872
RUS,2016,2300480
RUS,2015,2227608
RUS,2014,2061693
RUS,2013,1948618
RUS,2012,2194856
RUS,2011,1980090
RUS,2010,1850623
RUS,2009,1713442
RUS,2008,1875000
RUS,2007,1735000
RUS,2006,1780000
RUS,2005,1808000
RUS,2004,1744000
RUS,2003,1806000
RUS,2002,1800000
RUS,2001,1715000
RUS,2000,1614600
RUS,1999,1346000
RUS,1998,1025000
RUS,1997,938000
RUS,1996,1013000
RUS,1995,1258300
RUS,1994,884700
RUS,1993,1014275
RUS,1992,804635
RWA,2020,0
RWA,2019,0
RWA,2018,0
RWA,2017,0
RWA,2016,0
RWA,2015,0
RWA,2014,0
RWA,2013,0
RWA,2012,0
RWA,2011,0
RWA,2010,0
RWA,2009,0
RWA,2008,0
RWA,2007,0
RWA,2006,0
RWA,2005,0
RWA,2004,0
RWA,2003,0
RWA,2002,0
RWA,2001,0
RWA,2000,0
RWA,1999,0
RWA,1998,0
RWA,1997,0
RWA,1996,0
RWA,1995,0
RWA,1994,0
RWA,1993,0
SPM,2020,0
SPM,2019,0
SPM,2018,0
SPM,2017,0
SPM,2016,0
SPM,2015,0
SPM,2014,0
SPM,2013,0
SPM,2012,0
SPM,2011,0
SPM,2010,0
SPM,2009,0
SPM,2008,0
SPM,2007,0
SPM,2006,0
SPM,2005,0
SPM,2004,0
SPM,2003,0
SPM,2002,0
SPM,2001,0
SPM,2000,0
SPM,1999,0
SPM,1998,0
SPM,1997,0
SPM,1996,0
SPM,1995,0
SPM,1994,0
WSM,2020,0
WSM,2019,0
WSM,2018,0
WSM,2017,0
WSM,2016,0
WSM,2015,0
WSM,2014,0
WSM,2013,0
WSM,2012,0
WSM,2011,0
WSM,2010,0
WSM,2009,0
WSM,2008,0
WSM,2007,0
WSM,2006,0
WSM,2005,0
WSM,2004,0
WSM,2003,0
WSM,2002,0
WSM,2001,0
WSM,2000,0
WSM,1999,0
WSM,1998,0
WSM,1997,0
WSM,1996,0
SAU,2020,173
SAU,2019,308
SAU,2018,653
SAU,2017,224
SAU,2016,1976
SAU,2015,548
SAU,2014,1308
SAU,2013,465
SAU,2012,1079
SAU,2011,3030
SAU,2010,420
SAU,2009,0
SAU,2008,0
SAU,2007,0
SAU,2006,0
SAU,2005,0
SAU,2004,0
SAU,2003,0
SAU,2002,0
SAU,2001,0
SAU,2000,0
SAU,1999,0
SAU,1998,100
SAU,1997,1138
SAU,1996,1138
SAU,1995,1138
SAU,1994,1521
SAU,1993,638
SAU,1992,0
SEN,2020,3
SEN,2019,3
SEN,2018,3
SEN,2017,3
SEN,2016,28
SEN,2015,2
SRB,2020,121
SRB,2019,100
SRB,2018,100
SRB,2017,105
SRB,2016,0
SRB,2015,100
SRB,2014,1000
SRB,2013,0
SRB,2012,0
SRB,2011,1
SRB,2010,7
SRB,2009,1
SRB,2008,1000
SRB,2007,1000
SRB,2006,1000
SYC,2020,0
SYC,2019,0
SLE,2020,508
SLE,2019,508
SLE,2018,508
SLE,2017,508
SLE,2016,508
SLE,2015,508
SLE,2014,508
SLE,2013,685
SLE,2012,685
SLE,2011,685
SLE,2010,685
SLE,2009,685
SLE,2008,685
SLE,2007,685
SLE,2006,685
SLE,2005,685
SLE,2004,685
SLE,2003,1412
SLE,2002,1132
SLE,2001,1339
SLE,2000,1339
SLE,1999,1200
SLE,1998,400
SLE,1997,400
SLE,1996,400
SLE,1995,0
SLE,1994,0
SGP,2020,335018
SGP,2019,777196
SGP,2018,902390
SGP,2017,469388
SGP,2016,767129
SGP,2015,461945
SGP,2014,523309
SGP,2013,396696
SGP,2012,100621
SGP,2011,49585
SGP,2010,35958
SGP,2009,21270
SGP,2008,2589
SGP,2007,2251
SGP,2006,10198
SGP,2005,119
SGP,2004,42
SGP,2003,3569
SGP,2002,86300
SGP,2001,86300
SGP,2000,143500
SGP,1999,143500
SGP,1998,351000
SGP,1997,16300
SGP,1996,16300
SGP,1995,19400
SGP,1994,25211
SGP,1993,10156
SGP,1992,14960
SGP,1991,22800
SGP,1990,12400
SGP,1989,10100
SGP,1988,25000
SGP,1987,13700
SGP,1986,14400
SGP,1985,5600
SGP,1984,9200
SGP,1983,2100
SGP,1982,100
SGP,1981,300
SGP,1980,500
SGP,1979,300
SGP,1978,100
SGP,1977,200
SGP,1976,600
SGP,1975,200
SGP,1974,1500
SGP,1973,500
SGP,1972,1300
SGP,1971,1200
SGP,1970,100
SGP,1969,200
SGP,1968,100
SVK,2020,313238
SVK,2019,231574
SVK,2018,221614
SVK,2017,248019
SVK,2016,220275
SVK,2015,265325
SVK,2014,231515
SVK,2013,182635
SVK,2012,195831
SVK,2011,172416
SVK,2010,161636
SVK,2009,136787
SVK,2008,130110
SVK,2007,123000
SVK,2006,92000
SVK,2005,105000
SVK,2004,109000
SVK,2003,119000
SVK,2002,101000
SVK,2001,94000
SVK,2000,75000
SVK,1999,117012
SVK,1998,70200
SVK,1997,600
SVK,1996,51000
SVK,1995,56000
SVK,1994,66000
SVK,1993,5100
SVN,2020,14753
SVN,2019,8469
SVN,2018,5029
SVN,2017,6172
SVN,2016,8874
SVN,2015,8320
SVN,2014,30243
SVN,2013,4065
SVN,2012,2129
SVN,2011,349
SVN,2010,26
SVN,2009,180
SVN,2008,58
SVN,2007,66
SVN,2006,24685
SVN,2005,44806
SVN,2004,31015
SVN,2003,37955
SVN,2002,26570
SVN,2001,39200
SVN,2000,35380
SVN,1999,54000
SVN,1998,47000
SVN,1997,59000
SVN,1996,36000
SVN,1995,48600
SVN,1994,32200
SVN,1993,19808
SVN,1992,43200
SOM,2020,20
SOM,2019,20
SOM,2018,20
SOM,2017,20
SOM,2016,20
SOM,2015,20
SOM,2014,20
SOM,2013,93
SOM,2012,93
SOM,2011,93
SOM,2010,93
SOM,2009,93
SOM,2008,93
SOM,2007,93
SOM,2006,93
SOM,2005,93
SOM,2004,93
SOM,2003,93
SOM,2002,43
SOM,2001,23
SOM,2000,23
SOM,1999,23
SOM,1998,23
SOM,1997,23
ZAF,2020,199445
ZAF,2019,187656
ZAF,2018,178985
ZAF,2017,225245
ZAF,2016,179923
ZAF,2015,163637
ZAF,2014,187823
ZAF,2013,125094
ZAF,2012,157102
ZAF,2011,301074
ZAF,2010,217743
ZAF,2009,312791
ZAF,2008,205392
ZAF,2007,187406
ZAF,2006,209914
ZAF,2005,228657
ZAF,2004,184743
ZAF,2003,293795
ZAF,2002,223300
ZAF,2001,195300
ZAF,2000,284200
ZAF,1999,284200
ZAF,1998,259042
ZAF,1997,221942
ZAF,1996,465042
ZAF,1995,393846
ZAF,1994,340232
ZAF,1993,255080
ZAF,1992,217944
ZAF,1991,160000
ZAF,1990,160000
ZAF,1989,165000
ZAF,1988,120000
ZAF,1987,120000
ZAF,1986,110000
ZAF,1985,100000
ZAF,1984,101900
ZAF,1983,116000
ZAF,1982,117700
ZAF,1981,58000
ZAF,1980,174500
ZAF,1979,233400
ZAF,1978,219700
ZAF,1977,181600
ZAF,1976,141800
ZAF,1975,134900
ZAF,1974,134900
ZAF,1973,134900
ZAF,1972,116000
ZAF,1971,103500
ZAF,1970,74000
ZAF,1969,94600
ZAF,1968,76200
ZAF,1965,25000
ESP,2020,944961
ESP,2019,924027
ESP,2018,927435
ESP,2017,953151
ESP,2016,921455
ESP,2015,681188
ESP,2014,1053240
ESP,2013,1179530
ESP,2012,1157014
ESP,2011,1129494
ESP,2010,881639
ESP,2009,853969
ESP,2008,894267
ESP,2007,1123122
ESP,2006,990654
ESP,2005,930297
ESP,2004,963000
ESP,2003,846000
ESP,2002,720000
ESP,2001,796800
ESP,2000,799567
ESP,1999,635000
ESP,1998,705000
ESP,1997,748400
ESP,1996,655500
ESP,1995,637400
ESP,1994,722000
ESP,1993,596727
ESP,1992,589660
ESP,1991,599000
ESP,1990,515900
ESP,1989,545700
ESP,1988,543000
ESP,1987,510700
ESP,1986,434500
ESP,1985,336500
ESP,1984,300000
ESP,1983,335000
ESP,1982,170000
ESP,1981,183300
ESP,1980,186300
ESP,1979,128700
ESP,1978,121700
ESP,1977,95100
ESP,1976,77200
ESP,1975,63300
ESP,1974,51200
ESP,1973,46800
ESP,1972,16100
ESP,1971,14900
ESP,1970,20700
ESP,1969,19400
ESP,1968,29600
ESP,1966,1200
ESP,1965,2900
ESP,1964,2500
ESP,1963,3400
ESP,1962,2400
ESP,1961,3000
LKA,2020,24
LKA,2019,23
LKA,2018,100
LKA,2017,100
LKA,2016,96
LKA,2015,74
LKA,2014,241
LKA,2013,258
LKA,2012,258
LKA,2011,208
LKA,2010,679
LKA,2009,172
LKA,2008,172
LKA,2007,110
LKA,2006,74
LKA,2005,74
LKA,2004,74
LKA,2003,300
LKA,2002,300
LKA,2001,300
LKA,2000,9
LKA,1999,9
LKA,1998,9
LKA,1997,9
LKA,1996,9
LKA,1995,9
LKA,1994,9
LKA,1993,11
SWE,2020,3951280
SWE,2019,3905715
SWE,2018,3332413
SWE,2017,3034941
SWE,2016,2978210
SWE,2015,2956268
SWE,2014,2921646
SWE,2013,2944566
SWE,2012,2934736
SWE,2011,2923678
SWE,2010,3054662
SWE,2009,3124031
SWE,2008,3412170
SWE,2007,3302000
SWE,2006,3163000
SWE,2005,3377224
SWE,2004,3387628
SWE,2003,3295681
SWE,2002,3281165
SWE,2001,2909190
SWE,2000,2974770
SWE,1999,2869000
SWE,1998,2764600
SWE,1997,2733100
SWE,1996,2609000
SWE,1995,2522000
SWE,1994,2837000
SWE,1993,2863800
SWE,1992,2815482
SWE,1991,2777000
SWE,1990,2767700
SWE,1989,2913400
SWE,1988,3111400
SWE,1987,3063900
SWE,1986,2946000
SWE,1985,3005000
SWE,1984,3227100
SWE,1983,3029600
SWE,1982,2426400
SWE,1981,2813600
SWE,1980,2970500
SWE,1979,3345600
SWE,1978,3676400
SWE,1977,3022300
SWE,1976,3110400
SWE,1975,3083300
SWE,1974,4376000
SWE,1973,4445100
SWE,1972,3446300
SWE,1971,3090800
SWE,1970,3487600
SWE,1969,3364100
SWE,1968,3268400
SWE,1967,389900
SWE,1966,461900
SWE,1965,453200
SWE,1964,449500
SWE,1963,401900
SWE,1962,361400
SWE,1961,415100
CHE,2020,4189
CHE,2019,3574
CHE,2018,6814
CHE,2017,16521
CHE,2016,17357
CHE,2015,21284
CHE,2014,10256
CHE,2013,13820
CHE,2012,27872
CHE,2011,28806
CHE,2010,10727
CHE,2009,9743
CHE,2008,21906
CHE,2007,15049
CHE,2006,31331
CHE,2005,69380
CHE,2004,79799
CHE,2003,94580
CHE,2002,124529
CHE,2001,133310
CHE,2000,134830
CHE,1999,132000
CHE,1998,125125
CHE,1997,122800
CHE,1996,96400
CHE,1995,80000
CHE,1994,91900
CHE,1993,82096
CHE,1992,113266
CHE,1991,68000
CHE,1990,55000
CHE,1989,53000
CHE,1988,62000
CHE,1987,61000
CHE,1986,58000
CHE,1985,50000
CHE,1984,50000
CHE,1983,42000
CHE,1982,29000
CHE,1981,25000
CHE,1980,27400
CHE,1979,34100
CHE,1978,14200
CHE,1977,18352
CHE,1976,9900
CHE,1975,10200
CHE,1974,16300
CHE,1973,15500
CHE,1972,9300
CHE,1971,9400
CHE,1970,17500
CHE,1969,14600
CHE,1968,10800
CHE,1967,1800
CHE,1966,2800
CHE,1965,2200
CHE,1964,3300
CHE,1963,5100
CHE,1962,5700
CHE,1961,6600
TJK,2020,0
TJK,2019,0
THA,2020,170166
THA,2019,80320
THA,2018,113377
THA,2017,101049
THA,2016,110244
THA,2015,126086
THA,2014,116874
THA,2013,108715
THA,2012,108715
THA,2011,157171
THA,2010,134538
THA,2009,169712
THA,2008,198621
THA,2007,258334
THA,2006,221204
THA,2005,186452
THA,2004,191728
THA,2003,191029
THA,2002,191001
THA,2001,341020
THA,2000,250020
THA,1999,227000
THA,1998,214000
THA,1997,102600
THA,1996,131400
THA,1995,98900
THA,1994,56800
THA,1993,59094
THA,1992,25190
THA,1991,26100
THA,1990,900
THA,1989,27100
THA,1988,11900
TGO,2020,35
TGO,2019,35
TGO,2018,35
TGO,2017,35
TGO,2016,13
TGO,2015,13
TGO,2014,13
TGO,2013,38
TGO,2012,38
TGO,2011,38
TGO,2010,25
TGO,2009,25
TGO,2008,25
TGO,2007,25
TTO,2020,49
TTO,2019,49
TTO,2018,49
TTO,2017,49
TTO,2016,0
TTO,2015,0
TTO,2014,0
TTO,2013,0
TTO,2012,0
TTO,2011,0
TTO,2010,0
TTO,2009,0
TTO,2008,0
TTO,2007,0
TTO,2006,0
TTO,2005,0
TTO,2004,0
TTO,2003,0
TTO,2002,0
TTO,2001,0
TTO,2000,0
TTO,1999,0
TTO,1998,0
TTO,1997,0
TTO,1996,0
TTO,1995,0
TTO,1994,0
TTO,1987,0
TTO,1981,0
TTO,1980,0
TTO,1979,0
TTO,1966,2700
TTO,1965,3000
TTO,1964,7500
TUN,2020,1442
TUN,2019,480
TUN,2018,764
TUN,2017,1889
TUN,2016,2918
TUN,2015,1871
TUN,2014,1702
TUN,2013,2292
TUN,2012,3224
TUN,2011,3782
TUN,2010,3949
TUN,2009,3510
TUN,2008,7762
TUN,2007,12232
TUN,2006,12232
TUN,2005,12232
TUN,2004,12232
TUN,2003,11069
TUN,2002,7700
TUN,2001,8800
TUN,2000,11150
TUN,1999,10650
TUN,1998,10100
TUN,1997,9700
TUN,1996,9700
TUN,1995,7471
TUN,1994,8659
TUN,1993,5713
TUN,1992,7666
TUN,1991,7700
TUN,1990,7600
TUN,1989,6700
TUN,1988,15800
TUN,1987,9500
TUN,1986,9500
TUN,1985,9500
TUN,1984,7200
TUN,1983,12600
TUN,1982,9800
TUN,1981,12800
TUN,1980,14300
TUN,1979,14300
TUN,1978,18500
TUN,1977,16200
TUN,1976,12800
TUN,1975,14600
TUN,1974,14600
TUN,1973,15700
TUN,1972,16900
TUN,1971,19100
TUN,1970,18500
TUN,1969,20800
TUN,1968,18200
TUN,1967,19700
TUN,1966,19700
TUN,1965,11600
TUN,1964,8900
TUR,2020,67199
TUR,2019,44896
TUR,2018,12287
TUR,2017,17200
TUR,2016,21180
TUR,2015,18971
TUR,2014,38717
TUR,2013,31307
TUR,2012,1800
TUR,2011,2833
TUR,2010,1241
TUR,2009,1063
TUR,2008,650
TUR,2007,346
TUR,2006,1581
TUR,2005,1581
TUR,2004,1581
TUR,2003,1581
TUR,2002,1581
TUR,2001,0
TUR,2000,0
TUR,1999,0
TUR,1998,0
TUR,1997,1000
TUR,1996,148
TUR,1995,100
TUR,1994,3700
TUR,1993,902
TUR,1992,80
TUR,1987,0
TUR,1976,1700
TUR,1975,4400
TUR,1974,4900
TKM,2020,0
TKM,2019,0
TKM,2018,0
TKM,2017,0
TKM,2016,0
TKM,2015,0
TKM,2014,0
TKM,2013,0
TKM,2012,0
UGA,2020,10
UGA,2019,10
UGA,2018,10
UGA,2017,12
UGA,2016,2
UGA,2015,0
UGA,2014,668
UGA,2013,721
UGA,2012,721
UGA,2011,74
UGA,2010,86
UGA,2009,102
UGA,2008,45
UGA,2007,5
UKR,2020,99
UKR,2019,186
UKR,2018,20
UKR,2017,0
UKR,2016,0
UKR,2015,0
UKR,2014,0
UKR,2013,0
UKR,2012,10
UKR,2011,91
UKR,2010,75
UKR,2009,300
UKR,2008,300
UKR,2007,300
UKR,2006,960
UKR,2005,0
UKR,2004,330
UKR,2003,0
UKR,2002,0
UKR,2001,50
UKR,2000,301
UKR,1999,301
UKR,1998,300
UKR,1997,500
UKR,1996,0
UKR,1995,0
UKR,1994,0
UKR,1993,0
UKR,1992,0
ARE,2020,5380
ARE,2019,8607
ARE,2018,20639
ARE,2017,6295
ARE,2016,2066
ARE,2015,1152
ARE,2014,321
ARE,2013,490
ARE,2012,3024
ARE,2011,1362
ARE,2010,2181
ARE,2009,541
ARE,2008,752
ARE,2007,1
ARE,2006,0
ARE,2005,0
ARE,2004,0
ARE,2003,0
ARE,2002,0
ARE,2001,0
ARE,2000,0
ARE,1999,0
ARE,1998,0
ARE,1997,300
ARE,1996,300
ARE,1995,300
ARE,1994,300
ARE,1993,700
USA,2020,7172341
USA,2019,7007495
USA,2018,7057630
USA,2017,7151000
USA,2016,7106609
USA,2015,7040584
USA,2014,7126007
USA,2013,7382817
USA,2012,7284200
USA,2011,8324490
USA,2010,7617970
USA,2009,6728575
USA,2008,6836900
USA,2007,6290860
USA,2006,5976135
USA,2005,5569483
USA,2004,5449849
USA,2003,5113620
USA,2002,5477121
USA,2001,5506573
USA,2000,5583000
USA,1999,5211000
USA,1998,5133000
USA,1997,5936000
USA,1996,6116000
USA,1995,6871000
USA,1994,5576000
USA,1993,5439036
USA,1992,5995943
USA,1991,5155100
USA,1990,4783800
USA,1989,5060400
USA,1988,4413600
USA,1987,3899500
USA,1986,3510600
USA,1985,2939800
USA,1984,2752700
USA,1983,2782100
USA,1982,2582200
USA,1981,2730400
USA,1980,2828600
USA,1979,2050100
USA,1978,1703400
USA,1977,1759800
USA,1976,1698400
USA,1975,1811500
USA,1974,1894000
USA,1973,1481100
USA,1972,1374600
USA,1971,1296000
USA,1970,2061600
USA,1969,1267000
USA,1968,1161300
USA,1967,39100
USA,1966,54100
USA,1965,52500
USA,1964,1000
USA,1963,4700
USA,1962,3000
USA,1961,3500
URY,2020,2782667
URY,2019,2599000
URY,2018,2539460
URY,2017,2640670
URY,2016,2567071
URY,2015,2361000
URY,2014,1910000
URY,2013,1238000
URY,2012,1150000
URY,2011,1137000
URY,2010,1109000
URY,2009,1082000
URY,2008,769000
URY,2007,11000
URY,2006,0
URY,2005,0
URY,2004,600
URY,2003,600
URY,2002,600
URY,2001,600
URY,2000,0
URY,1999,0
URY,1998,0
URY,1997,0
URY,1996,1800
URY,1995,1800
URY,1994,700
URY,1993,1000
URY,1992,1100
UZB,2020,19387
UZB,2019,17603
UZB,2018,15492
UZB,2017,14486
UZB,2016,12259
UZB,2015,9373
UZB,2014,1890
UZB,2013,1890
UZB,2012,1889
UZB,2011,4389
UZB,2010,2846
UZB,2009,2846
UZB,2008,2846
UZB,2007,2846
UZB,2006,2846
UZB,2005,1999
UZB,2004,753
UZB,2003,753
UZB,2002,333
UZB,2001,0
UZB,2000,0
UZB,1999,40
UZB,1998,40
UZB,1997,0
UZB,1996,0
UZB,1995,0
UZB,1994,0
VNM,2020,6414
VNM,2019,6881
VNM,2018,4823
VNM,2017,2927
VNM,2016,1305
VNM,2015,8449
VNM,2014,43406
VNM,2013,79048
VNM,2012,39174
VNM,2011,41083
VNM,2010,12953
VNM,2009,12
VNM,2008,0
VNM,2007,0
VNM,2006,0
VNM,2005,114
VNM,2004,114
VNM,2003,0
VNM,2002,0
VNM,2001,0
VNM,2000,0
VNM,1999,0
VNM,1998,50
VNM,1997,814
VNM,1996,822
VNM,1995,822
VNM,1994,24
ZMB,2020,73
ZMB,2019,98
ZMB,2018,26
ZMB,2017,26
ZMB,2016,26
ZMB,2015,26
ZMB,2014,26
ZMB,2013,25
ZMB,2012,25
ZMB,2011,25
ZMB,2010,1860
ZMB,2009,170
ZMB,2008,112
ZWE,2020,25
ZWE,2019,25
ZWE,2018,416
ZWE,2017,716
ZWE,2016,300
ZWE,2015,2000
ZWE,2014,10
ZWE,2013,15
ZWE,2012,15
ZWE,2011,15
ZWE,2010,15
ZWE,2009,15
ZWE,2008,15
ZWE,2007,16
ZWE,2006,16
ZWE,2005,16
ZWE,2004,16
ZWE,2003,0
ZWE,2002,0
ZWE,2001,0
ZWE,2000,0
ZWE,1999,0
ZWE,1998,0
ZWE,1997,0
ZWE,1996,0
ZWE,1995,0
