country_code,year,paper_pulp_import_tonnes
AFG,2020,233
AFG,2019,646
AFG,2018,140
AFG,2017,45
AFG,2016,291
AFG,2015,150
AFG,2014,225
AFG,2013,304
AFG,2012,344
AFG,2011,172
AFG,2010,199
AFG,2009,154
AFG,2008,86
AFG,2007,51
AFG,2006,490
AFG,2005,490
AFG,2004,490
AFG,2003,784
AFG,2002,783
AFG,2001,465
AFG,2000,465
AFG,1999,337
AFG,1998,337
AFG,1997,337
AFG,1996,337
AFG,1995,23
AFG,1994,23
AFG,1993,23
ALB,2020,1794
ALB,2019,23
ALB,2018,1
ALB,2017,0
ALB,2016,4436
ALB,2015,4436
ALB,2014,466
ALB,2013,436
ALB,2012,451
ALB,2011,4773
ALB,2010,4331
ALB,2009,4331
ALB,2008,4331
ALB,2007,4331
ALB,2006,4331
ALB,2005,4331
ALB,2004,4331
ALB,2003,4331
ALB,2002,4331
ALB,2001,4331
ALB,2000,4331
ALB,1999,4308
ALB,1998,4008
ALB,1997,4601
ALB,1996,4000
ALB,1995,4000
ALB,1994,4000
ALB,1993,3000
ALB,1992,0
DZA,2020,102614
DZA,2019,107806
DZA,2018,75836
DZA,2017,86874
DZA,2016,69786
DZA,2015,66926
DZA,2014,52641
DZA,2013,46542
DZA,2012,48297
DZA,2011,44460
DZA,2010,40329
DZA,2009,32508
DZA,2008,18540
DZA,2007,16308
DZA,2006,4363
DZA,2005,17340
DZA,2004,17340
DZA,2003,13620
DZA,2002,17000
DZA,2001,8600
DZA,2000,12900
DZA,1999,22700
DZA,1998,30000
DZA,1997,29000
DZA,1996,63200
DZA,1995,38800
DZA,1994,57400
DZA,1993,54500
DZA,1992,49416
DZA,1991,58600
DZA,1990,71000
DZA,1989,70000
DZA,1988,51700
DZA,1987,36900
DZA,1986,56200
DZA,1985,70700
DZA,1984,64000
DZA,1983,72600
DZA,1982,43400
DZA,1981,34600
DZA,1980,49600
DZA,1979,33100
DZA,1978,33000
DZA,1977,30900
DZA,1976,30900
DZA,1975,17000
DZA,1974,17000
DZA,1973,17000
DZA,1972,2300
DZA,1971,2300
DZA,1970,2300
DZA,1969,2300
DZA,1968,2300
DZA,1967,400
DZA,1966,400
DZA,1965,100
DZA,1963,1500
DZA,1962,1500
DZA,1961,1500
AND,2020,453
AND,2019,452
AND,2018,1
AND,2017,1
AND,2016,1
AND,2015,1
AND,2014,1
AND,2013,1
AND,2012,1
AND,2011,1
AND,2010,1
AND,2009,1
AND,2008,1
AND,2007,1
AND,2006,1
AND,2005,1
AND,2004,1
AND,2003,1
AND,2002,1
AND,2001,1
AND,2000,1
AND,1999,1
AND,1998,1
AND,1997,1
AND,1996,1
AND,1995,1
AND,1994,1
AGO,2020,17642
AGO,2019,12582
AGO,2018,11670
AGO,2017,8113
AGO,2016,3322
AGO,2015,799
AGO,2014,8964
AGO,2013,8068
AGO,2012,4201
AGO,2011,3548
AGO,2010,1423
AGO,2009,2883
AGO,2008,725
AGO,2007,1192
AGO,2006,339
AGO,2005,39
AGO,2004,39
AGO,2003,25
AGO,2002,19
AGO,2001,19
AGO,2000,19
AGO,1999,8
AGO,1998,8
AGO,1997,30
AGO,1996,0
AGO,1995,0
AGO,1994,0
AGO,1993,0
AGO,1992,0
ARG,2020,238613
ARG,2019,237468
ARG,2018,196800
ARG,2017,225760
ARG,2016,166069
ARG,2015,167911
ARG,2014,151383
ARG,2013,123758
ARG,2012,146008
ARG,2011,126038
ARG,2010,108197
ARG,2009,124356
ARG,2008,96938
ARG,2007,103610
ARG,2006,90620
ARG,2005,120698
ARG,2004,150340
ARG,2003,109299
ARG,2002,109407
ARG,2001,100200
ARG,2000,102500
ARG,1999,132700
ARG,1998,141050
ARG,1997,165900
ARG,1996,136100
ARG,1995,92100
ARG,1994,93800
ARG,1993,87900
ARG,1992,70191
ARG,1991,17400
ARG,1990,17400
ARG,1989,15500
ARG,1988,33300
ARG,1987,46600
ARG,1986,49900
ARG,1985,33300
ARG,1984,53100
ARG,1983,60600
ARG,1982,140700
ARG,1981,122500
ARG,1980,105500
ARG,1979,124800
ARG,1978,96500
ARG,1977,72700
ARG,1976,90100
ARG,1975,95900
ARG,1974,134600
ARG,1973,159000
ARG,1972,128000
ARG,1971,153000
ARG,1970,166400
ARG,1969,152000
ARG,1968,153700
ARG,1967,8700
ARG,1966,16700
ARG,1965,30000
ARG,1964,25000
ARG,1963,20000
ARG,1962,25000
ARG,1961,34000
ARM,2020,43
ARM,2019,35
ARM,2018,22
ARM,2017,7
ARM,2016,9
ARM,2015,116
ARM,2014,403
ARM,2013,751
ARM,2012,663
ARM,2011,137
ARM,2010,54
ARM,2009,30
ARM,2008,239
ARM,2007,80
ARM,2006,61
ARM,2005,93
ARM,2004,23
ARM,2003,0
ARM,2002,24
ARM,2001,28000
ABW,2020,44
ABW,2019,44
ABW,2018,44
ABW,2017,44
ABW,2016,44
ABW,2015,44
ABW,2014,44
ABW,2013,44
ABW,2012,44
ABW,2011,44
ABW,2010,44
ABW,2009,44
ABW,2008,44
ABW,2007,44
ABW,2006,44
ABW,2005,44
ABW,2004,44
ABW,2003,44
ABW,2002,44
ABW,2001,44
ABW,2000,44
ABW,1999,44
ABW,1998,44
ABW,1997,44
ABW,1996,44
ABW,1995,44
ABW,1994,44
ABW,1993,5
AUS,2020,284342
AUS,2019,288165
AUS,2018,310497
AUS,2017,297830
AUS,2016,280508
AUS,2015,293151
AUS,2014,292212
AUS,2013,271700
AUS,2012,252875
AUS,2011,232608
AUS,2010,236600
AUS,2009,277230
AUS,2008,414450
AUS,2007,387762
AUS,2006,344505
AUS,2005,372100
AUS,2004,368100
AUS,2003,327000
AUS,2002,310400
AUS,2001,268400
AUS,2000,293500
AUS,1999,287000
AUS,1998,187000
AUS,1997,205900
AUS,1996,184400
AUS,1995,196900
AUS,1994,224700
AUS,1993,238147
AUS,1992,211247
AUS,1991,188200
AUS,1990,263700
AUS,1989,262900
AUS,1988,285700
AUS,1987,263300
AUS,1986,224900
AUS,1985,196400
AUS,1984,231500
AUS,1983,212900
AUS,1982,246500
AUS,1981,280600
AUS,1980,272900
AUS,1979,276000
AUS,1978,234800
AUS,1977,275400
AUS,1976,230400
AUS,1975,299600
AUS,1974,341300
AUS,1973,303400
AUS,1972,230100
AUS,1971,284300
AUS,1970,304400
AUS,1969,259400
AUS,1968,244100
AUS,1967,17400
AUS,1966,17900
AUS,1965,13500
AUS,1964,10400
AUS,1963,11600
AUS,1962,6800
AUS,1961,6100
AUT,2020,542669
AUT,2019,604458
AUT,2018,639363
AUT,2017,718673
AUT,2016,735385
AUT,2015,718444
AUT,2014,699860
AUT,2013,670089
AUT,2012,716622
AUT,2011,639151
AUT,2010,602631
AUT,2009,591530
AUT,2008,674196
AUT,2007,646000
AUT,2006,697000
AUT,2005,652047
AUT,2004,674000
AUT,2003,543000
AUT,2002,576000
AUT,2001,504000
AUT,2000,591000
AUT,1999,598000
AUT,1998,608900
AUT,1997,567000
AUT,1996,547600
AUT,1995,531500
AUT,1994,557000
AUT,1993,504809
AUT,1992,455270
AUT,1991,416700
AUT,1990,378800
AUT,1989,379800
AUT,1988,332000
AUT,1987,346400
AUT,1986,315800
AUT,1985,309800
AUT,1984,250600
AUT,1983,231300
AUT,1982,201100
AUT,1981,201100
AUT,1980,179600
AUT,1979,147900
AUT,1978,158200
AUT,1977,165300
AUT,1976,161500
AUT,1975,140700
AUT,1974,201400
AUT,1973,172500
AUT,1972,123900
AUT,1971,78600
AUT,1970,71000
AUT,1969,67800
AUT,1968,60400
AUT,1967,2400
AUT,1966,4200
AUT,1965,3300
AUT,1964,8300
AUT,1963,1300
AUT,1962,900
AUT,1961,600
AZE,2020,50
AZE,2019,206
AZE,2018,120
AZE,2017,157
AZE,2016,258
AZE,2015,1235
AZE,2014,372
AZE,2013,372
AZE,2012,194
AZE,2011,155
AZE,2010,100
AZE,2009,71
AZE,2008,24
AZE,2007,21
AZE,2006,25
AZE,2005,57
AZE,2004,14
AZE,2003,10
AZE,2002,10
AZE,2001,20
AZE,2000,0
AZE,1999,0
BHS,2020,33
BHS,2019,380
BHS,2018,22
BHS,2017,22
BHS,2016,22
BHS,2015,22
BHS,2014,14
BHS,2013,36
BHS,2012,32
BHS,2011,47
BHS,2010,33
BHS,2009,30
BHS,2008,32
BHS,2007,146
BHS,2006,161
BHS,2005,214
BHS,2004,214
BHS,2003,2134
BHS,2002,2389
BHS,2001,2900
BHS,2000,100
BHS,1999,100
BHS,1998,0
BHS,1997,0
BHS,1996,0
BHS,1995,0
BHS,1994,135
BHS,1993,107
BHS,1992,84
BHR,2020,6030
BHR,2019,21506
BHR,2018,26604
BHR,2017,35376
BHR,2016,35645
BHR,2015,31652
BHR,2014,35471
BHR,2013,21213
BHR,2012,7705
BHR,2011,9492
BHR,2010,15855
BHR,2009,3953
BHR,2008,4488
BHR,2007,13756
BHR,2006,11767
BHR,2005,17473
BHR,2004,17473
BHR,2003,11787
BHR,2002,357
BHR,2001,2000
BHR,2000,5000
BHR,1999,5000
BHR,1998,9800
BHR,1997,13000
BHR,1996,11200
BHR,1995,8613
BHR,1994,5039
BHR,1993,46
BHR,1992,56
BGD,2020,342884
BGD,2019,414213
BGD,2018,420833
BGD,2017,363448
BGD,2016,510150
BGD,2015,262733
BGD,2014,308754
BGD,2013,233683
BGD,2012,155704
BGD,2011,159836
BGD,2010,36438
BGD,2009,94017
BGD,2008,51693
BGD,2007,37802
BGD,2006,30106
BGD,2005,32455
BGD,2004,32455
BGD,2003,8497
BGD,2002,5246
BGD,2001,14700
BGD,2000,14100
BGD,1999,14100
BGD,1998,9700
BGD,1997,14000
BGD,1996,6300
BGD,1995,4046
BGD,1994,3946
BGD,1993,10646
BGD,1992,12132
BGD,1991,8100
BGD,1990,13000
BGD,1989,15100
BGD,1988,14600
BGD,1987,32900
BGD,1986,24700
BGD,1985,30900
BGD,1984,22000
BGD,1983,8100
BGD,1982,8100
BGD,1981,4000
BGD,1980,5700
BGD,1979,5700
BGD,1978,5600
BGD,1977,7800
BGD,1976,5500
BGD,1975,400
BGD,1974,11900
BGD,1973,18300
BGD,1972,24000
BGD,1971,4000
BRB,2020,45
BRB,2019,45
BRB,2018,45
BRB,2017,45
BRB,2016,35
BRB,2015,40
BRB,2014,40
BRB,2013,56
BRB,2012,84
BRB,2011,86
BRB,2010,86
BRB,2009,86
BRB,2008,84
BRB,2007,157
BRB,2006,1136
BRB,2005,886
BRB,2004,886
BRB,2003,2965
BRB,2002,1154
BRB,2001,1400
BRB,2000,2200
BRB,1999,2200
BRB,1998,2100
BRB,1997,2100
BRB,1996,900
BRB,1995,1506
BRB,1994,1167
BRB,1993,180
BRB,1992,538
BLR,2020,17600
BLR,2019,13200
BLR,2018,19281
BLR,2017,24029
BLR,2016,18423
BLR,2015,20140
BLR,2014,21012
BLR,2013,15840
BLR,2012,26919
BLR,2011,20407
BLR,2010,34626
BLR,2009,21693
BLR,2008,25900
BLR,2007,25900
BLR,2006,25900
BLR,2005,25900
BLR,2004,25900
BLR,2003,25900
BLR,2002,23300
BLR,2001,22100
BLR,2000,32000
BLR,1999,34800
BLR,1998,28425
BLR,1997,1820
BLR,1996,5451
BEL,2020,838128
BEL,2019,838128
BEL,2018,950247
BEL,2017,906204
BEL,2016,906455
BEL,2015,852268
BEL,2014,921192
BEL,2013,879384
BEL,2012,675160
BEL,2011,591637
BEL,2010,808762
BEL,2009,732891
BEL,2008,911774
BEL,2007,1101316
BEL,2006,1245578
BEL,2005,1037016
BEL,2004,958633
BEL,2003,902000
BEL,2002,1040156
BEL,2001,1114370
BEL,2000,1084000
BLZ,2020,3824
BLZ,2019,1923
BLZ,2018,2375
BLZ,2017,3100
BLZ,2016,3135
BLZ,2015,2339
BLZ,2014,316
BLZ,2013,1999
BLZ,2012,1999
BLZ,2011,1999
BLZ,2010,1999
BLZ,2009,1999
BLZ,2008,1999
BLZ,2007,1999
BLZ,2006,1999
BLZ,2005,1999
BLZ,2004,1999
BLZ,2003,1999
BLZ,2002,1999
BLZ,2001,1999
BLZ,2000,1999
BLZ,1999,1999
BLZ,1998,1999
BLZ,1997,19
BLZ,1996,19
BLZ,1995,19
BEN,2020,431
BEN,2019,431
BEN,2018,431
BEN,2017,431
BEN,2016,432
BEN,2015,432
BEN,2014,431
BEN,2013,433
BEN,2012,433
BEN,2011,433
BEN,2010,440
BEN,2009,434
BEN,2008,5
BEN,2007,4
BEN,2006,4
BEN,2005,11
BEN,2004,11
BEN,2003,2
BEN,2002,7
BEN,2001,7
BEN,2000,7
BEN,1999,0
BEN,1998,0
BEN,1997,0
BEN,1996,0
BEN,1995,0
BEN,1994,0
BEN,1992,31
BTN,2020,534
BTN,2019,534
BTN,2018,534
BTN,2017,534
BTN,2016,534
BTN,2015,534
BTN,2014,518
BTN,2013,519
BTN,2012,519
BTN,2011,519
BTN,2010,519
BTN,2009,515
BTN,2008,515
BTN,2007,515
BTN,2006,515
BTN,2005,506
BTN,2004,506
BTN,2003,506
BTN,2002,506
BTN,2001,506
BTN,2000,506
BTN,1999,506
BTN,1998,506
BTN,1997,506
BTN,1996,400
BIH,2020,41370
BIH,2019,40010
BIH,2018,39626
BIH,2017,41604
BIH,2016,41953
BIH,2015,37860
BIH,2014,38050
BIH,2013,37515
BIH,2012,34000
BIH,2011,35010
BIH,2010,34590
BIH,2009,37555
BIH,2008,36001
BIH,2007,33671
BIH,2006,33627
BIH,2005,33627
BIH,2004,31545
BIH,2003,1961
BIH,2002,1961
BIH,2001,1961
BIH,2000,1961
BIH,1999,1961
BIH,1998,1923
BIH,1997,149
BIH,1996,51
BIH,1995,51
BIH,1994,51
BIH,1993,184
BIH,1992,184
BWA,2020,6
BWA,2019,12
BWA,2018,1
BWA,2017,1
BWA,2016,2
BWA,2015,9
BWA,2014,7
BWA,2013,10
BWA,2012,39
BWA,2011,8
BWA,2010,56
BWA,2009,1
BRA,2020,209062
BRA,2019,271507
BRA,2018,195019
BRA,2017,227124
BRA,2016,376167
BRA,2015,422612
BRA,2014,429582
BRA,2013,440902
BRA,2012,425957
BRA,2011,402669
BRA,2010,422079
BRA,2009,366584
BRA,2008,331300
BRA,2007,297300
BRA,2006,326330
BRA,2005,351319
BRA,2004,397550
BRA,2003,335672
BRA,2002,335628
BRA,2001,305100
BRA,2000,345500
BRA,1999,344300
BRA,1998,318800
BRA,1997,271100
BRA,1996,242600
BRA,1995,185100
BRA,1994,109264
BRA,1993,111216
BRA,1992,56493
BRA,1991,69200
BRA,1990,47900
BRA,1989,69300
BRA,1988,49800
BRA,1987,39000
BRA,1986,36200
BRA,1985,25300
BRA,1984,13900
BRA,1983,8600
BRA,1982,12500
BRA,1981,28200
BRA,1980,53700
BRA,1979,66800
BRA,1978,60400
BRA,1977,55000
BRA,1976,51500
BRA,1975,80200
BRA,1974,179100
BRA,1973,122500
BRA,1972,118700
BRA,1971,68600
BRA,1970,28200
BRA,1969,21700
BRA,1968,35000
BRN,2020,1
BRN,2019,3
BRN,2018,23
BRN,2017,96
BRN,2016,120
BRN,2015,120
BRN,2014,120
BRN,2013,50
BRN,2012,50
BRN,2011,111
BRN,2010,48
BRN,2009,65
BRN,2008,63
BRN,2007,13
BRN,2006,13
BRN,2005,13
BRN,2004,13
BRN,2003,13
BRN,2002,22
BRN,2001,24
BRN,2000,24
BRN,1999,22
BRN,1998,0
BRN,1997,5
BRN,1996,5
BRN,1995,53
BRN,1994,48
BRN,1993,48
BRN,1992,2
BGR,2020,11645
BGR,2019,10556
BGR,2018,8392
BGR,2017,14254
BGR,2016,29614
BGR,2015,18019
BGR,2014,25530
BGR,2013,35177
BGR,2012,22443
BGR,2011,19646
BGR,2010,8627
BGR,2009,12593
BGR,2008,13381
BGR,2007,15158
BGR,2006,15885
BGR,2005,19494
BGR,2004,18030
BGR,2003,13000
BGR,2002,13000
BGR,2001,11000
BGR,2000,14000
BGR,1999,16000
BGR,1998,5800
BGR,1997,5800
BGR,1996,16600
BGR,1995,1300
BGR,1994,2100
BGR,1993,3500
BGR,1992,15655
BGR,1991,90400
BGR,1990,90400
BGR,1989,124700
BGR,1988,138000
BGR,1987,154800
BGR,1986,150600
BGR,1985,157300
BGR,1984,157700
BGR,1983,158100
BGR,1982,129000
BGR,1981,128800
BGR,1980,139600
BGR,1979,98000
BGR,1978,111300
BGR,1977,104100
BGR,1976,107500
BGR,1975,82700
BGR,1974,71600
BGR,1973,77500
BGR,1972,74300
BGR,1971,76000
BGR,1970,79000
BGR,1969,67800
BGR,1968,73600
BFA,2020,96
BFA,2019,86
BFA,2018,96
BFA,2017,96
BFA,2016,86
BFA,2015,81
BFA,2014,82
BFA,2013,82
BFA,2012,82
BFA,2011,42
BFA,2010,90
BFA,2009,90
BFA,2008,90
BFA,2007,90
BFA,2006,90
BFA,2005,90
BFA,2004,90
BFA,2003,4
BFA,2002,4
BFA,2001,4
BFA,2000,4
BFA,1999,4
BFA,1998,4
BFA,1997,12
BFA,1996,12
BFA,1995,12
BFA,1994,8
BFA,1993,8
BDI,2020,54
BDI,2019,54
BDI,2018,54
BDI,2017,54
BDI,2016,51
BDI,2015,51
BDI,2014,51
BDI,2013,74
BDI,2012,74
BDI,2011,137
BDI,2010,137
BDI,2009,137
BDI,2008,137
BDI,2007,113
BDI,2006,240
BDI,2005,240
BDI,2004,240
BDI,2003,46
BDI,2002,0
BDI,2001,0
BDI,2000,0
BDI,1999,0
BDI,1998,148
BDI,1997,148
CPV,2020,9
CPV,2019,9
CPV,2018,9
CPV,2017,9
CPV,2016,6
CPV,2015,6
CPV,2014,6
CPV,2013,8
CPV,2012,8
CPV,2011,8
CPV,2010,2
KHM,2020,2860
KHM,2019,1041
KHM,2018,1268
KHM,2017,448
KHM,2016,102
KHM,2015,100
KHM,2014,100
KHM,2013,99
KHM,2012,99
KHM,2011,99
KHM,2010,99
KHM,2009,99
KHM,2008,99
KHM,2007,74
KHM,2006,22
KHM,2005,3
KHM,2004,3
KHM,2003,3
KHM,2002,0
KHM,2001,0
KHM,2000,0
KHM,1999,0
KHM,1998,0
KHM,1997,0
KHM,1996,0
KHM,1995,0
KHM,1994,0
KHM,1993,0
KHM,1987,0
KHM,1973,0
KHM,1970,1700
KHM,1969,1700
KHM,1968,1700
KHM,1967,300
CMR,2020,454
CMR,2019,421
CMR,2018,323
CMR,2017,490
CMR,2016,499
CMR,2015,327
CMR,2014,241
CMR,2013,868
CMR,2012,868
CMR,2011,1213
CMR,2010,1213
CMR,2009,752
CMR,2008,1604
CMR,2007,500
CMR,2006,500
CMR,2005,500
CMR,2004,500
CMR,2003,500
CMR,2002,500
CMR,2001,1500
CMR,2000,300
CMR,1999,300
CMR,1998,300
CMR,1997,424
CMR,1996,144
CMR,1995,144
CMR,1994,215
CMR,1993,305
CMR,1992,269
CAN,2020,422539
CAN,2019,407366
CAN,2018,356189
CAN,2017,345954
CAN,2016,315521
CAN,2015,333314
CAN,2014,292641
CAN,2013,253841
CAN,2012,277000
CAN,2011,239317
CAN,2010,249000
CAN,2009,271000
CAN,2008,337436
CAN,2007,332243
CAN,2006,313000
CAN,2005,325000
CAN,2004,281105
CAN,2003,470114
CAN,2002,271149
CAN,2001,273000
CAN,2000,279125
CAN,1999,259400
CAN,1998,274500
CAN,1997,261200
CAN,1996,267000
CAN,1995,323000
CAN,1994,322000
CAN,1993,269891
CAN,1992,258765
CAN,1991,174800
CAN,1990,220400
CAN,1989,156400
CAN,1988,163900
CAN,1987,166400
CAN,1986,224900
CAN,1985,176300
CAN,1984,143300
CAN,1983,102800
CAN,1982,97700
CAN,1981,80900
CAN,1980,91500
CAN,1979,115700
CAN,1978,42600
CAN,1977,50000
CAN,1976,62100
CAN,1975,49700
CAN,1974,52200
CAN,1973,70800
CAN,1972,89400
CAN,1971,69300
CAN,1970,43600
CAN,1969,23600
CAN,1968,28800
CAN,1967,3000
CAN,1966,2900
CAN,1965,2900
CAN,1964,3100
CYM,2020,520
CYM,2019,520
CYM,2018,0
CYM,2017,0
CYM,2016,0
CYM,2015,0
CYM,2014,0
CYM,2013,16494
CYM,2012,2602
CYM,2011,5290
CYM,2010,954
CYM,2009,903
CAF,2020,826
CAF,2019,826
CAF,2018,826
CAF,2017,240
CAF,2016,288
CAF,2015,288
CAF,2014,288
CAF,2013,288
CAF,2012,288
CAF,2011,288
CAF,2010,288
CAF,2009,288
CAF,2008,288
CAF,2007,288
CAF,2006,288
CAF,2005,288
CAF,2004,288
CAF,2003,240
TCD,2020,9
TCD,2019,9
TCD,2018,9
TCD,2017,9
TCD,2016,9
TCD,2015,9
TCD,2014,9
TCD,2013,9
TCD,2012,9
TCD,2011,9
TCD,2010,9
TCD,2009,24
TCD,2008,11
TCD,2007,24
TCD,2006,99
TCD,2005,13
TCD,2004,13
TCD,2003,13
TCD,2002,0
TCD,2001,0
TCD,2000,0
TCD,1999,0
TCD,1998,0
TCD,1997,0
TCD,1996,0
TCD,1995,0
TCD,1994,12
TCD,1993,12
TCD,1992,10
CHL,2020,18248
CHL,2019,18150
CHL,2018,18254
CHL,2017,19063
CHL,2016,19628
CHL,2015,20718
CHL,2014,17327
CHL,2013,20243
CHL,2012,20208
CHL,2011,35312
CHL,2010,20010
CHL,2009,10135
CHL,2008,10000
CHL,2007,13000
CHL,2006,13658
CHL,2005,16000
CHL,2004,17000
CHL,2003,15000
CHL,2002,29100
CHL,2001,37000
CHL,2000,13400
CHL,1999,13400
CHL,1998,6700
CHL,1997,6700
CHL,1996,11300
CHL,1995,2980
CHL,1994,3100
CHL,1993,3278
CHL,1992,2324
CHL,1987,0
CHL,1974,2700
CHL,1973,13100
CHL,1972,6200
CHL,1971,6300
CHL,1970,1700
CHL,1969,2600
CHL,1968,3600
CHL,1967,500
CHL,1966,900
CHL,1965,700
CHL,1964,6700
CHL,1961,200
CHN,2020,26519807
CHN,2019,24180379
CHN,2018,22464487
CHN,2017,21974072
CHN,2016,19491614
CHN,2015,18204378
CHN,2014,16506950
CHN,2013,15703366
CHN,2012,15575153
CHN,2011,14045175
CHN,2010,11106137
CHN,2009,13552058
CHN,2008,9745985
CHN,2007,8745588
CHN,2006,8440233
CHN,2005,8119681
CHN,2004,7754525
CHN,2003,6521416
CHN,2002,5780675
CHN,2001,5445593
CHN,2000,3813861
CHN,1999,3737736
CHN,1998,2948300
CHN,1997,2326423
CHN,1996,2197700
CHN,1995,1587900
CHN,1994,1525820
CHN,1993,1161800
CHN,1992,1128087
CHN,1991,1221200
CHN,1990,755200
CHN,1989,927600
CHN,1988,1253900
CHN,1987,1066700
CHN,1986,898200
CHN,1985,805200
CHN,1984,802900
CHN,1983,685100
CHN,1982,440400
CHN,1981,525200
CHN,1980,427900
CHN,1979,211000
CHN,1978,209100
CHN,1977,176000
CHN,1976,234800
CHN,1975,219100
CHN,1974,253300
CHN,1973,244200
CHN,1972,242900
CHN,1971,223700
CHN,1970,103000
CHN,1969,94600
CHN,1968,175340
CHN,1967,50200
CHN,1966,47300
CHN,1965,100
CHN,1964,100
CHN,1962,1100
CHN,2020,149752
CHN,2019,195481
CHN,2018,5952
CHN,2017,625
CHN,2016,472
CHN,2015,47
CHN,2014,228
CHN,2013,810
CHN,2012,437
CHN,2011,311
CHN,2010,588
CHN,2009,1723
CHN,2008,1770
CHN,2007,3431
CHN,2006,1263
CHN,2005,1855
CHN,2004,1973
CHN,2003,3898
CHN,2002,3705
CHN,2001,7393
CHN,2000,12361
CHN,1999,9390
CHN,1998,16000
CHN,1997,7200
CHN,1996,11800
CHN,1995,18000
CHN,1994,23386
CHN,1993,43872
CHN,1992,32012
CHN,1991,21600
CHN,1990,14700
CHN,1989,12200
CHN,1988,25800
CHN,1987,10600
CHN,1986,8500
CHN,1985,7700
CHN,1984,3500
CHN,1983,1800
CHN,1982,500
CHN,1981,200
CHN,1980,600
CHN,1979,800
CHN,1978,1600
CHN,1977,700
CHN,1976,200
CHN,2020,0
CHN,2019,0
CHN,2018,0
CHN,2017,0
CHN,2016,0
CHN,2015,0
CHN,2014,0
CHN,2013,0
CHN,2012,0
CHN,2011,0
CHN,2010,0
CHN,2009,0
CHN,2008,0
CHN,2007,0
CHN,2006,0
CHN,2005,0
CHN,2004,0
CHN,2003,0
CHN,2002,0
CHN,2001,0
CHN,2000,0
CHN,1999,0
CHN,1998,0
CHN,1997,223
CHN,1996,0
CHN,1995,0
CHN,1994,0
CHN,1993,81
CHN,1992,186
COL,2020,148706
COL,2019,147661
COL,2018,162838
COL,2017,172399
COL,2016,148474
COL,2015,172052
COL,2014,175161
COL,2013,166121
COL,2012,166259
COL,2011,150196
COL,2010,165884
COL,2009,141719
COL,2008,179024
COL,2007,182950
COL,2006,164000
COL,2005,134892
COL,2004,134892
COL,2003,172837
COL,2002,175500
COL,2001,108300
COL,2000,175200
COL,1999,96600
COL,1998,95400
COL,1997,84100
COL,1996,73900
COL,1995,72300
COL,1994,83955
COL,1993,62797
COL,1992,69003
COL,1991,52200
COL,1990,33100
COL,1989,41500
COL,1988,46800
COL,1987,28800
COL,1986,42100
COL,1985,56900
COL,1984,64000
COL,1983,45600
COL,1982,50100
COL,1981,60600
COL,1980,44800
COL,1979,38100
COL,1978,14300
COL,1977,14300
COL,1976,14300
COL,1975,14300
COL,1974,46400
COL,1973,20700
COL,1972,51600
COL,1971,34400
COL,1970,51800
COL,1969,51500
COL,1968,42900
COL,1967,31600
COL,1966,66200
COL,1965,2200
COL,1964,1000
COL,1963,200
COL,1961,7100
COM,2020,0
COM,2019,0
COM,2018,0
COM,2017,0
COM,2016,0
COM,2015,0
COM,2014,0
COM,2013,0
COM,2012,0
COM,2011,0
COM,2010,0
COM,2009,0
COM,2008,0
COM,2007,0
COM,2006,0
COM,2005,0
COM,2004,0
COM,2003,0
COM,2002,0
COM,2001,0
COM,2000,0
COM,1999,0
COM,1998,0
COM,1997,0
COM,1996,0
COM,1995,5
COM,1994,5
COM,1993,5
COG,2020,312
COG,2019,14
COG,2018,54
COG,2017,54
COG,2016,24
COG,2015,25
COG,2014,59
COG,2013,146
COG,2012,146
COG,2011,146
COG,2010,146
COG,2009,146
COG,2008,160
COG,2007,59
COG,2006,59
COG,2005,59
COG,2004,59
COG,2003,47
COG,2002,0
COG,2001,0
COG,2000,0
COG,1999,0
COG,1998,0
COG,1997,0
COG,1996,0
COG,1995,0
COG,1994,0
COG,1993,0
COG,1992,9
CRI,2020,13636
CRI,2019,16088
CRI,2018,16548
CRI,2017,15430
CRI,2016,13963
CRI,2015,12921
CRI,2014,12553
CRI,2013,12414
CRI,2012,16445
CRI,2011,18085
CRI,2010,18450
CRI,2009,18696
CRI,2008,35879
CRI,2007,50128
CRI,2006,53828
CRI,2005,27887
CRI,2004,27118
CRI,2003,10663
CRI,2002,12410
CRI,2001,11383
CRI,2000,9100
CRI,1999,15300
CRI,1998,5200
CRI,1997,5200
CRI,1996,3344
CRI,1995,10661
CRI,1994,7372
CRI,1993,5674
CRI,1992,2744
CRI,1991,2000
CRI,1990,1300
CRI,1989,2700
CRI,1988,300
CRI,1987,300
CRI,1986,900
CRI,1985,900
CRI,1984,5600
CRI,1983,2800
CRI,1982,5800
CRI,1981,5500
CRI,1980,9200
CRI,1979,4600
CRI,1978,2100
CRI,1977,2700
CRI,1976,2700
CRI,1975,2700
CRI,1974,4400
CRI,1973,1300
CRI,1972,4400
CRI,1971,5600
HRV,2020,262
HRV,2019,282
HRV,2018,218
HRV,2017,928
HRV,2016,256
HRV,2015,196
HRV,2014,464
HRV,2013,118
HRV,2012,92
HRV,2011,503
HRV,2010,666
HRV,2009,472
HRV,2008,0
HRV,2007,1001
HRV,2006,1000
HRV,2005,1000
HRV,2004,1000
HRV,2003,2000
HRV,2002,2000
HRV,2001,2000
HRV,2000,3700
HRV,1999,3700
HRV,1998,5700
HRV,1997,9300
HRV,1996,9400
HRV,1995,11805
HRV,1994,9707
HRV,1993,20212
HRV,1992,18095
CUB,2020,4137
CUB,2019,1682
CUB,2018,2917
CUB,2017,2153
CUB,2016,3772
CUB,2015,3207
CUB,2014,2096
CUB,2013,2822
CUB,2012,2774
CUB,2011,2774
CUB,2010,1934
CUB,2009,1870
CUB,2008,3355
CUB,2007,3355
CUB,2006,3355
CUB,2005,6242
CUB,2004,6242
CUB,2003,2400
CUB,2002,2400
CUB,2001,2400
CUB,2000,2400
CUB,1999,1400
CUB,1998,1400
CUB,1997,1400
CUB,1996,3200
CUB,1995,5200
CUB,1994,968
CUB,1993,546
CUB,1992,909
CUB,1991,42900
CUB,1990,42900
CUB,1989,42900
CUB,1988,43100
CUB,1987,50700
CUB,1986,40600
CUB,1985,45300
CUB,1984,41300
CUB,1983,45700
CUB,1982,41500
CUB,1981,31900
CUB,1980,47900
CUB,1979,38400
CUB,1978,32200
CUB,1977,31000
CUB,1976,31000
CUB,1975,31000
CUB,1974,31000
CUB,1973,31000
CUB,1972,31000
CUB,1971,39000
CUB,1970,30000
CUB,1969,39000
CUB,1968,37500
CUB,1963,10000
CUB,1962,6500
CUB,1961,20300
CYP,2020,337
CYP,2019,317
CYP,2018,791
CYP,2017,340
CYP,2016,91
CYP,2015,95
CYP,2014,83
CYP,2013,59
CYP,2012,149
CYP,2011,31
CYP,2010,118
CYP,2009,7
CYP,2008,706
CYP,2007,1304
CYP,2006,1685
CYP,2005,2279
CYP,2004,2321
CYP,2003,2790
CYP,2002,4170
CYP,2001,2560
CYP,2000,1990
CYP,1999,2600
CYP,1998,3200
CYP,1997,3200
CYP,1996,4300
CYP,1995,4400
CYP,1994,3603
CYP,1993,3124
CYP,1992,2934
CYP,1991,1800
CYP,1990,1500
CYP,1989,2100
CYP,1988,1600
CYP,1987,1600
CYP,1986,600
CYP,1985,100
CYP,1984,100
CYP,1983,100
CYP,1982,300
CYP,1981,500
CYP,1980,400
CYP,1979,700
CYP,1973,200
CYP,1972,200
CYP,1971,100
CZE,2020,221318
CZE,2019,241528
CZE,2018,271911
CZE,2017,246618
CZE,2016,236745
CZE,2015,226344
CZE,2014,196221
CZE,2013,185160
CZE,2012,170325
CZE,2011,141020
CZE,2010,172249
CZE,2009,167440
CZE,2008,178332
CZE,2007,167685
CZE,2006,171000
CZE,2005,189182
CZE,2004,159000
CZE,2003,165000
CZE,2002,153000
CZE,2001,126000
CZE,2000,118000
CZE,1999,128700
CZE,1998,128700
CZE,1997,108800
CZE,1996,98800
CZE,1995,96000
CZE,1994,113013
CZE,1993,98814
DNK,2020,53452
DNK,2019,53452
DNK,2018,64789
DNK,2017,66110
DNK,2016,66110
DNK,2015,60391
DNK,2014,80058
DNK,2013,72873
DNK,2012,73529
DNK,2011,71254
DNK,2010,77153
DNK,2009,69132
DNK,2008,81685
DNK,2007,99170
DNK,2006,81512
DNK,2005,72252
DNK,2004,65310
DNK,2003,63884
DNK,2002,66309
DNK,2001,54070
DNK,2000,53150
DNK,1999,62087
DNK,1998,54090
DNK,1997,64200
DNK,1996,52500
DNK,1995,51700
DNK,1994,63600
DNK,1993,53697
DNK,1992,101346
DNK,1991,128200
DNK,1990,123000
DNK,1989,112500
DNK,1988,112700
DNK,1987,113800
DNK,1986,119200
DNK,1985,115100
DNK,1984,124300
DNK,1983,116600
DNK,1982,100300
DNK,1981,112300
DNK,1980,96800
DNK,1979,100600
DNK,1978,86100
DNK,1977,56100
DNK,1976,55500
DNK,1975,56500
DNK,1974,96200
DNK,1973,90000
DNK,1972,93000
DNK,1971,68900
DNK,1970,123400
DNK,1969,111600
DNK,1968,118400
DNK,1967,23200
DNK,1966,33500
DNK,1965,33800
DNK,1964,32700
DNK,1963,32800
DNK,1962,32100
DNK,1961,27000
DJI,2020,3100
DJI,2019,3738
DJI,2018,2877
DJI,2017,5371
DJI,2016,9690
DJI,2015,4747
DJI,2014,8375
DJI,2013,14525
DJI,2012,833
DJI,2011,533
DJI,2010,38
DJI,2009,91
DJI,2008,3700
DJI,2007,3700
DJI,2006,3700
DJI,2005,3700
DJI,2004,3700
DJI,2003,3700
DJI,2002,3700
DJI,2001,3700
DJI,2000,425
DJI,1999,405
DJI,1998,2101
DJI,1997,27
DJI,1996,27
DJI,1995,27
DJI,1994,27
DMA,2020,48
DMA,2019,48
DMA,2018,48
DMA,2017,48
DMA,2016,48
DMA,2015,48
DMA,2014,48
DMA,2013,79
DMA,2012,79
DMA,2011,79
DMA,2010,79
DMA,2009,79
DMA,2008,79
DMA,2007,79
DMA,2006,79
DMA,2005,79
DMA,2004,79
DMA,2003,79
DMA,2002,79
DMA,2001,79
DMA,2000,79
DMA,1999,31
DMA,1998,31
DMA,1997,0
DMA,1996,19
DMA,1995,19
DMA,1994,19
DMA,1993,19
DOM,2020,18690
DOM,2019,13319
DOM,2018,11207
DOM,2017,8643
DOM,2016,10758
DOM,2015,14060
DOM,2014,13297
DOM,2013,14484
DOM,2012,11461
DOM,2011,6130
DOM,2010,2851
DOM,2009,446
DOM,2008,920
DOM,2007,900
DOM,2006,984
DOM,2005,589
DOM,2004,589
DOM,2003,0
DOM,2002,0
DOM,2001,0
DOM,2000,0
DOM,1999,0
DOM,1998,150
DOM,1997,200
DOM,1996,1400
DOM,1995,1100
DOM,1994,269
DOM,1993,255
DOM,1992,102
DOM,1991,320
DOM,1990,253
DOM,1989,2300
DOM,1988,100
DOM,1987,100
DOM,1986,100
DOM,1985,100
DOM,1984,100
DOM,1983,4000
DOM,1982,4000
DOM,1981,4000
DOM,1980,4000
DOM,1979,3800
DOM,1978,1800
DOM,1977,6000
DOM,1976,6000
DOM,1975,6000
DOM,1974,6000
DOM,1973,6000
DOM,1972,6000
DOM,1971,6000
DOM,1970,5400
DOM,1969,4300
DOM,1968,5900
ECU,2020,29883
ECU,2019,23946
ECU,2018,25702
ECU,2017,24851
ECU,2016,22506
ECU,2015,19987
ECU,2014,20141
ECU,2013,26757
ECU,2012,20419
ECU,2011,18755
ECU,2010,20351
ECU,2009,16545
ECU,2008,24162
ECU,2007,23039
ECU,2006,21334
ECU,2005,24096
ECU,2004,24096
ECU,2003,23100
ECU,2002,19522
ECU,2001,18300
ECU,2000,14600
ECU,1999,14300
ECU,1998,13500
ECU,1997,12800
ECU,1996,5300
ECU,1995,6500
ECU,1994,12800
ECU,1993,9971
ECU,1992,6186
ECU,1991,6100
ECU,1990,8500
ECU,1989,36400
ECU,1988,8800
ECU,1987,15100
ECU,1986,9900
ECU,1985,6700
ECU,1984,25500
ECU,1983,53300
ECU,1982,56800
ECU,1981,56600
ECU,1980,5900
ECU,1979,4300
ECU,1978,2200
ECU,1977,1900
ECU,1976,2100
ECU,1975,1900
ECU,1974,1800
ECU,1973,1300
ECU,1972,100
EGY,2020,533145
EGY,2019,490611
EGY,2018,294193
EGY,2017,255059
EGY,2016,283339
EGY,2015,257765
EGY,2014,262284
EGY,2013,271518
EGY,2012,45489
EGY,2011,29988
EGY,2010,15026
EGY,2009,31496
EGY,2008,33590
EGY,2007,35990
EGY,2006,28561
EGY,2005,64475
EGY,2004,105022
EGY,2003,128627
EGY,2002,92160
EGY,2001,105500
EGY,2000,110700
EGY,1999,59300
EGY,1998,71700
EGY,1997,27200
EGY,1996,64100
EGY,1995,55839
EGY,1994,49053
EGY,1993,40566
EGY,1992,125265
EGY,1991,57500
EGY,1987,52000
EGY,1986,41300
EGY,1985,68700
EGY,1984,55600
EGY,1983,51000
EGY,1982,31200
EGY,1981,43300
EGY,1980,30100
EGY,1979,22700
EGY,1978,39900
EGY,1977,52000
EGY,1976,89100
EGY,1975,62700
EGY,1974,18100
EGY,1973,28800
EGY,1972,26800
EGY,1971,41200
EGY,1970,47000
EGY,1969,58200
EGY,1968,55700
SLV,2020,70909
SLV,2019,62005
SLV,2018,49502
SLV,2017,64910
SLV,2016,42739
SLV,2015,8549
SLV,2014,3206
SLV,2013,1053
SLV,2012,1727
SLV,2011,2895
SLV,2010,2745
SLV,2009,703
SLV,2008,2624
SLV,2007,2162
SLV,2006,1418
SLV,2005,1921
SLV,2004,5761
SLV,2003,9802
SLV,2002,18200
SLV,2001,18200
SLV,2000,7600
SLV,1999,8200
SLV,1998,11700
SLV,1997,21939
SLV,1996,23039
SLV,1995,22484
SLV,1994,7977
SLV,1993,7977
SLV,1992,3795
SLV,1985,9600
SLV,1984,9600
SLV,1983,9600
SLV,1982,400
SLV,1981,400
SLV,1980,400
SLV,1979,1000
SLV,1978,2900
SLV,1977,2900
SLV,1976,800
SLV,1975,800
SLV,1971,600
SLV,1970,1600
SLV,1969,400
SLV,1968,300
SLV,1967,300
SLV,1966,100
SLV,1965,100
SLV,1964,100
GNQ,2020,61
GNQ,2019,61
GNQ,2018,61
GNQ,2017,61
GNQ,2016,61
GNQ,2015,61
GNQ,2014,61
GNQ,2013,71
GNQ,2012,71
GNQ,2011,71
GNQ,2010,71
GNQ,2009,71
GNQ,2008,71
GNQ,2007,0
GNQ,2006,0
GNQ,2005,0
GNQ,2004,0
GNQ,2003,0
GNQ,2002,0
GNQ,2001,0
GNQ,2000,0
GNQ,1999,0
ERI,2020,89
ERI,2019,89
ERI,2018,89
ERI,2017,89
ERI,2016,89
ERI,2015,2
ERI,2014,2
ERI,2013,2
ERI,2012,4
ERI,2011,10
ERI,2010,9
ERI,2009,9
ERI,2008,9
ERI,2007,9
EST,2020,44322
EST,2019,46141
EST,2018,16636
EST,2017,33041
EST,2016,35036
EST,2015,41629
EST,2014,27605
EST,2013,21586
EST,2012,12311
EST,2011,1593
EST,2010,144
EST,2009,119
EST,2008,423
EST,2007,254
EST,2006,3347
EST,2005,1248
EST,2004,195
EST,2003,452
EST,2002,270
EST,2001,4430
EST,2000,593
EST,1999,491
EST,1998,400
EST,1997,4400
EST,1996,19
EST,1995,19
EST,1994,19
EST,1993,97
EST,1992,74
SWZ,2020,0
SWZ,2019,0
ETH,2020,7199
ETH,2019,3115
ETH,2018,4456
ETH,2017,2120
ETH,2016,7852
ETH,2015,9332
ETH,2014,5657
ETH,2013,11793
ETH,2012,9079
ETH,2011,7577
ETH,2010,6298
ETH,2009,5101
ETH,2008,7364
ETH,2007,7990
ETH,2006,7988
ETH,2005,6740
ETH,2004,7368
ETH,2003,5873
ETH,2002,6865
ETH,2001,9236
ETH,2000,7980
ETH,1999,4400
ETH,1998,6800
ETH,1997,6700
ETH,1996,5700
ETH,1995,4395
ETH,1994,3895
ETH,1993,11242
FLK,2020,11
FLK,2019,11
FJI,2020,1
FJI,2019,1
FJI,2018,1
FJI,2017,3
FJI,2016,1
FJI,2015,1
FJI,2014,1
FJI,2013,138
FJI,2012,137
FJI,2011,515
FJI,2010,515
FJI,2009,515
FJI,2008,515
FJI,2007,76
FJI,2006,38
FJI,2005,0
FJI,2004,0
FJI,2003,0
FJI,2002,0
FJI,2001,0
FJI,2000,0
FJI,1999,0
FJI,1998,0
FJI,1997,0
FJI,1996,0
FJI,1995,0
FJI,1994,0
FJI,1993,74
FJI,1992,108
FIN,2020,218619
FIN,2019,344067
FIN,2018,473963
FIN,2017,470593
FIN,2016,420286
FIN,2015,405721
FIN,2014,394410
FIN,2013,406748
FIN,2012,496390
FIN,2011,470746
FIN,2010,415066
FIN,2009,346005
FIN,2008,395867
FIN,2007,358741
FIN,2006,267310
FIN,2005,223992
FIN,2004,167963
FIN,2003,133854
FIN,2002,95796
FIN,2001,133830
FIN,2000,91593
FIN,1999,77000
FIN,1998,52300
FIN,1997,48000
FIN,1996,57000
FIN,1995,97000
FIN,1994,84000
FIN,1993,61636
FIN,1992,161719
FIN,1991,76100
FIN,1990,55500
FIN,1989,43000
FIN,1988,40000
FIN,1987,59000
FIN,1986,37300
FIN,1985,24300
FIN,1984,28000
FIN,1983,16100
FIN,1982,12100
FIN,1981,11100
FIN,1980,8500
FIN,1979,8700
FIN,1978,5400
FIN,1977,6400
FIN,1976,5600
FIN,1975,3900
FIN,1974,5900
FIN,1973,4100
FIN,1972,3100
FIN,1971,6500
FIN,1970,6900
FIN,1969,9900
FIN,1968,1900
FIN,1967,3500
FIN,1966,1900
FIN,1965,900
FIN,1964,300
FIN,1963,100
FIN,1961,100
FRA,2020,1753390
FRA,2019,1697810
FRA,2018,1998212
FRA,2017,2000237
FRA,2016,1950071
FRA,2015,2031754
FRA,2014,2003130
FRA,2013,2121765
FRA,2012,1960963
FRA,2011,1883570
FRA,2010,1920833
FRA,2009,1534243
FRA,2008,1957100
FRA,2007,2080562
FRA,2006,2217084
FRA,2005,2140127
FRA,2004,2198073
FRA,2003,2164453
FRA,2002,2229432
FRA,2001,2219847
FRA,2000,2405505
FRA,1999,2227000
FRA,1998,2151300
FRA,1997,2163100
FRA,1996,2037000
FRA,1995,1962000
FRA,1994,2094000
FRA,1993,2001000
FRA,1992,2071953
FRA,1991,1942600
FRA,1990,1910800
FRA,1989,1822000
FRA,1988,1836900
FRA,1987,1754000
FRA,1986,1690000
FRA,1985,1554600
FRA,1984,1563000
FRA,1983,1566600
FRA,1982,1518000
FRA,1981,1649500
FRA,1980,1703500
FRA,1979,1630900
FRA,1978,1523400
FRA,1977,1291500
FRA,1976,1306600
FRA,1975,1118700
FRA,1974,1574200
FRA,1973,1419300
FRA,1972,1268300
FRA,1971,1084200
FRA,1970,1242800
FRA,1969,1163900
FRA,1968,1013900
FRA,1967,106900
FRA,1966,127500
FRA,1965,112000
FRA,1964,128100
FRA,1963,116200
FRA,1962,100000
FRA,1961,109500
PYF,2020,108
PYF,2019,108
PYF,2018,108
PYF,2017,108
PYF,2016,108
PYF,2015,108
PYF,2014,8
PYF,2013,15
PYF,2012,15
PYF,2011,15
PYF,2010,15
PYF,2009,15
PYF,2008,15
PYF,2007,49
PYF,2006,14
PYF,2005,14
PYF,2004,14
PYF,2003,2
PYF,2002,2
PYF,2001,2
PYF,2000,2
PYF,1999,3
PYF,1998,3
PYF,1997,3
PYF,1996,0
PYF,1995,0
PYF,1994,0
PYF,1993,0
GAB,2020,24
GAB,2019,13
GAB,2018,13
GAB,2017,13
GAB,2016,85
GAB,2015,60
GAB,2014,95
GAB,2013,131
GAB,2012,144
GAB,2011,189
GAB,2010,256
GAB,2009,115
GAB,2008,297
GAB,2007,205
GAB,2006,205
GAB,2005,205
GAB,2004,205
GAB,2003,196
GAB,2002,200
GAB,2001,30
GAB,2000,30
GAB,1999,30
GAB,1998,83
GAB,1997,83
GAB,1996,83
GAB,1995,31
GAB,1994,31
GAB,1993,63
GAB,1992,74
GAB,1985,2000
GAB,1984,2000
GAB,1983,2000
GAB,1982,2000
GAB,1981,2000
GAB,1980,2000
GAB,1979,1800
GAB,1978,1800
GAB,1977,1800
GAB,1976,100
GAB,1975,1500
GAB,1965,100
GAB,1964,100
GMB,2020,9
GMB,2019,38
GMB,2018,23
GMB,2017,23
GMB,2016,23
GMB,2015,23
GMB,2014,38
GMB,2013,20
GMB,2012,20
GMB,2011,20
GMB,2010,18
GMB,2009,17
GMB,2008,17
GMB,2007,6
GMB,2006,6
GMB,2005,6
GMB,2004,6
GMB,2003,17
GMB,2002,15
GEO,2020,51
GEO,2019,95
GEO,2018,93
GEO,2017,65
GEO,2016,62
GEO,2015,37
GEO,2014,90
GEO,2013,95
GEO,2012,0
GEO,2011,151
GEO,2010,25
GEO,2009,25
GEO,2008,25
GEO,2007,25
GEO,2006,5
GEO,2005,153
GEO,2004,153
GEO,2003,153
GEO,2002,153
GEO,2001,153
GEO,2000,153
GEO,1999,153
GEO,1998,139
GEO,1997,112
DEU,2020,3687000
DEU,2019,4393000
DEU,2018,4673000
DEU,2017,4875000
DEU,2016,4789000
DEU,2015,4478000
DEU,2014,4367063
DEU,2013,4526000
DEU,2012,4467000
DEU,2011,4582000
DEU,2010,4783777
DEU,2009,3466050
DEU,2008,5305000
DEU,2007,5009000
DEU,2006,5015299
DEU,2005,4610000
DEU,2004,4485000
DEU,2003,4273000
DEU,2002,4218000
DEU,2001,3872000
DEU,2000,3862000
DEU,1999,3591000
DEU,1998,3734000
DEU,1997,3843000
DEU,1996,3505000
DEU,1995,3576000
DEU,1994,3716000
DEU,1993,3450667
DEU,1992,3793178
DEU,1991,3584900
DEU,1990,3500600
DEU,1989,3523300
DEU,1988,3298100
DEU,1987,3221900
DEU,1986,3079100
DEU,1985,2943600
DEU,1984,2850300
DEU,1983,2803300
DEU,1982,2446700
DEU,1981,2478800
DEU,1980,2530300
DEU,1979,2389000
DEU,1978,2277300
DEU,1977,2043000
DEU,1976,2040600
DEU,1975,1702500
DEU,1974,2089200
DEU,1973,1959300
DEU,1972,1754300
DEU,1971,1487800
DEU,1970,1708100
DEU,1969,1534700
DEU,1968,1303200
DEU,1967,96800
DEU,1966,130300
DEU,1965,89900
DEU,1964,91000
DEU,1963,59000
DEU,1962,50900
DEU,1961,50400
GHA,2020,21175
GHA,2019,3979
GHA,2018,3229
GHA,2017,801
GHA,2016,603
GHA,2015,254
GHA,2014,511
GHA,2013,483
GHA,2012,483
GHA,2011,287
GHA,2010,120
GHA,2009,184
GHA,2008,266
GHA,2007,266
GHA,2006,266
GHA,2005,266
GHA,2004,266
GHA,2003,220
GHA,2002,0
GHA,2001,0
GHA,2000,0
GHA,1999,0
GHA,1998,0
GHA,1997,0
GHA,1996,0
GHA,1995,0
GHA,1994,0
GHA,1993,679
GHA,1992,896
GRC,2020,112028
GRC,2019,104406
GRC,2018,95940
GRC,2017,89447
GRC,2016,131307
GRC,2015,131307
GRC,2014,131307
GRC,2013,147616
GRC,2012,128333
GRC,2011,122721
GRC,2010,115183
GRC,2009,123021
GRC,2008,103933
GRC,2007,80140
GRC,2006,76300
GRC,2005,102554
GRC,2004,112643
GRC,2003,105678
GRC,2002,101622
GRC,2001,100502
GRC,2000,109197
GRC,1999,131020
GRC,1998,127000
GRC,1997,121001
GRC,1996,70401
GRC,1995,96001
GRC,1994,83966
GRC,1993,70577
GRC,1992,115101
GRC,1991,144100
GRC,1990,132000
GRC,1989,130300
GRC,1988,103600
GRC,1987,139700
GRC,1986,156200
GRC,1985,124900
GRC,1984,130800
GRC,1983,137300
GRC,1982,110300
GRC,1981,82200
GRC,1980,78300
GRC,1979,63300
GRC,1978,84100
GRC,1977,56800
GRC,1976,85900
GRC,1975,64700
GRC,1974,92100
GRC,1973,106300
GRC,1972,79300
GRC,1971,91900
GRC,1970,103900
GRC,1969,91800
GRC,1968,86700
GRC,1967,11200
GRC,1966,11800
GRC,1965,15900
GRC,1964,13500
GRC,1963,12900
GRC,1962,14000
GRC,1961,11900
GRL,2020,13
GRL,2019,1
GRL,2018,1
GRL,2017,0
GRL,2016,0
GRL,2015,0
GRL,2014,5
GRL,2013,5
GRL,2012,7
GLP,2020,19
GLP,2019,19
GLP,2018,19
GLP,2017,19
GLP,2016,19
GLP,2015,19
GLP,2014,19
GLP,2013,19
GLP,2012,19
GLP,2011,19
GLP,2010,19
GLP,2009,19
GLP,2008,19
GLP,2007,19
GLP,2006,19
GLP,2005,19
GLP,2004,19
GLP,2003,19
GLP,2002,19
GLP,2001,19
GLP,2000,19
GLP,1999,19
GLP,1998,19
GLP,1997,19
GLP,1996,19
GLP,1995,19
GLP,1994,19
GLP,1993,18
GLP,1992,1
GTM,2020,16103
GTM,2019,22538
GTM,2018,15467
GTM,2017,10657
GTM,2016,12246
GTM,2015,8694
GTM,2014,6835
GTM,2013,2098
GTM,2012,1924
GTM,2011,5971
GTM,2010,1071
GTM,2009,1105
GTM,2008,3999
GTM,2007,3185
GTM,2006,2754
GTM,2005,2024
GTM,2004,1355
GTM,2003,867
GTM,2002,277
GTM,2001,800
GTM,2000,600
GTM,1999,700
GTM,1998,2200
GTM,1997,1446
GTM,1996,1446
GTM,1995,2646
GTM,1994,1146
GTM,1993,2298
GTM,1992,3648
GTM,1991,6300
GTM,1990,6300
GTM,1989,6300
GTM,1988,5900
GTM,1987,7400
GTM,1986,7400
GTM,1985,9900
GTM,1984,8000
GTM,1983,13900
GTM,1982,3100
GTM,1981,13800
GTM,1980,31400
GTM,1979,14500
GTM,1978,9400
GTM,1977,9800
GTM,1976,13600
GTM,1975,5500
GTM,1974,13600
GTM,1973,20200
GTM,1972,9400
GTM,1971,8700
GTM,1970,12100
GTM,1969,6900
GTM,1968,4400
GTM,1967,8700
GTM,1966,5000
GIN,2020,104
GIN,2019,99
GIN,2018,123
GIN,2017,24
GIN,2016,12
GIN,2015,18
GIN,2014,15
GIN,2013,14
GIN,2012,14
GIN,2011,14
GIN,2010,14
GIN,2009,9
GIN,2008,9
GIN,2007,16
GIN,2006,16
GIN,2005,16
GIN,2004,16
GIN,2003,0
GIN,2002,0
GIN,2001,0
GIN,2000,0
GIN,1999,0
GIN,1998,30
GIN,1997,30
GIN,1996,0
GIN,1995,0
GUY,2020,49
GUY,2019,49
GUY,2018,49
GUY,2017,49
GUY,2016,3
GUY,2015,0
GUY,2014,49
GUY,2013,0
GUY,2012,0
GUY,2011,0
GUY,2010,0
GUY,2009,0
GUY,2008,0
GUY,2007,0
GUY,2006,0
GUY,2005,5
GUY,2004,0
GUY,2003,0
GUY,2002,0
GUY,2001,0
GUY,2000,0
GUY,1999,0
GUY,1998,0
GUY,1997,0
GUY,1996,0
GUY,1995,0
GUY,1994,0
GUY,1993,0
GUY,1992,0
HTI,2020,11
HTI,2019,11
HTI,2018,11
HTI,2017,11
HTI,2016,31
HTI,2015,14
HTI,2014,12
HTI,2013,12
HTI,2012,783
HTI,2011,783
HTI,2010,783
HTI,2009,357
HTI,2008,357
HTI,2007,357
HTI,2006,357
HTI,2005,357
HTI,2004,357
HTI,2003,0
HTI,2002,0
HTI,2001,0
HTI,2000,0
HTI,1999,0
HTI,1998,0
HTI,1997,54
HTI,1996,54
HTI,1995,78
HTI,1994,0
HTI,1992,79
HND,2020,843
HND,2019,843
HND,2018,127
HND,2017,100
HND,2016,100
HND,2015,62
HND,2014,100
HND,2013,9
HND,2012,1
HND,2011,6
HND,2010,11
HND,2009,214
HND,2008,214
HND,2007,214
HND,2006,214
HND,2005,837
HND,2004,837
HND,2003,200
HND,2002,200
HND,2001,1200
HND,2000,1000
HND,1999,1300
HND,1998,1800
HND,1997,1200
HND,1996,1300
HND,1995,500
HND,1994,544
HND,1993,1874
HND,1992,980
HUN,2020,140292
HUN,2019,140292
HUN,2018,150091
HUN,2017,142082
HUN,2016,131206
HUN,2015,142589
HUN,2014,132068
HUN,2013,106763
HUN,2012,94637
HUN,2011,109557
HUN,2010,87447
HUN,2009,91495
HUN,2008,106800
HUN,2007,101010
HUN,2006,164947
HUN,2005,265188
HUN,2004,242000
HUN,2003,206000
HUN,2002,173000
HUN,2001,169000
HUN,2000,169100
HUN,1999,178700
HUN,1998,182400
HUN,1997,148000
HUN,1996,141400
HUN,1995,28900
HUN,1994,26600
HUN,1993,30634
HUN,1992,37807
HUN,1991,128600
HUN,1990,135000
HUN,1989,258000
HUN,1988,256000
HUN,1987,195300
HUN,1986,198600
HUN,1985,201900
HUN,1984,204400
HUN,1983,223200
HUN,1982,194000
HUN,1981,189000
HUN,1980,215200
HUN,1979,170600
HUN,1978,179100
HUN,1977,140400
HUN,1976,142600
HUN,1975,169800
HUN,1974,129200
HUN,1973,129000
HUN,1972,113700
HUN,1971,95800
HUN,1970,118600
HUN,1969,65600
HUN,1968,79400
HUN,1967,1200
HUN,1966,800
HUN,1964,100
HUN,1962,1500
HUN,1961,1500
ISL,2020,0
ISL,2019,0
ISL,2018,0
ISL,2017,0
ISL,2016,135
ISL,2015,13
ISL,2014,13
ISL,2013,11
ISL,2012,11
ISL,2011,15
ISL,2010,12
ISL,2009,10
ISL,2008,5
ISL,2007,4320
ISL,2006,44
ISL,2005,22
ISL,2004,19
ISL,2003,7
ISL,2002,5
ISL,2001,0
ISL,2000,0
ISL,1999,0
ISL,1998,0
ISL,1997,0
ISL,1996,0
ISL,1995,0
ISL,1994,55
ISL,1993,55
ISL,1992,1321
IND,2020,965402
IND,2019,1044452
IND,2018,972606
IND,2017,980166
IND,2016,927231
IND,2015,838459
IND,2014,853177
IND,2013,839362
IND,2012,799157
IND,2011,729155
IND,2010,669078
IND,2009,494650
IND,2008,432441
IND,2007,368226
IND,2006,507250
IND,2005,362280
IND,2004,369858
IND,2003,258935
IND,2002,240916
IND,2001,206400
IND,2000,145300
IND,1999,192900
IND,1998,258700
IND,1997,261300
IND,1996,264600
IND,1995,174200
IND,1994,171987
IND,1993,169029
IND,1992,152039
IND,1991,204340
IND,1990,76485
IND,1989,68487
IND,1988,50840
IND,1987,88551
IND,1986,194925
IND,1985,45700
IND,1984,46800
IND,1983,46800
IND,1982,46800
IND,1981,17000
IND,1980,36200
IND,1979,36200
IND,1978,14300
IND,1977,14300
IND,1976,4100
IND,1975,13600
IND,1974,17200
IND,1973,22300
IND,1972,38000
IND,1971,38000
IND,1970,44800
IND,1969,50300
IND,1968,49000
IND,1967,1500
IND,1966,1200
IND,1965,3400
IND,1964,5300
IND,1963,4100
IND,1962,2200
IND,1961,6200
IDN,2020,1058922
IDN,2019,1048069
IDN,2018,1053361
IDN,2017,1014007
IDN,2016,931508
IDN,2015,833686
IDN,2014,1093376
IDN,2013,1125187
IDN,2012,930833
IDN,2011,866486
IDN,2010,870153
IDN,2009,876096
IDN,2008,812900
IDN,2007,726023
IDN,2006,716625
IDN,2005,654145
IDN,2004,628750
IDN,2003,559815
IDN,2002,590547
IDN,2001,564200
IDN,2000,756700
IDN,1999,757200
IDN,1998,614300
IDN,1997,796600
IDN,1996,636700
IDN,1995,684924
IDN,1994,693384
IDN,1993,706732
IDN,1992,468550
IDN,1991,241700
IDN,1990,216600
IDN,1989,241700
IDN,1988,204200
IDN,1987,243900
IDN,1986,281200
IDN,1985,181100
IDN,1984,256900
IDN,1983,331200
IDN,1982,180500
IDN,1981,139800
IDN,1980,87000
IDN,1979,57800
IDN,1978,81500
IDN,1977,41400
IDN,1976,19200
IDN,1975,8500
IDN,1974,6900
IDN,1973,3400
IRN,2020,84308
IRN,2019,56510
IRN,2018,152335
IRN,2017,199403
IRN,2016,182166
IRN,2015,114605
IRN,2014,97192
IRN,2013,123486
IRN,2012,121891
IRN,2011,121891
IRN,2010,106748
IRN,2009,74575
IRN,2008,74575
IRN,2007,74575
IRN,2006,74575
IRN,2005,74575
IRN,2004,71939
IRN,2003,72382
IRN,2002,43805
IRN,2001,47700
IRN,2000,34200
IRN,1999,39500
IRN,1998,30700
IRN,1997,33548
IRN,1996,28700
IRN,1995,24700
IRN,1994,11300
IRN,1993,22196
IRN,1992,44134
IRN,1991,71000
IRN,1990,71600
IRN,1989,10000
IRN,1988,24000
IRN,1987,24900
IRN,1986,10000
IRN,1985,32000
IRN,1984,41100
IRN,1983,74100
IRN,1982,28000
IRN,1981,27400
IRN,1980,38500
IRN,1979,38500
IRN,1978,38500
IRN,1977,38500
IRN,1976,25200
IRN,1975,26800
IRN,1974,8700
IRN,1973,12200
IRN,1972,10500
IRN,1971,11100
IRN,1970,11400
IRN,1969,1100
IRQ,2020,7307
IRQ,2019,3423
IRQ,2018,1053
IRQ,2017,23
IRQ,2016,117
IRQ,2015,209
IRQ,2014,182
IRQ,2013,1170
IRQ,2012,838
IRQ,2011,870
IRQ,2010,849
IRQ,2009,849
IRQ,2008,849
IRQ,2007,0
IRQ,2006,0
IRQ,2005,0
IRQ,2004,0
IRQ,2003,0
IRQ,2002,0
IRQ,2001,0
IRQ,2000,0
IRQ,1999,0
IRQ,1998,0
IRQ,1997,0
IRQ,1996,0
IRQ,1995,0
IRQ,1994,0
IRQ,1991,1700
IRQ,1990,1700
IRQ,1989,1700
IRQ,1988,1700
IRQ,1987,1700
IRQ,1986,1700
IRQ,1985,1700
IRQ,1984,1700
IRQ,1983,1700
IRQ,1982,1700
IRQ,1981,1700
IRQ,1980,15100
IRQ,1979,15100
IRQ,1978,15100
IRQ,1977,15100
IRQ,1976,16100
IRQ,1975,33500
IRQ,1974,21100
IRQ,1973,11000
IRQ,1972,6400
IRQ,1971,29000
IRQ,1970,1000
IRQ,1969,1200
IRQ,1968,2200
IRL,2020,5045
IRL,2019,5045
IRL,2018,5045
IRL,2017,4636
IRL,2016,5034
IRL,2015,5844
IRL,2014,3874
IRL,2013,5895
IRL,2012,1489
IRL,2011,669
IRL,2010,692
IRL,2009,1957
IRL,2008,1653
IRL,2007,4118
IRL,2006,3990
IRL,2005,5827
IRL,2004,8724
IRL,2003,12176
IRL,2002,11385
IRL,2001,15210
IRL,2000,18000
IRL,1999,20000
IRL,1998,17000
IRL,1997,11000
IRL,1996,8000
IRL,1995,9000
IRL,1994,9490
IRL,1993,9600
IRL,1992,11507
IRL,1991,15000
IRL,1990,15000
IRL,1989,14357
IRL,1988,14820
IRL,1987,5856
IRL,1986,6403
IRL,1985,5700
IRL,1984,6300
IRL,1983,5600
IRL,1982,7500
IRL,1981,34200
IRL,1980,32900
IRL,1979,33600
IRL,1978,30300
IRL,1977,24600
IRL,1976,26500
IRL,1975,22100
IRL,1974,39100
IRL,1973,54300
IRL,1972,41400
IRL,1971,34000
IRL,1970,48300
IRL,1969,37700
IRL,1968,45500
IRL,1967,35200
IRL,1966,26100
IRL,1963,1100
IRL,1961,1400
ISR,2020,153532
ISR,2019,153532
ISR,2018,170166
ISR,2017,152526
ISR,2016,152526
ISR,2015,152526
ISR,2014,126904
ISR,2013,146020
ISR,2012,146014
ISR,2011,142640
ISR,2010,163010
ISR,2009,148698
ISR,2008,152067
ISR,2007,168750
ISR,2006,183718
ISR,2005,157803
ISR,2004,144093
ISR,2003,111170
ISR,2002,100381
ISR,2001,89383
ISR,2000,111632
ISR,1999,117989
ISR,1998,147700
ISR,1997,112800
ISR,1996,98800
ISR,1995,101338
ISR,1994,76297
ISR,1993,129096
ISR,1992,112860
ISR,1991,80200
ISR,1990,80200
ISR,1989,88900
ISR,1988,70388
ISR,1987,117891
ISR,1986,82967
ISR,1985,64700
ISR,1984,78900
ISR,1983,63000
ISR,1982,61700
ISR,1981,28400
ISR,1980,41100
ISR,1979,53000
ISR,1978,43500
ISR,1977,61800
ISR,1976,61400
ISR,1975,70900
ISR,1974,70900
ISR,1973,50000
ISR,1972,55200
ISR,1971,57100
ISR,1970,53100
ISR,1969,54400
ISR,1968,54700
ISR,1967,48200
ISR,1966,38700
ISR,1965,35900
ISR,1964,39200
ISR,1963,1800
ISR,1962,3700
ITA,2020,3291997
ITA,2019,3564113
ITA,2018,3514227
ITA,2017,3211163
ITA,2016,3430475
ITA,2015,3486552
ITA,2014,3395899
ITA,2013,3483501
ITA,2012,3327643
ITA,2011,3458764
ITA,2010,3430645
ITA,2009,3000794
ITA,2008,3212349
ITA,2007,3479427
ITA,2006,3671794
ITA,2005,3761750
ITA,2004,3365117
ITA,2003,3249198
ITA,2002,3247581
ITA,2001,3318000
ITA,2000,3182000
ITA,1999,3353000
ITA,1998,3250000
ITA,1997,3113000
ITA,1996,2866000
ITA,1995,2755000
ITA,1994,2750000
ITA,1993,2555192
ITA,1992,2523750
ITA,1991,2363000
ITA,1990,2110000
ITA,1989,2181000
ITA,1988,2148000
ITA,1987,2088000
ITA,1986,1857000
ITA,1985,1825000
ITA,1984,1703600
ITA,1983,1513500
ITA,1982,1368700
ITA,1981,1544400
ITA,1980,1761200
ITA,1979,1789500
ITA,1978,1577100
ITA,1977,1188800
ITA,1976,1301400
ITA,1975,959600
ITA,1974,1410000
ITA,1973,1442500
ITA,1972,1245400
ITA,1971,960500
ITA,1970,1333800
ITA,1969,1327600
ITA,1968,1153200
ITA,1967,91400
ITA,1966,70500
ITA,1965,67200
ITA,1964,54000
ITA,1963,33300
ITA,1962,22000
ITA,1961,23500
JAM,2020,38
JAM,2019,25
JAM,2018,0
JAM,2017,0
JAM,2016,0
JAM,2015,0
JAM,2014,0
JAM,2013,0
JAM,2012,8
JAM,2011,5
JAM,2010,255
JAM,2009,274
JAM,2008,0
JAM,2007,0
JAM,2006,0
JAM,2005,1
JAM,2004,0
JAM,2003,0
JAM,2002,0
JAM,2001,0
JAM,2000,0
JAM,1999,40
JAM,1998,51
JAM,1997,156
JAM,1996,227
JAM,1995,176
JAM,1994,162
JAM,1993,126
JAM,1992,542
JAM,1991,100
JAM,1990,1400
JAM,1989,300
JAM,1988,500
JAM,1987,1100
JPN,2020,1447601
JPN,2019,1606088
JPN,2018,1584407
JPN,2017,1694843
JPN,2016,1551388
JPN,2015,1614000
JPN,2014,1659000
JPN,2013,1658728
JPN,2012,1728373
JPN,2011,1788456
JPN,2010,1730766
JPN,2009,1588100
JPN,2008,1916200
JPN,2007,2014200
JPN,2006,2211100
JPN,2005,2227100
JPN,2004,2418100
JPN,2003,2332100
JPN,2002,2422250
JPN,2001,2586300
JPN,2000,2961300
JPN,1999,2914200
JPN,1998,3046350
JPN,1997,3269900
JPN,1996,3246500
JPN,1995,3391300
JPN,1994,3539200
JPN,1993,3055160
JPN,1992,2888539
JPN,1991,2672000
JPN,1990,2671200
JPN,1989,3123200
JPN,1988,2829100
JPN,1987,2474700
JPN,1986,2281500
JPN,1985,2005700
JPN,1984,1893300
JPN,1983,1924000
JPN,1982,1581500
JPN,1981,1488700
JPN,1980,1935100
JPN,1979,1611700
JPN,1978,1483600
JPN,1977,961700
JPN,1976,886800
JPN,1975,848600
JPN,1974,1228400
JPN,1973,919000
JPN,1972,585500
JPN,1971,480400
JPN,1970,732000
JPN,1969,669000
JPN,1968,611000
JPN,1967,516200
JPN,1966,463600
JPN,1965,304300
JPN,1964,333400
JPN,1963,281600
JPN,1962,62700
JPN,1961,12600
JOR,2020,98647
JOR,2019,81770
JOR,2018,80851
JOR,2017,95148
JOR,2016,96668
JOR,2015,97739
JOR,2014,99031
JOR,2013,112941
JOR,2012,104732
JOR,2011,104732
JOR,2010,70824
JOR,2009,42532
JOR,2008,81348
JOR,2007,61028
JOR,2006,76255
JOR,2005,76255
JOR,2004,76255
JOR,2003,24600
JOR,2002,24600
JOR,2001,55200
JOR,2000,40700
JOR,1999,36300
JOR,1998,35500
JOR,1997,34600
JOR,1996,33000
JOR,1995,16400
JOR,1994,10800
JOR,1993,14543
JOR,1992,8454
KAZ,2020,14912
KAZ,2019,6151
KAZ,2018,5757
KAZ,2017,7240
KAZ,2016,7240
KAZ,2015,7240
KAZ,2014,7240
KAZ,2013,8705
KAZ,2012,7601
KAZ,2011,5283
KAZ,2010,3931
KAZ,2009,3348
KAZ,2008,3458
KAZ,2007,3251
KAZ,2006,3841
KAZ,2005,769
KAZ,2004,874
KAZ,2003,1000
KAZ,2002,200
KAZ,2001,2311
KAZ,2000,2311
KAZ,1999,0
KAZ,1998,0
KAZ,1997,0
KAZ,1996,30
KAZ,1995,30
KAZ,1994,30
KEN,2020,10815
KEN,2019,7714
KEN,2018,2479
KEN,2017,2643
KEN,2016,2625
KEN,2015,3645
KEN,2014,795
KEN,2013,777
KEN,2012,643
KEN,2011,1094
KEN,2010,2187
KEN,2009,1482
KEN,2008,2929
KEN,2007,1828
KEN,2006,2015
KEN,2005,2825
KEN,2004,3073
KEN,2003,5183
KEN,2002,1795
KEN,2001,3100
KEN,2000,4500
KEN,1999,4800
KEN,1998,4800
KEN,1997,3897
KEN,1996,5103
KEN,1995,1525
KEN,1994,366
KEN,1993,363
KEN,1992,4203
KWT,2020,23100
KWT,2019,22102
KWT,2018,24221
KWT,2017,25757
KWT,2016,25251
KWT,2015,20669
KWT,2014,21436
KWT,2013,16312
KWT,2012,12191
KWT,2011,15318
KWT,2010,8091
KWT,2009,9524
KWT,2008,12380
KWT,2007,12082
KWT,2006,9059
KWT,2005,9059
KWT,2004,9059
KWT,2003,14300
KWT,2002,14300
KWT,2001,14300
KWT,2000,18000
KWT,1999,18000
KWT,1998,9768
KWT,1997,9768
KWT,1996,9768
KWT,1995,13305
KWT,1994,15432
KWT,1993,8888
KWT,1992,11854
KGZ,2020,16
KGZ,2019,500
KGZ,2018,400
KGZ,2017,202
KGZ,2016,224
KGZ,2015,94
KGZ,2014,26
KGZ,2013,25
KGZ,2012,2
KGZ,2011,0
KGZ,2010,0
KGZ,2009,8
KGZ,2008,25
KGZ,2007,0
KGZ,2006,0
KGZ,2005,405
KGZ,2004,200
KGZ,2003,1671
KGZ,2002,1500
KGZ,2001,0
KGZ,2000,0
KGZ,1999,0
LVA,2020,955
LVA,2019,1385
LVA,2018,2095
LVA,2017,2095
LVA,2016,408
LVA,2015,526
LVA,2014,236
LVA,2013,244
LVA,2012,358
LVA,2011,213
LVA,2010,132
LVA,2009,13
LVA,2008,179
LVA,2007,531
LVA,2006,619
LVA,2005,417
LVA,2004,101
LVA,2003,74
LVA,2002,80
LVA,2001,170
LVA,2000,152
LVA,1999,0
LVA,1998,0
LVA,1997,500
LVA,1996,1700
LVA,1995,1700
LVA,1994,600
LVA,1993,379
LBN,2020,20402
LBN,2019,37415
LBN,2018,32272
LBN,2017,32240
LBN,2016,45055
LBN,2015,29511
LBN,2014,25830
LBN,2013,28806
LBN,2012,20277
LBN,2011,20072
LBN,2010,14111
LBN,2009,42686
LBN,2008,42195
LBN,2007,42195
LBN,2006,36565
LBN,2005,36565
LBN,2004,36565
LBN,2003,14400
LBN,2002,14400
LBN,2001,14400
LBN,2000,14350
LBN,1999,29400
LBN,1998,30100
LBN,1997,21600
LBN,1996,20300
LBN,1995,15500
LBN,1994,10900
LBN,1993,9700
LBN,1992,7575
LBN,1987,0
LBN,1982,1400
LBN,1981,1400
LBN,1980,1400
LBN,1979,1400
LBN,1978,1400
LBN,1977,1400
LBN,1967,400
LBN,1966,200
LSO,2020,8
LSO,2019,0
LSO,2018,14
LSO,2017,14
LSO,2016,15
LSO,2015,15
LSO,2014,15
LSO,2013,15
LSO,2012,16
LSO,2011,1
LSO,2010,1
LBR,2020,27
LBR,2019,27
LBR,2018,27
LBR,2017,27
LBR,2016,27
LBR,2015,27
LBR,2014,28
LBR,2013,28
LBR,2012,26
LBR,2011,26
LBR,2010,26
LBR,2009,26
LBR,2008,26
LBR,2007,26
LBR,2006,26
LBR,2005,26
LBR,2004,26
LBR,2003,0
LBR,2002,0
LBR,2001,0
LBR,2000,0
LBR,1999,0
LBR,1998,0
LBR,1997,0
LBR,1996,0
LBR,1995,0
LBR,1994,0
LBR,1993,500
LBY,2020,1083
LBY,2019,1497
LBY,2018,3314
LBY,2017,4442
LBY,2016,3606
LBY,2015,3125
LBY,2014,2079
LBY,2013,2540
LBY,2012,2496
LBY,2011,1522
LBY,2010,4747
LBY,2009,3903
LBY,2008,4354
LBY,2007,3705
LBY,2006,3705
LBY,2005,3705
LBY,2004,3705
LBY,2003,2157
LBY,2002,2157
LBY,2001,2157
LBY,2000,3857
LBY,1999,3857
LBY,1998,3457
LBY,1997,2157
LBY,1996,2157
LBY,1995,2589
LBY,1994,2589
LBY,1993,3515
LBY,1992,1509
LIE,2020,0
LIE,2019,0
LIE,2018,0
LIE,2017,0
LIE,2016,0
LIE,2015,0
LIE,2014,0
LIE,2013,0
LIE,2012,0
LIE,2011,0
LIE,2010,0
LIE,2009,0
LIE,2008,0
LIE,2007,0
LIE,2006,0
LTU,2020,43775
LTU,2019,46755
LTU,2018,36724
LTU,2017,33419
LTU,2016,33211
LTU,2015,22184
LTU,2014,27213
LTU,2013,42017
LTU,2012,86160
LTU,2011,49451
LTU,2010,24502
LTU,2009,18824
LTU,2008,21426
LTU,2007,2610
LTU,2006,2110
LTU,2005,1375
LTU,2004,2231
LTU,2003,2000
LTU,2002,4360
LTU,2001,8060
LTU,2000,7850
LTU,1999,5274
LTU,1998,16100
LTU,1997,12000
LTU,1996,13700
LTU,1995,3900
LTU,1994,2503
LTU,1993,103
LTU,1992,137
LUX,2020,390
LUX,2019,584
LUX,2018,185
LUX,2017,142
LUX,2016,134
LUX,2015,75
LUX,2014,75
LUX,2013,75
LUX,2012,52
LUX,2011,8
LUX,2010,3
LUX,2009,15
LUX,2008,85
LUX,2007,35
LUX,2006,17
LUX,2005,51
LUX,2004,61
LUX,2003,107
LUX,2002,31
LUX,2001,110
LUX,2000,32
MDG,2020,610
MDG,2019,421
MDG,2018,429
MDG,2017,394
MDG,2016,372
MDG,2015,285
MDG,2014,446
MDG,2013,336
MDG,2012,525
MDG,2011,535
MDG,2010,63
MDG,2009,15
MDG,2008,14
MDG,2007,6
MDG,2006,6
MDG,2005,6
MDG,2004,6
MDG,2003,0
MDG,2002,0
MDG,2001,0
MDG,2000,0
MDG,1999,0
MDG,1998,0
MDG,1997,0
MDG,1996,0
MDG,1995,0
MDG,1994,0
MDG,1993,22
MDG,1992,11
MDG,1991,0
MDG,1990,0
MDG,1989,0
MDG,1988,0
MDG,1987,4000
MDG,1986,4700
MDG,1985,7000
MDG,1984,4000
MDG,1981,5000
MDG,1980,5000
MDG,1979,5000
MDG,1978,3300
MDG,1977,3300
MDG,1976,3300
MDG,1975,6300
MDG,1974,5000
MDG,1973,3600
MDG,1972,2100
MDG,1971,3400
MDG,1970,2800
MDG,1969,3900
MDG,1968,3700
MWI,2020,632
MWI,2019,330
MWI,2018,258
MWI,2017,199
MWI,2016,399
MWI,2015,314
MWI,2014,314
MWI,2013,429
MWI,2012,133
MWI,2011,148
MWI,2010,148
MWI,2009,148
MWI,2008,57
MWI,2007,57
MWI,2006,57
MWI,2005,198
MWI,2004,198
MWI,2003,35
MWI,2002,35
MWI,2001,35
MWI,2000,35
MWI,1999,35
MYS,2020,167555
MYS,2019,211348
MYS,2018,184656
MYS,2017,176606
MYS,2016,165651
MYS,2015,156454
MYS,2014,174617
MYS,2013,139409
MYS,2012,174491
MYS,2011,141853
MYS,2010,151823
MYS,2009,108465
MYS,2008,220000
MYS,2007,272227
MYS,2006,272227
MYS,2005,178810
MYS,2004,93726
MYS,2003,86422
MYS,2002,65433
MYS,2001,59900
MYS,2000,60900
MYS,1999,71300
MYS,1998,70000
MYS,1997,71200
MYS,1996,102300
MYS,1995,64200
MYS,1994,93441
MYS,1993,48709
MYS,1992,50824
MYS,1991,41700
MYS,1990,37200
MYS,1989,37200
MYS,1988,58900
MYS,1987,27100
MYS,1986,22100
MYS,1985,9300
MYS,1984,13900
MYS,1983,4300
MYS,1982,4300
MYS,1981,4800
MYS,1980,5100
MYS,1979,4100
MYS,1978,3900
MYS,1977,2800
MYS,1976,2600
MYS,1975,1400
MYS,1974,3300
MYS,1973,2900
MYS,1972,2900
MYS,1971,1800
MYS,1970,2400
MYS,1969,1400
MYS,1968,1400
MYS,1967,500
MLI,2020,276
MLI,2019,264
MLI,2018,726
MLI,2017,95
MLI,2016,127
MLI,2015,156
MLI,2014,34
MLI,2013,167
MLI,2012,215
MLI,2011,3412
MLI,2010,3411
MLI,2009,183
MLI,2008,183
MLI,2007,420
MLI,2006,420
MLI,2005,419
MLI,2004,419
MLI,2003,419
MLI,2002,400
MLI,2001,400
MLI,2000,400
MLI,1999,400
MLI,1998,800
MLI,1997,344
MLI,1996,0
MLI,1995,0
MLI,1994,0
MLT,2020,0
MLT,2019,0
MLT,2018,5
MLT,2017,7
MLT,2016,14
MLT,2015,757
MLT,2014,903
MLT,2013,239
MLT,2012,66
MLT,2011,5
MLT,2010,40
MLT,2009,45
MLT,2008,21
MLT,2007,6
MLT,2006,31
MLT,2005,41
MLT,2004,0
MLT,2003,52
MLT,2002,350
MLT,2001,350
MLT,2000,350
MLT,1999,350
MLT,1998,300
MLT,1997,700
MLT,1996,600
MLT,1995,600
MLT,1994,900
MLT,1993,1300
MLT,1992,1353
MTQ,2020,100
MTQ,2019,100
MTQ,2018,100
MTQ,2017,100
MTQ,2016,200
MTQ,2015,200
MTQ,2014,200
MTQ,2013,200
MTQ,2012,200
MTQ,2011,200
MTQ,2010,200
MTQ,2009,200
MTQ,2008,200
MTQ,2007,200
MTQ,2006,200
MTQ,2005,200
MTQ,2004,200
MTQ,2003,200
MTQ,2002,200
MTQ,2001,200
MTQ,2000,200
MTQ,1999,200
MTQ,1998,200
MTQ,1997,200
MTQ,1996,200
MTQ,1995,200
MTQ,1994,100
MTQ,1993,300
MTQ,1992,366
MRT,2020,541
MRT,2019,71
MRT,2018,2
MRT,2017,2
MRT,2016,2
MRT,2015,2
MRT,2014,2
MRT,2013,4
MRT,2012,4
MRT,2011,4
MRT,2010,4
MRT,2009,4
MRT,2008,2
MRT,2007,2
MRT,2006,40
MRT,2005,40
MRT,2004,40
MRT,2003,13
MRT,2002,19
MRT,2001,0
MRT,2000,0
MRT,1999,0
MRT,1998,0
MRT,1997,0
MRT,1996,2
MRT,1995,2
MUS,2020,49
MUS,2019,64
MUS,2018,66
MUS,2017,56
MUS,2016,71
MUS,2015,64
MUS,2014,582
MUS,2013,612
MUS,2012,879
MUS,2011,711
MUS,2010,1868
MUS,2009,756
MUS,2008,1033
MUS,2007,1000
MUS,2006,1000
MUS,2005,2043
MUS,2004,2043
MUS,2003,1142
MUS,2002,900
MUS,2001,1000
MUS,2000,202
MUS,1999,202
MUS,1998,667
MUS,1997,170
MUS,1996,200
MUS,1995,200
MUS,1994,200
MUS,1993,104
MUS,1992,259
MEX,2020,901461
MEX,2019,768633
MEX,2018,978215
MEX,2017,964119
MEX,2016,922205
MEX,2015,860658
MEX,2014,856516
MEX,2013,839475
MEX,2012,836095
MEX,2011,822088
MEX,2010,856869
MEX,2009,839146
MEX,2008,1263713
MEX,2007,1138713
MEX,2006,1205713
MEX,2005,819787
MEX,2004,837458
MEX,2003,753000
MEX,2002,642000
MEX,2001,642000
MEX,2000,501800
MEX,1999,506700
MEX,1998,439300
MEX,1997,325600
MEX,1996,398300
MEX,1995,728800
MEX,1994,571400
MEX,1993,603120
MEX,1992,387688
MEX,1991,333000
MEX,1990,280800
MEX,1989,246000
MEX,1988,400000
MEX,1987,425000
MEX,1986,347000
MEX,1985,318000
MEX,1984,269000
MEX,1983,221000
MEX,1982,198000
MEX,1981,222800
MEX,1980,207700
MEX,1979,132100
MEX,1978,108400
MEX,1977,66100
MEX,1976,137600
MEX,1975,132600
MEX,1974,230300
MEX,1973,112700
MEX,1972,93300
MEX,1971,78300
MEX,1970,115100
MEX,1969,82000
MEX,1968,57300
MEX,1967,14300
MEX,1966,7400
MEX,1965,9700
MEX,1964,39800
MEX,1963,31900
MEX,1962,29800
MEX,1961,32500
MNG,2020,1071
MNG,2019,6200
MNG,2018,4452
MNG,2017,4465
MNG,2016,2828
MNG,2015,2023
MNG,2014,847
MNG,2013,883
MNG,2012,883
MNG,2011,542
MNG,2010,31
MNG,2009,15
MNG,2008,15
MNG,2007,23
MNG,2006,23
MNG,2005,23
MNG,2004,23
MNG,2003,23
MNG,2002,23
MNG,2001,23
MNG,2000,23
MNG,1999,23
MNG,1998,1
MNG,1997,1
MNG,1996,1
MNG,1995,1
MNG,1994,180
MNE,2020,10
MNE,2019,10
MNE,2018,10
MNE,2017,10
MNE,2016,10
MNE,2015,10
MNE,2014,10
MNE,2013,10
MNE,2012,5
MNE,2011,11
MNE,2010,10
MNE,2009,10
MNE,2008,10
MNE,2007,10
MNE,2006,10
MAR,2020,42566
MAR,2019,71574
MAR,2018,57443
MAR,2017,56118
MAR,2016,57495
MAR,2015,63478
MAR,2014,52497
MAR,2013,43148
MAR,2012,33005
MAR,2011,31233
MAR,2010,24816
MAR,2009,38474
MAR,2008,22353
MAR,2007,24419
MAR,2006,23375
MAR,2005,20874
MAR,2004,20874
MAR,2003,29408
MAR,2002,26091
MAR,2001,31600
MAR,2000,20600
MAR,1999,19000
MAR,1998,21000
MAR,1997,16900
MAR,1996,24200
MAR,1995,28600
MAR,1994,21600
MAR,1993,26678
MAR,1992,22483
MAR,1991,29400
MAR,1990,52400
MAR,1989,55200
MAR,1988,44200
MAR,1987,16800
MAR,1986,23800
MAR,1985,23800
MAR,1984,30700
MAR,1983,35300
MAR,1982,32600
MAR,1981,31600
MAR,1980,25500
MAR,1979,24500
MAR,1978,22200
MAR,1977,27900
MAR,1976,22800
MAR,1975,15700
MAR,1974,27400
MAR,1973,13200
MAR,1972,18800
MAR,1971,15700
MAR,1970,24300
MAR,1969,18900
MAR,1968,14300
MAR,1967,8500
MAR,1966,25300
MAR,1965,14400
MAR,1964,3500
MAR,1963,4000
MAR,1962,4000
MAR,1961,3800
MOZ,2020,2173
MOZ,2019,155
MOZ,2018,457
MOZ,2017,890
MOZ,2016,553
MOZ,2015,264
MOZ,2014,7694
MOZ,2013,519
MOZ,2012,329
MOZ,2011,636
MOZ,2010,697
MOZ,2009,697
MOZ,2008,786
MOZ,2007,84
MOZ,2006,76
MOZ,2005,102
MOZ,2004,102
MOZ,2003,102
MOZ,2002,27
MOZ,2001,27
MOZ,2000,27
MOZ,1999,27
MOZ,1998,0
MOZ,1997,0
MOZ,1996,11
MOZ,1995,11
MOZ,1994,11
MOZ,1993,11
MOZ,1992,6
MMR,2020,2349
MMR,2019,4137
MMR,2018,2449
MMR,2017,2135
MMR,2016,1151
MMR,2015,3100
MMR,2014,1500
MMR,2013,1358
MMR,2012,1358
MMR,2011,607
MMR,2010,988
MMR,2009,921
MMR,2008,921
MMR,2007,921
MMR,2006,921
MMR,2005,921
MMR,2004,921
MMR,2003,921
MMR,2002,400
MMR,2001,300
MMR,2000,300
MMR,1999,200
MMR,1998,200
MMR,1997,200
MMR,1996,0
MMR,1995,0
MMR,1994,0
MMR,1993,0
NAM,2020,5148
NAM,2019,5865
NAM,2018,39
NAM,2017,39
NAM,2016,39
NAM,2015,7
NAM,2014,46
NAM,2013,24
NAM,2012,19
NAM,2011,19
NAM,2010,17
NAM,2009,20
NAM,2008,35
NAM,2007,76
NAM,2006,2
NAM,2005,3
NAM,2004,248
NAM,2003,1
NAM,2002,4
NAM,2001,39
NAM,2000,4
NPL,2020,906
NPL,2019,828
NPL,2018,574
NPL,2017,781
NPL,2016,397
NPL,2015,303
NPL,2014,198
NPL,2013,248
NPL,2012,399
NPL,2011,408
NPL,2010,595
NPL,2009,435
NPL,2008,266
NPL,2007,264
NPL,2006,3820
NPL,2005,1421
NPL,2004,1421
NPL,2003,152
NPL,2002,157
NPL,2001,157
NPL,2000,157
NPL,1999,157
NPL,1998,101
NPL,1997,101
NPL,1996,3
NPL,1995,3
NPL,1994,3
NPL,1992,2
NLD,2020,1807200
NLD,2019,1491400
NLD,2018,1684400
NLD,2017,1351400
NLD,2016,1189200
NLD,2015,925700
NLD,2014,1195000
NLD,2013,1396300
NLD,2012,2806991
NLD,2011,1545900
NLD,2010,2375215
NLD,2009,1925680
NLD,2008,1332700
NLD,2007,1241629
NLD,2006,1224800
NLD,2005,1389100
NLD,2004,1219900
NLD,2003,993800
NLD,2002,936300
NLD,2001,814800
NLD,2000,814000
NLD,1999,1055000
NLD,1998,1235400
NLD,1997,1087000
NLD,1996,933200
NLD,1995,802000
NLD,1994,848000
NLD,1993,659527
NLD,1992,613181
NLD,1991,549900
NLD,1990,572800
NLD,1989,572100
NLD,1988,571200
NLD,1987,548000
NLD,1986,556400
NLD,1985,519000
NLD,1984,536600
NLD,1983,514300
NLD,1982,460900
NLD,1981,516500
NLD,1980,567400
NLD,1979,603800
NLD,1978,584600
NLD,1977,525700
NLD,1976,482500
NLD,1975,490200
NLD,1974,635700
NLD,1973,623600
NLD,1972,546000
NLD,1971,483300
NLD,1970,593200
NLD,1969,554100
NLD,1968,508900
NLD,1967,1600
NLD,1966,2300
NLD,1965,1400
NLD,1964,1200
NLD,1963,1000
NCL,2020,80
NCL,2019,110
NCL,2018,3
NCL,2017,3
NCL,2016,3
NCL,2015,12
NCL,2014,23
NCL,2013,104
NCL,2012,12
NCL,2011,2236
NCL,2010,2258
NCL,2009,2246
NCL,2008,2421
NCL,2007,2101
NCL,2006,2010
NCL,2005,2004
NCL,2004,2004
NCL,2003,2002
NCL,2002,2000
NCL,2001,2000
NCL,2000,0
NCL,1999,0
NCL,1998,7
NCL,1997,108
NCL,1996,1
NCL,1995,1
NZL,2020,53150
NZL,2019,49371
NZL,2018,52775
NZL,2017,48807
NZL,2016,49869
NZL,2015,51376
NZL,2014,41833
NZL,2013,11023
NZL,2012,18364
NZL,2011,19506
NZL,2010,20536
NZL,2009,19783
NZL,2008,25152
NZL,2007,24212
NZL,2006,5388
NZL,2005,3000
NZL,2004,4100
NZL,2003,8000
NZL,2002,6000
NZL,2001,21000
NZL,2000,4300
NZL,1999,17100
NZL,1998,15000
NZL,1997,11200
NZL,1996,16400
NZL,1995,17000
NZL,1994,16000
NZL,1993,15215
NZL,1992,27004
NZL,1991,9300
NZL,1990,14800
NZL,1989,11200
NZL,1988,12700
NZL,1987,17100
NZL,1986,14400
NZL,1985,11600
NZL,1984,11300
NZL,1983,6800
NZL,1982,15200
NZL,1981,5100
NZL,1980,8200
NZL,1979,3900
NZL,1978,4300
NZL,1977,1400
NZL,1976,3200
NZL,1975,2100
NZL,1974,10900
NZL,1973,11600
NZL,1972,12200
NZL,1971,14100
NZL,1970,18100
NZL,1969,11700
NZL,1968,10100
NZL,1966,500
NZL,1963,600
NZL,1962,1200
NZL,1961,1000
NIC,2020,107
NIC,2019,107
NIC,2018,111
NIC,2017,111
NIC,2016,111
NIC,2015,110
NIC,2014,110
NIC,2013,90
NIC,2012,90
NIC,2011,90
NIC,2010,90
NIC,2009,330
NIC,2008,330
NIC,2007,330
NIC,2006,333
NIC,2005,417
NIC,2004,417
NIC,2003,136
NIC,2002,0
NIC,2001,97
NIC,2000,97
NIC,1999,124
NIC,1998,52
NIC,1997,100
NIC,1996,100
NIC,1995,100
NIC,1994,83
NIC,1993,83
NIC,1992,73
NER,2020,2193
NER,2019,2193
NER,2018,2193
NER,2017,2193
NER,2016,2193
NER,2015,2193
NER,2014,2193
NER,2013,2193
NER,2012,2193
NER,2011,2193
NER,2010,2193
NER,2009,2193
NER,2008,2193
NER,2007,2193
NER,2006,8306
NER,2005,9499
NER,2004,9499
NER,2003,7484
NER,2002,7423
NER,2001,1088
NER,2000,1088
NER,1993,48
NGA,2020,27404
NGA,2019,29550
NGA,2018,35023
NGA,2017,37476
NGA,2016,24938
NGA,2015,13789
NGA,2014,20117
NGA,2013,22343
NGA,2012,17043
NGA,2011,24797
NGA,2010,34172
NGA,2009,22369
NGA,2008,35468
NGA,2007,16746
NGA,2006,16746
NGA,2005,16746
NGA,2004,16746
NGA,2003,16500
NGA,2002,16500
NGA,2001,16500
NGA,2000,17300
NGA,1999,19300
NGA,1998,6492
NGA,1997,6492
NGA,1996,6939
NGA,1995,6559
NGA,1994,1907
NGA,1993,2866
NGA,1992,1728
NGA,1991,0
NGA,1990,2100
NGA,1989,2100
NGA,1988,2100
NGA,1987,3200
NGA,1986,3200
NGA,1985,3200
NGA,1984,3200
NGA,1983,5100
NGA,1982,4700
NGA,1981,4700
NGA,1980,4700
NGA,1979,5100
NGA,1978,5100
NGA,1977,5100
NGA,1976,12200
NGA,1975,11800
NGA,1974,6700
NGA,1973,4300
NGA,1972,6400
NGA,1971,6400
NGA,1970,6400
NGA,1969,2700
NGA,1968,1700
NIU,2020,259
NIU,2019,259
NIU,2018,259
NIU,2017,259
NIU,2016,259
NIU,2015,259
NIU,2014,259
NIU,2013,259
NIU,2012,259
NIU,2011,259
NIU,2010,259
NIU,2009,259
NIU,2008,259
NIU,2007,259
NIU,2006,259
NIU,2005,259
NIU,2004,259
NIU,2003,259
NIU,2002,259
NIU,2001,259
NIU,2000,259
NIU,1999,259
NIU,1998,259
NIU,1997,259
NIU,1996,259
NIU,1995,259
NIU,1994,259
NIU,1993,259
MKD,2020,180
MKD,2019,350
MKD,2018,243
MKD,2017,344
MKD,2016,328
MKD,2015,201
MKD,2014,168
MKD,2013,122
MKD,2012,96
MKD,2011,915
MKD,2010,349
MKD,2009,1172
MKD,2008,538
MKD,2007,4044
MKD,2006,1343
MKD,2005,532
MKD,2004,200
MKD,2003,538
MKD,2002,776
MKD,2001,2477
MKD,2000,3116
MKD,1999,1107
MKD,1998,2607
MKD,1997,207
MKD,1996,2507
MKD,1995,2507
MKD,1994,5707
MKD,1993,809
NOR,2020,68611
NOR,2019,64175
NOR,2018,91802
NOR,2017,88917
NOR,2016,87734
NOR,2015,84267
NOR,2014,76484
NOR,2013,50127
NOR,2012,38825
NOR,2011,44357
NOR,2010,47964
NOR,2009,58264
NOR,2008,44068
NOR,2007,51172
NOR,2006,58957
NOR,2005,79929
NOR,2004,92543
NOR,2003,97360
NOR,2002,92000
NOR,2001,101000
NOR,2000,156000
NOR,1999,155301
NOR,1998,124000
NOR,1997,136700
NOR,1996,103300
NOR,1995,115300
NOR,1994,92200
NOR,1993,66985
NOR,1992,47945
NOR,1991,56100
NOR,1990,67200
NOR,1989,81100
NOR,1988,68000
NOR,1987,85400
NOR,1986,106400
NOR,1985,111500
NOR,1984,120100
NOR,1983,138100
NOR,1982,223600
NOR,1981,280800
NOR,1980,352500
NOR,1979,363200
NOR,1978,283600
NOR,1977,204700
NOR,1976,226500
NOR,1975,264200
NOR,1974,258100
NOR,1973,303100
NOR,1972,208000
NOR,1971,99600
NOR,1970,155300
NOR,1969,173400
NOR,1968,130600
NOR,1967,900
NOR,1966,900
NOR,1965,1100
NOR,1964,1100
NOR,1963,1800
NOR,1962,500
NOR,1961,400
OMN,2020,1571
OMN,2019,1505
OMN,2018,1466
OMN,2017,1990
OMN,2016,934
OMN,2015,771
OMN,2014,93
OMN,2013,1379
OMN,2012,1475
OMN,2011,1575
OMN,2010,1383
OMN,2009,1227
OMN,2008,1227
OMN,2007,1227
OMN,2006,1227
OMN,2005,1227
OMN,2004,1227
OMN,2003,1800
OMN,2002,1800
OMN,2001,2600
OMN,2000,1300
OMN,1999,1300
OMN,1998,1276
OMN,1997,1513
OMN,1996,2500
OMN,1995,2100
OMN,1994,1500
OMN,1993,900
OMN,1992,658
PAK,2020,290131
PAK,2019,210852
PAK,2018,238215
PAK,2017,222449
PAK,2016,132618
PAK,2015,108747
PAK,2014,143511
PAK,2013,127163
PAK,2012,100366
PAK,2011,82914
PAK,2010,78109
PAK,2009,91604
PAK,2008,91604
PAK,2007,78904
PAK,2006,93804
PAK,2005,79654
PAK,2004,63976
PAK,2003,32237
PAK,2002,30500
PAK,2001,30500
PAK,2000,45900
PAK,1999,40500
PAK,1998,50700
PAK,1997,46600
PAK,1996,55700
PAK,1995,53000
PAK,1994,68900
PAK,1993,56100
PAK,1992,53685
PAK,1991,63900
PAK,1990,63500
PAK,1989,28700
PAK,1988,34500
PAK,1987,35100
PAK,1986,27300
PAK,1985,18900
PAK,1984,14000
PAK,1983,16100
PAK,1982,11700
PAK,1981,12600
PAK,1980,12200
PAK,1979,11200
PAK,1978,6900
PAK,1977,3550
PAK,1976,2700
PAK,1975,6600
PAK,1974,8400
PAK,1973,5500
PAK,1972,8600
PAK,1971,7800
PAK,1970,6100
PAK,1969,16300
PAK,1968,17100
PAK,1967,10900
PAK,1966,13100
PAK,1965,6200
PAK,1964,6000
PAK,1963,9200
PAK,1962,7400
PAK,1961,10500
PLW,2020,4
PLW,2019,4
PLW,2018,4
PLW,2017,4
PLW,2016,4
PLW,2015,6
PLW,2014,1
PSE,2020,813
PSE,2019,813
PSE,2018,813
PSE,2017,778
PSE,2016,602
PSE,2015,1419
PSE,2014,1078
PAN,2020,274
PAN,2019,225
PAN,2018,762
PAN,2017,2193
PAN,2016,2017
PAN,2015,1249
PAN,2014,1613
PAN,2013,1641
PAN,2012,174
PAN,2011,1340
PAN,2010,2013
PAN,2009,1500
PAN,2008,1500
PAN,2007,1500
PAN,2006,1500
PAN,2005,1500
PAN,2004,1500
PAN,2003,1500
PAN,2002,1500
PAN,2001,1500
PAN,2000,500
PAN,1999,1700
PAN,1998,1600
PAN,1997,2600
PAN,1996,2400
PAN,1995,2300
PAN,1994,2900
PAN,1993,1300
PAN,1992,1159
PAN,1991,900
PAN,1990,900
PAN,1989,1300
PAN,1988,1000
PAN,1987,1100
PAN,1986,2900
PAN,1985,2300
PAN,1984,1500
PAN,1983,2400
PAN,1982,800
PAN,1981,2000
PAN,1980,1500
PAN,1979,2800
PAN,1978,1200
PAN,1977,1700
PAN,1976,100
PAN,1975,100
PAN,1974,3200
PAN,1973,3700
PAN,1972,3600
PAN,1971,2000
PAN,1970,4700
PAN,1969,500
PAN,1968,700
PNG,2020,2
PNG,2019,2
PNG,2018,6
PNG,2017,6
PNG,2016,63
PNG,2015,26
PNG,2014,26
PNG,2013,212
PNG,2012,212
PNG,2011,189
PNG,2010,4
PNG,2009,1
PRY,2020,3768
PRY,2019,2328
PRY,2018,3881
PRY,2017,2358
PRY,2016,1437
PRY,2015,1126
PRY,2014,361
PRY,2013,305
PRY,2012,863
PRY,2011,66
PRY,2010,87
PRY,2009,87
PRY,2008,65
PRY,2007,65
PRY,2006,65
PRY,2005,65
PRY,2004,65
PRY,2003,400
PRY,2002,400
PRY,2001,400
PRY,2000,400
PRY,1999,700
PRY,1998,500
PRY,1997,400
PRY,1996,49
PRY,1995,49
PRY,1994,49
PRY,1993,23
PRY,1992,82
PER,2020,144805
PER,2019,123580
PER,2018,108429
PER,2017,100662
PER,2016,91536
PER,2015,86639
PER,2014,88737
PER,2013,107884
PER,2012,101225
PER,2011,97807
PER,2010,89022
PER,2009,78736
PER,2008,100304
PER,2007,86000
PER,2006,68430
PER,2005,35000
PER,2004,41000
PER,2003,30000
PER,2002,35000
PER,2001,26000
PER,2000,27000
PER,1999,24000
PER,1998,20000
PER,1997,20700
PER,1996,19400
PER,1995,22400
PER,1994,20300
PER,1993,11326
PER,1992,14069
PER,1991,67700
PER,1990,64500
PER,1989,61700
PER,1988,59100
PER,1987,53900
PER,1986,44100
PER,1985,15900
PER,1984,42200
PER,1983,24400
PER,1982,35600
PER,1981,24300
PER,1980,32400
PER,1979,44200
PER,1978,35900
PER,1977,38900
PER,1976,28800
PER,1975,30800
PER,1974,41700
PER,1973,39500
PER,1972,42900
PER,1971,38800
PER,1970,26200
PER,1969,27500
PER,1968,39100
PER,1967,1000
PER,1966,600
PER,1965,1200
PER,1964,600
PER,1963,600
PER,1962,800
PER,1961,500
PHL,2020,70923
PHL,2019,94863
PHL,2018,105513
PHL,2017,97624
PHL,2016,90281
PHL,2015,65131
PHL,2014,69933
PHL,2013,38017
PHL,2012,46431
PHL,2011,59016
PHL,2010,53904
PHL,2009,66559
PHL,2008,62355
PHL,2007,62374
PHL,2006,61001
PHL,2005,92248
PHL,2004,81144
PHL,2003,63500
PHL,2002,56401
PHL,2001,58612
PHL,2000,65619
PHL,1999,73300
PHL,1998,85500
PHL,1997,101400
PHL,1996,91900
PHL,1995,61700
PHL,1994,62500
PHL,1993,77700
PHL,1992,46814
PHL,1991,41700
PHL,1990,44100
PHL,1989,44700
PHL,1988,50200
PHL,1987,51300
PHL,1986,60800
PHL,1985,42300
PHL,1984,50100
PHL,1983,64700
PHL,1982,37000
PHL,1981,33800
PHL,1980,55000
PHL,1979,66500
PHL,1978,60600
PHL,1977,72700
PHL,1976,45968
PHL,1975,27000
PHL,1974,50500
PHL,1973,55600
PHL,1972,33700
PHL,1971,33400
PHL,1970,44300
PHL,1969,37700
PHL,1968,37700
PHL,1966,100
PHL,1965,400
PHL,1964,1500
PHL,1963,100
PHL,1962,2700
PHL,1961,18200
POL,2020,1182672
POL,2019,1082106
POL,2018,1159572
POL,2017,1026882
POL,2016,1030016
POL,2015,976485
POL,2014,924252
POL,2013,853457
POL,2012,720652
POL,2011,721546
POL,2010,683254
POL,2009,653114
POL,2008,647796
POL,2007,502224
POL,2006,413700
POL,2005,492020
POL,2004,472410
POL,2003,414400
POL,2002,369700
POL,2001,294000
POL,2000,266000
POL,1999,237400
POL,1998,177700
POL,1997,184300
POL,1996,183000
POL,1995,139200
POL,1994,93100
POL,1993,77300
POL,1992,78615
POL,1990,84100
POL,1989,187300
POL,1988,204000
POL,1987,224000
POL,1986,181000
POL,1985,211300
POL,1984,180400
POL,1983,148700
POL,1982,174000
POL,1981,153300
POL,1980,229000
POL,1979,249000
POL,1978,242000
POL,1977,230000
POL,1976,225000
POL,1975,245000
POL,1974,182000
POL,1973,167000
POL,1972,185000
POL,1971,211000
POL,1970,158000
POL,1969,105000
POL,1968,83000
POL,1965,11000
POL,1964,10000
POL,1963,6000
PYF,2020,415
PYF,2019,639
PYF,2018,610
PYF,2017,610
PYF,2016,610
PYF,2015,610
PYF,2014,568
PYF,2013,583
PYF,2012,570
PYF,2011,570
PYF,2010,570
PYF,2009,575
PYF,2008,575
PYF,2007,609
PYF,2006,560
PYF,2005,559
PYF,2004,559
PYF,2003,547
PYF,2002,269
PYF,2001,269
PYF,2000,269
PYF,1999,262
PYF,1998,262
PYF,1997,262
PYF,1996,259
PYF,1995,259
PYF,1994,259
PYF,1993,259
PRT,2020,143274
PRT,2019,162148
PRT,2018,176492
PRT,2017,171438
PRT,2016,152479
PRT,2015,126817
PRT,2014,122976
PRT,2013,122823
PRT,2012,94846
PRT,2011,94498
PRT,2010,34793
PRT,2009,92336
PRT,2008,72844
PRT,2007,82587
PRT,2006,68083
PRT,2005,76006
PRT,2004,112000
PRT,2003,133000
PRT,2002,144000
PRT,2001,158400
PRT,2000,91957
PRT,1999,94000
PRT,1998,95842
PRT,1997,113000
PRT,1996,88806
PRT,1995,74100
PRT,1994,72000
PRT,1993,63340
PRT,1992,64507
PRT,1991,59800
PRT,1990,50300
PRT,1989,37500
PRT,1988,29000
PRT,1987,37000
PRT,1986,38800
PRT,1985,44300
PRT,1984,22700
PRT,1983,15200
PRT,1982,15000
PRT,1981,28300
PRT,1980,39000
PRT,1979,39000
PRT,1978,26900
PRT,1977,76400
PRT,1976,17664
PRT,1975,12800
PRT,1974,12800
PRT,1973,15700
PRT,1972,13300
PRT,1971,10100
PRT,1970,21000
PRT,1969,35300
PRT,1968,30400
PRT,1967,8200
PRT,1966,15900
PRT,1965,9400
PRT,1964,9400
PRT,1963,13000
PRT,1962,17600
PRT,1961,11800
QAT,2020,249
QAT,2019,131
QAT,2018,258
QAT,2017,183
QAT,2016,98
QAT,2015,222
QAT,2014,336
QAT,2013,682
QAT,2012,661
QAT,2011,312
QAT,2010,3779
QAT,2009,2234
QAT,2008,2905
QAT,2007,663
QAT,2006,5240
QAT,2005,580
QAT,2004,580
QAT,2003,527
QAT,2002,40
QAT,2001,86
QAT,2000,86
QAT,1999,69
QAT,1998,80
QAT,1997,555
QAT,1996,57
QAT,1995,57
QAT,1994,20
QAT,1992,45
ROU,2020,141619
ROU,2019,133326
ROU,2018,156429
ROU,2017,152679
ROU,2016,167908
ROU,2015,122031
ROU,2014,116338
ROU,2013,99512
ROU,2012,81303
ROU,2011,71818
ROU,2010,74142
ROU,2009,68005
ROU,2008,27210
ROU,2007,28446
ROU,2006,15355
ROU,2005,14002
ROU,2004,6000
ROU,2003,15000
ROU,2002,12000
ROU,2001,5100
ROU,2000,3800
ROU,1999,1900
ROU,1998,8200
ROU,1997,9300
ROU,1996,1900
ROU,1995,14918
ROU,1994,22330
ROU,1993,27242
ROU,1992,46075
ROU,1991,71000
ROU,1990,71000
ROU,1989,71000
ROU,1988,71000
ROU,1987,71000
ROU,1986,71000
ROU,1985,71000
ROU,1984,71000
ROU,1983,71000
ROU,1982,71000
ROU,1981,99000
ROU,1980,96000
ROU,1979,95000
ROU,1978,60000
ROU,1977,60000
ROU,1976,58400
ROU,1975,60700
ROU,1974,64100
ROU,1973,75700
ROU,1972,71100
ROU,1971,63300
ROU,1970,46600
ROU,1969,32000
ROU,1968,36200
RUS,2020,215045
RUS,2019,215045
RUS,2018,151265
RUS,2017,151154
RUS,2016,148680
RUS,2015,153097
RUS,2014,164854
RUS,2013,147493
RUS,2012,126318
RUS,2011,99828
RUS,2010,67272
RUS,2009,57241
RUS,2008,80000
RUS,2007,100000
RUS,2006,60000
RUS,2005,28300
RUS,2004,23000
RUS,2003,41000
RUS,2002,42000
RUS,2001,33000
RUS,2000,36200
RUS,1999,44700
RUS,1998,21000
RUS,1997,23000
RUS,1996,25000
RUS,1995,11800
RUS,1994,0
RUS,1993,13
RUS,1992,162
RWA,2020,466
RWA,2019,604
RWA,2018,174
RWA,2017,174
RWA,2016,317
RWA,2015,174
RWA,2014,235
RWA,2013,389
RWA,2012,297
RWA,2011,294
RWA,2010,267
RWA,2009,244
RWA,2008,171
RWA,2007,171
RWA,2006,171
RWA,2005,171
RWA,2004,171
RWA,2003,0
RWA,2002,0
RWA,2001,0
RWA,2000,0
RWA,1999,0
RWA,1998,100
RWA,1997,100
RWA,1996,100
RWA,1995,100
RWA,1994,10
LCA,2020,116
LCA,2019,116
LCA,2018,0
LCA,2017,0
LCA,2016,0
LCA,2015,0
LCA,2014,0
LCA,2013,0
LCA,2012,0
LCA,2011,0
LCA,2010,0
LCA,2009,0
LCA,2008,85
LCA,2007,85
LCA,2006,85
LCA,2005,85
LCA,2004,85
LCA,2003,85
LCA,2002,85
LCA,2001,85
LCA,2000,85
LCA,1999,85
LCA,1998,85
LCA,1997,85
LCA,1996,85
LCA,1995,85
LCA,1994,85
LCA,1993,85
LCA,1992,6
VCT,2020,5
WSM,2020,16
WSM,2019,240
WSM,2018,240
WSM,2017,240
WSM,2016,240
WSM,2015,240
WSM,2014,298
WSM,2013,299
WSM,2012,286
WSM,2011,286
WSM,2010,286
WSM,2009,286
WSM,2008,286
WSM,2007,286
WSM,2006,286
WSM,2005,286
WSM,2004,286
WSM,2003,286
WSM,2002,8
WSM,2001,8
WSM,2000,8
STP,2020,36
STP,2019,36
STP,2018,36
STP,2017,36
STP,2016,0
STP,2015,0
STP,2014,0
STP,2013,36
STP,2012,36
STP,2011,36
STP,2010,36
STP,2009,36
STP,2008,36
STP,2007,36
STP,2006,36
STP,2005,36
STP,2004,36
STP,2003,36
STP,2002,36
STP,2001,36
STP,2000,36
STP,1999,36
STP,1998,36
STP,1997,36
STP,1996,36
STP,1995,36
SAU,2020,225983
SAU,2019,204995
SAU,2018,247964
SAU,2017,268304
SAU,2016,212951
SAU,2015,186058
SAU,2014,237759
SAU,2013,121912
SAU,2012,101457
SAU,2011,168264
SAU,2010,89741
SAU,2009,74699
SAU,2008,84161
SAU,2007,131917
SAU,2006,128192
SAU,2005,105629
SAU,2004,96983
SAU,2003,135009
SAU,2002,104377
SAU,2001,132798
SAU,2000,22194
SAU,1999,51400
SAU,1998,52000
SAU,1997,36611
SAU,1996,97511
SAU,1995,94392
SAU,1994,76854
SAU,1993,58634
SAU,1992,41143
SEN,2020,4855
SEN,2019,1373
SEN,2018,1482
SEN,2017,1051
SEN,2016,741
SEN,2015,643
SEN,2014,499
SEN,2013,773
SEN,2012,697
SEN,2011,397
SEN,2010,272
SEN,2009,345
SEN,2008,512
SEN,2007,300
SEN,2006,300
SEN,2005,300
SEN,2004,300
SEN,2003,300
SEN,2002,300
SEN,2001,300
SEN,2000,1700
SEN,1999,1700
SEN,1998,100
SEN,1997,100
SEN,1996,100
SEN,1995,100
SEN,1994,87
SEN,1993,87
SEN,1992,67
SRB,2020,82000
SRB,2019,73100
SRB,2018,72130
SRB,2017,62640
SRB,2016,45000
SRB,2015,46400
SRB,2014,43110
SRB,2013,40100
SRB,2012,38070
SRB,2011,38070
SRB,2010,34085
SRB,2009,29000
SRB,2008,15000
SRB,2007,12000
SRB,2006,11000
SYC,2020,0
SYC,2019,5
SYC,2018,43
SYC,2017,43
SYC,2016,43
SYC,2015,62
SYC,2014,1
SYC,2013,1
SLE,2020,1511
SLE,2019,1511
SLE,2018,1512
SLE,2017,1512
SLE,2016,1805
SLE,2015,1805
SLE,2014,1805
SLE,2013,1806
SLE,2012,1806
SLE,2011,1806
SLE,2010,1806
SLE,2009,1809
SLE,2008,1809
SLE,2007,1809
SLE,2006,1045
SLE,2005,1090
SLE,2004,1090
SLE,2003,897
SLE,2002,69
SLE,2001,869
SLE,2000,869
SLE,1999,869
SLE,1998,869
SLE,1997,729
SLE,1996,418
SLE,1995,18
SLE,1994,18
SLE,1993,22
SLE,1992,1457
SGP,2020,228728
SGP,2019,777416
SGP,2018,911160
SGP,2017,399395
SGP,2016,771467
SGP,2015,580326
SGP,2014,590119
SGP,2013,568847
SGP,2012,518512
SGP,2011,118767
SGP,2010,35692
SGP,2009,27283
SGP,2008,13200
SGP,2007,14500
SGP,2006,23093
SGP,2005,5878
SGP,2004,7378
SGP,2003,4795
SGP,2002,58100
SGP,2001,57900
SGP,2000,73000
SGP,1999,73000
SGP,1998,365200
SGP,1997,31200
SGP,1996,31200
SGP,1995,29500
SGP,1994,28056
SGP,1993,15440
SGP,1992,30417
SGP,1991,24500
SGP,1990,23900
SGP,1989,12400
SGP,1988,24900
SGP,1987,13700
SGP,1986,17000
SGP,1985,5800
SGP,1984,10500
SGP,1983,3300
SGP,1982,2500
SGP,1981,3400
SGP,1980,4800
SGP,1979,1600
SGP,1978,5200
SGP,1977,900
SGP,1976,1800
SGP,1975,1200
SGP,1974,1600
SGP,1973,4200
SGP,1972,2700
SGP,1971,1900
SGP,1970,1900
SGP,1969,1500
SGP,1968,1300
SGP,1967,100
SGP,1965,100
SVK,2020,161623
SVK,2019,159372
SVK,2018,150462
SVK,2017,153003
SVK,2016,157385
SVK,2015,164259
SVK,2014,160750
SVK,2013,139905
SVK,2012,185165
SVK,2011,209884
SVK,2010,199029
SVK,2009,156427
SVK,2008,157335
SVK,2007,146598
SVK,2006,90000
SVK,2005,96000
SVK,2004,106000
SVK,2003,106000
SVK,2002,82000
SVK,2001,85000
SVK,2000,72000
SVK,1999,64018
SVK,1998,56700
SVK,1997,1200
SVK,1996,18500
SVK,1995,17000
SVK,1994,16000
SVK,1993,1042
SVN,2020,289108
SVN,2019,237590
SVN,2018,249287
SVN,2017,241220
SVN,2016,247130
SVN,2015,227783
SVN,2014,236718
SVN,2013,200107
SVN,2012,201596
SVN,2011,198477
SVN,2010,211334
SVN,2009,222400
SVN,2008,223056
SVN,2007,233186
SVN,2006,198493
SVN,2005,194601
SVN,2004,202756
SVN,2003,186291
SVN,2002,168240
SVN,2001,158810
SVN,2000,164303
SVN,1999,150000
SVN,1998,159000
SVN,1997,161000
SVN,1996,126300
SVN,1995,139200
SVN,1994,140017
SVN,1993,123771
SVN,1992,120958
SLB,2020,11
SLB,2019,11
SLB,2018,11
SLB,2017,2
SLB,2016,56
SOM,2020,0
SOM,2019,0
SOM,2018,0
SOM,2017,0
SOM,2016,0
SOM,2015,0
SOM,2014,0
SOM,2013,45
SOM,2012,45
SOM,2011,45
SOM,2010,45
SOM,2009,45
SOM,2008,45
SOM,2007,0
SOM,2006,0
SOM,2005,0
SOM,2004,0
SOM,2003,0
SOM,2002,0
SOM,2001,0
SOM,2000,0
SOM,1999,0
SOM,1998,0
SOM,1997,0
SOM,1996,0
SOM,1995,0
SOM,1994,0
SOM,1992,23
ZAF,2020,152148
ZAF,2019,178053
ZAF,2018,205350
ZAF,2017,166379
ZAF,2016,165431
ZAF,2015,142413
ZAF,2014,147101
ZAF,2013,125693
ZAF,2012,82481
ZAF,2011,72005
ZAF,2010,66523
ZAF,2009,66997
ZAF,2008,84519
ZAF,2007,104337
ZAF,2006,33991
ZAF,2005,73286
ZAF,2004,68453
ZAF,2003,59377
ZAF,2002,63300
ZAF,2001,50700
ZAF,2000,68600
ZAF,1999,68600
ZAF,1998,72500
ZAF,1997,95054
ZAF,1996,95054
ZAF,1995,61336
ZAF,1994,60752
ZAF,1993,54815
ZAF,1992,38198
ZAF,1991,87804
ZAF,1990,87804
ZAF,1989,87800
ZAF,1988,57181
ZAF,1987,56904
ZAF,1986,55200
ZAF,1985,55300
ZAF,1984,198000
ZAF,1983,288200
ZAF,1982,120200
ZAF,1981,180000
ZAF,1980,208500
ZAF,1979,129000
ZAF,1978,125700
ZAF,1977,120100
ZAF,1976,116600
ZAF,1975,92900
ZAF,1974,106700
ZAF,1973,104400
ZAF,1972,78100
ZAF,1971,63500
ZAF,1970,65700
ZAF,1969,61500
ZAF,1968,34500
ZAF,1967,1100
ZAF,1966,3000
ZAF,1965,2000
ZAF,1964,4000
ZAF,1963,4000
ZAF,1962,3300
ZAF,1961,7800
ESP,2020,1035571
ESP,2019,1044438
ESP,2018,1088439
ESP,2017,1082535
ESP,2016,1115275
ESP,2015,1107807
ESP,2014,994350
ESP,2013,1110777
ESP,2012,1001332
ESP,2011,971137
ESP,2010,1183284
ESP,2009,920744
ESP,2008,981450
ESP,2007,956470
ESP,2006,926114
ESP,2005,881619
ESP,2004,851000
ESP,2003,788000
ESP,2002,798000
ESP,2001,734900
ESP,2000,664300
ESP,1999,556000
ESP,1998,712000
ESP,1997,561500
ESP,1996,494600
ESP,1995,511500
ESP,1994,405700
ESP,1993,413696
ESP,1992,489117
ESP,1991,393100
ESP,1990,431400
ESP,1989,316300
ESP,1988,415300
ESP,1987,427000
ESP,1986,444300
ESP,1985,329500
ESP,1984,293000
ESP,1983,261000
ESP,1982,304400
ESP,1981,240000
ESP,1980,282100
ESP,1979,267000
ESP,1978,260100
ESP,1977,231300
ESP,1976,219200
ESP,1975,285800
ESP,1974,341600
ESP,1973,380300
ESP,1972,340100
ESP,1971,257600
ESP,1970,301300
ESP,1969,287200
ESP,1968,246000
ESP,1967,5300
ESP,1966,9600
ESP,1965,13900
ESP,1964,20600
ESP,1963,21300
ESP,1962,9500
ESP,1961,10700
LKA,2020,5873
LKA,2019,5741
LKA,2018,4570
LKA,2017,3726
LKA,2016,4444
LKA,2015,3061
LKA,2014,4125
LKA,2013,2255
LKA,2012,2300
LKA,2011,1918
LKA,2010,1386
LKA,2009,1460
LKA,2008,1376
LKA,2007,2633
LKA,2006,2278
LKA,2005,882
LKA,2004,2675
LKA,2003,10407
LKA,2002,10462
LKA,2001,14300
LKA,2000,12435
LKA,1999,12435
LKA,1998,12435
LKA,1997,12435
LKA,1996,11200
LKA,1995,6806
LKA,1994,5408
LKA,1993,6264
LKA,1992,4149
LKA,1991,2200
LKA,1990,1200
LKA,1989,1800
LKA,1988,12500
LKA,1987,8100
LKA,1986,5300
LKA,1985,2400
LKA,1984,4900
LKA,1983,4900
LKA,1982,3900
LKA,1981,5900
LKA,1980,4000
LKA,1979,15100
LKA,1978,11100
LKA,1977,8000
LKA,1976,6400
LKA,1975,6400
LKA,1974,6400
LKA,1973,6400
LKA,1972,6400
LKA,1971,13900
LKA,1969,3300
LKA,1968,3000
LKA,1967,3200
LKA,1966,2600
LKA,1965,5100
LKA,1964,3100
LKA,1963,1300
LKA,1962,2300
SDN,2020,19
SDN,2019,19
SDN,2018,7
SDN,2017,7
SDN,2016,7
SDN,2015,7
SDN,2014,15006
SDN,2013,20506
SDN,2012,53
SUR,2020,37
SUR,2019,37
SWE,2020,618358
SWE,2019,551575
SWE,2018,603986
SWE,2017,558748
SWE,2016,535931
SWE,2015,395338
SWE,2014,388070
SWE,2013,416742
SWE,2012,487443
SWE,2011,447435
SWE,2010,424663
SWE,2009,349559
SWE,2008,444363
SWE,2007,410000
SWE,2006,444990
SWE,2005,461230
SWE,2004,422630
SWE,2003,383193
SWE,2002,379614
SWE,2001,309510
SWE,2000,323722
SWE,1999,289000
SWE,1998,269900
SWE,1997,249500
SWE,1996,239000
SWE,1995,232000
SWE,1994,222000
SWE,1993,144013
SWE,1992,169041
SWE,1991,144000
SWE,1990,167300
SWE,1989,117100
SWE,1988,110600
SWE,1987,118100
SWE,1986,137900
SWE,1985,117800
SWE,1984,114300
SWE,1983,92000
SWE,1982,80600
SWE,1981,74600
SWE,1980,48400
SWE,1979,43200
SWE,1978,18500
SWE,1977,13400
SWE,1976,18800
SWE,1975,27000
SWE,1974,14100
SWE,1973,39200
SWE,1972,35800
SWE,1971,24300
SWE,1970,26900
SWE,1969,12900
SWE,1968,4400
SWE,1967,1600
SWE,1966,3500
SWE,1965,1300
SWE,1964,800
SWE,1961,400
CHE,2020,102579
CHE,2019,98677
CHE,2018,108887
CHE,2017,112989
CHE,2016,125872
CHE,2015,154162
CHE,2014,160793
CHE,2013,169935
CHE,2012,207191
CHE,2011,301336
CHE,2010,474797
CHE,2009,448463
CHE,2008,519834
CHE,2007,536266
CHE,2006,463748
CHE,2005,509959
CHE,2004,509681
CHE,2003,464000
CHE,2002,463748
CHE,2001,445190
CHE,2000,467630
CHE,1999,479000
CHE,1998,434200
CHE,1997,431000
CHE,1996,424000
CHE,1995,408000
CHE,1994,415000
CHE,1993,377936
CHE,1992,409242
CHE,1991,372200
CHE,1990,338000
CHE,1989,354000
CHE,1988,355000
CHE,1987,328000
CHE,1986,333000
CHE,1985,310000
CHE,1984,290000
CHE,1983,294000
CHE,1982,230000
CHE,1981,274000
CHE,1980,288000
CHE,1979,253300
CHE,1978,273500
CHE,1977,235300
CHE,1976,189800
CHE,1975,198700
CHE,1974,244200
CHE,1973,243100
CHE,1972,202800
CHE,1971,175900
CHE,1970,226400
CHE,1969,176300
CHE,1968,157500
CHE,1967,6400
CHE,1966,3900
CHE,1965,3400
CHE,1964,8800
CHE,1963,4500
CHE,1962,900
CHE,1961,1700
TJK,2020,19
TJK,2019,557
TJK,2018,190
TJK,2017,190
TJK,2016,190
TJK,2015,190
TJK,2014,190
TJK,2013,190
TJK,2012,189
TJK,2011,62
TJK,2010,0
TJK,2009,0
TJK,2008,0
TJK,2007,0
TJK,2006,0
TJK,2005,0
TJK,2004,0
THA,2020,384793
THA,2019,415661
THA,2018,470960
THA,2017,538373
THA,2016,534900
THA,2015,490665
THA,2014,442308
THA,2013,425118
THA,2012,425118
THA,2011,386737
THA,2010,435881
THA,2009,326642
THA,2008,355392
THA,2007,371482
THA,2006,375460
THA,2005,388124
THA,2004,411625
THA,2003,408000
THA,2002,386000
THA,2001,320000
THA,2000,354000
THA,1999,362000
THA,1998,250000
THA,1997,350600
THA,1996,346000
THA,1995,353800
THA,1994,328700
THA,1993,311319
THA,1992,218188
THA,1991,187000
THA,1990,119200
THA,1989,95400
THA,1988,80200
THA,1987,113900
THA,1986,103700
THA,1985,105400
THA,1984,69600
THA,1983,121000
THA,1982,91600
THA,1981,111000
THA,1980,80500
THA,1979,128100
THA,1978,104500
THA,1977,86900
THA,1976,70100
THA,1975,26000
THA,1974,83500
THA,1973,83500
THA,1972,81100
THA,1971,41900
THA,1970,53400
THA,1969,30200
THA,1968,12500
THA,1967,3300
THA,1965,1600
THA,1964,2800
THA,1962,200
THA,1961,600
TGO,2020,49
TGO,2019,295
TGO,2018,428
TGO,2017,428
TGO,2016,443
TGO,2015,432
TGO,2014,304
TGO,2013,323
TGO,2012,323
TGO,2011,83
TGO,2010,83
TGO,2009,90
TGO,2008,80
TGO,2007,82
TGO,2006,74
TGO,2005,124
TGO,2004,124
TGO,2003,3
TGO,2002,0
TGO,2001,0
TGO,2000,0
TGO,1999,0
TGO,1998,0
TGO,1997,0
TGO,1996,0
TGO,1995,0
TGO,1994,0
TGO,1993,5
TGO,1992,8
TON,2020,3
TON,2019,3
TON,2018,3
TON,2017,3
TON,2016,3
TON,2015,3
TON,2014,3
TON,2013,10
TON,2012,10
TON,2011,10
TON,2010,10
TON,2009,15
TON,2008,15
TON,2007,15
TON,2006,1
TTO,2020,8432
TTO,2019,24956
TTO,2018,16538
TTO,2017,21432
TTO,2016,23003
TTO,2015,21250
TTO,2014,26511
TTO,2013,16185
TTO,2012,14955
TTO,2011,12258
TTO,2010,15553
TTO,2009,17055
TTO,2008,3550
TTO,2007,3550
TTO,2006,3550
TTO,2005,3550
TTO,2004,3550
TTO,2003,3550
TTO,2002,3580
TTO,2001,6300
TTO,2000,6300
TTO,1999,5600
TTO,1998,7200
TTO,1997,4900
TTO,1996,2405
TTO,1995,2905
TTO,1994,3405
TTO,1993,2502
TTO,1992,2781
TTO,1990,2000
TTO,1989,800
TTO,1988,1600
TTO,1987,1400
TTO,1986,1300
TTO,1985,800
TTO,1984,600
TTO,1983,400
TTO,1982,800
TTO,1981,400
TTO,1980,400
TTO,1979,400
TTO,1978,500
TTO,1977,300
TTO,1976,300
TTO,1975,200
TTO,1974,200
TUN,2020,61331
TUN,2019,119297
TUN,2018,88300
TUN,2017,110635
TUN,2016,139080
TUN,2015,140142
TUN,2014,78134
TUN,2013,113566
TUN,2012,125083
TUN,2011,96669
TUN,2010,101860
TUN,2009,75997
TUN,2008,136912
TUN,2007,105620
TUN,2006,96850
TUN,2005,96850
TUN,2004,96850
TUN,2003,50900
TUN,2002,50900
TUN,2001,37000
TUN,2000,47800
TUN,1999,34900
TUN,1998,53500
TUN,1997,57800
TUN,1996,49700
TUN,1995,60061
TUN,1994,42939
TUN,1993,17588
TUN,1992,61922
TUN,1991,27900
TUN,1990,29000
TUN,1989,29000
TUN,1988,29000
TUN,1987,29000
TUN,1986,15600
TUN,1985,20300
TUN,1984,17500
TUN,1983,15100
TUN,1982,8200
TUN,1981,27800
TUN,1980,5400
TUN,1979,5400
TUN,1978,9800
TUN,1977,6400
TUN,1976,6400
TUN,1975,3500
TUN,1974,8700
TUN,1973,8300
TUN,1972,1000
TUN,1971,2100
TUN,1970,8900
TUR,2020,1424018
TUR,2019,1349401
TUR,2018,1266000
TUR,2017,1230000
TUR,2016,1151600
TUR,2015,1032300
TUR,2014,968813
TUR,2013,939728
TUR,2012,841000
TUR,2011,770140
TUR,2010,629200
TUR,2009,618110
TUR,2008,591300
TUR,2007,577469
TUR,2006,474918
TUR,2005,474918
TUR,2004,368000
TUR,2003,368000
TUR,2002,368000
TUR,2001,300000
TUR,2000,320000
TUR,1999,319000
TUR,1998,303000
TUR,1997,262400
TUR,1996,204900
TUR,1995,229700
TUR,1994,195900
TUR,1993,219773
TUR,1992,157632
TUR,1991,95600
TUR,1990,95600
TUR,1989,110700
TUR,1988,136400
TUR,1987,98300
TUR,1986,89600
TUR,1985,89600
TUR,1984,72900
TUR,1983,50700
TUR,1982,46900
TUR,1981,37000
TUR,1980,35800
TUR,1979,34400
TUR,1978,31800
TUR,1977,27500
TUR,1976,28200
TUR,1975,12700
TUR,1974,15900
TUR,1973,18300
TUR,1972,19700
TUR,1971,14400
TUR,1970,900
TUR,1969,11300
TUR,1968,10500
TUR,1967,8600
TUR,1966,8300
TUR,1965,7900
TUR,1964,5400
TUR,1963,7400
TUR,1962,12000
TUR,1961,6700
TKM,2020,1939
TKM,2019,1939
TKM,2018,1848
TKM,2017,10
TKM,2016,10
TKM,2015,10
TKM,2014,10
TKM,2013,10
TKM,2012,9
TKM,2011,13
TKM,2010,0
TKM,2009,0
TKM,2008,0
TKM,2007,0
TKM,2006,0
TKM,2005,0
TKM,2004,0
TKM,2003,0
TKM,2002,0
TKM,2001,0
TKM,2000,0
TKM,1999,0
TKM,1998,0
TKM,1997,0
TCA,2020,1
TCA,2019,1
TCA,2018,1
TCA,2017,1
TCA,2016,1
TCA,2015,1
TCA,2014,1
TCA,2013,1
TCA,2012,1
TUV,2020,29
TUV,2019,29
UGA,2020,990
UGA,2019,48
UGA,2018,212
UGA,2017,150
UGA,2016,63
UGA,2015,77
UGA,2014,136
UGA,2013,419
UGA,2012,419
UGA,2011,419
UGA,2010,216
UGA,2009,203
UGA,2008,224
UGA,2007,224
UGA,2006,214
UGA,2005,178
UGA,2004,178
UGA,2003,97
UGA,2002,10
UGA,2001,10
UGA,2000,10
UGA,1999,10
UGA,1998,24
UGA,1997,10
UGA,1996,10
UGA,1995,10
UGA,1994,10
UGA,1993,10
UKR,2020,72449
UKR,2019,69097
UKR,2018,69270
UKR,2017,62164
UKR,2016,72560
UKR,2015,72560
UKR,2014,72560
UKR,2013,72560
UKR,2012,78290
UKR,2011,85142
UKR,2010,87691
UKR,2009,113360
UKR,2008,113360
UKR,2007,113360
UKR,2006,92090
UKR,2005,82750
UKR,2004,81220
UKR,2003,71540
UKR,2002,56560
UKR,2001,48530
UKR,2000,37256
UKR,1999,37256
UKR,1998,40568
UKR,1997,31100
UKR,1996,43200
UKR,1995,0
ARE,2020,608979
ARE,2019,447223
ARE,2018,184309
ARE,2017,191333
ARE,2016,144703
ARE,2015,140221
ARE,2014,127382
ARE,2013,163928
ARE,2012,84613
ARE,2011,75918
ARE,2010,61536
ARE,2009,51491
ARE,2008,46602
ARE,2007,19329
ARE,2006,33006
ARE,2005,17406
ARE,2004,17406
ARE,2003,17000
ARE,2002,17000
ARE,2001,17000
ARE,2000,6800
ARE,1999,14000
ARE,1998,14700
ARE,1997,12700
ARE,1996,12700
ARE,1995,3200
ARE,1994,3200
ARE,1993,2200
ARE,1992,366
USA,2020,5508507
USA,2019,5200566
USA,2018,5457694
USA,2017,5283000
USA,2016,5500864
USA,2015,5232671
USA,2014,5599924
USA,2013,5353112
USA,2012,4885473
USA,2011,5330281
USA,2010,5411779
USA,2009,4494906
USA,2008,5574027
USA,2007,6134272
USA,2006,6285031
USA,2005,6127589
USA,2004,6095897
USA,2003,6091551
USA,2002,6579238
USA,2001,6639675
USA,2000,6550000
USA,1999,6037000
USA,1998,5416000
USA,1997,5712000
USA,1996,5094000
USA,1995,5338000
USA,1994,5072000
USA,1993,4836702
USA,1992,4440944
USA,1991,4386600
USA,1990,4250300
USA,1989,4382900
USA,1988,4254400
USA,1987,4322900
USA,1986,3925500
USA,1985,3892500
USA,1984,3942000
USA,1983,3541700
USA,1982,3147300
USA,1981,3482000
USA,1980,3436500
USA,1979,3740800
USA,1978,3479500
USA,1977,3342500
USA,1976,3208600
USA,1975,2662500
USA,1974,3535000
USA,1973,3460200
USA,1972,3176700
USA,1971,2903400
USA,1970,2935800
USA,1969,3383800
USA,1968,2924100
USA,1967,268400
USA,1966,303000
USA,1965,329500
USA,1964,315500
USA,1963,307400
USA,1962,297800
USA,1961,281100
URY,2020,6166
URY,2019,5621
URY,2018,5609
URY,2017,6931
URY,2016,6990
URY,2015,6127
URY,2014,27581
URY,2013,19773
URY,2012,22745
URY,2011,21000
URY,2010,17000
URY,2009,26187
URY,2008,9187
URY,2007,10187
URY,2006,8187
URY,2005,15187
URY,2004,13325
URY,2003,14800
URY,2002,14800
URY,2001,16400
URY,2000,16200
URY,1999,19800
URY,1998,21800
URY,1997,20800
URY,1996,14800
URY,1995,12582
URY,1994,10987
URY,1993,6171
URY,1992,5801
URY,1991,4400
URY,1990,6000
URY,1989,5400
URY,1988,7800
URY,1987,9900
URY,1986,9750
URY,1985,6900
URY,1984,6500
URY,1983,6700
URY,1982,4500
URY,1981,6100
URY,1980,9000
URY,1979,11200
URY,1978,10000
URY,1977,8100
URY,1976,6500
URY,1975,6500
URY,1974,7600
URY,1973,12100
URY,1972,8800
URY,1971,10400
URY,1970,9700
URY,1969,9900
URY,1968,16000
URY,1967,600
URY,1966,600
URY,1965,900
URY,1964,1000
URY,1963,500
URY,1962,700
UZB,2020,13826
UZB,2019,15861
UZB,2018,15143
UZB,2017,3493
UZB,2016,3493
UZB,2015,3106
UZB,2014,2450
UZB,2013,2450
UZB,2012,2454
UZB,2011,1623
UZB,2010,988
UZB,2009,730
UZB,2008,502
UZB,2007,547
UZB,2006,787
UZB,2005,247
UZB,2004,679
UZB,2003,1370
UZB,2002,2321
UZB,2001,2085
UZB,2000,1714
UZB,1999,986
UZB,1998,986
VUT,2020,501
VUT,2019,501
VUT,2018,501
VUT,2017,501
VUT,2016,502
VUT,2015,502
VUT,2014,500
VUT,2013,500
VUT,2012,500
VUT,2011,500
VUT,2010,500
VUT,2009,500
VUT,2008,500
VUT,2007,500
VUT,2006,500
VUT,2005,500
VUT,2004,500
VUT,2003,500
VUT,2002,500
VUT,2001,500
VNM,2020,392768
VNM,2019,407570
VNM,2018,470113
VNM,2017,367879
VNM,2016,346588
VNM,2015,270470
VNM,2014,228516
VNM,2013,350275
VNM,2012,230452
VNM,2011,155187
VNM,2010,155534
VNM,2009,120887
VNM,2008,134077
VNM,2007,134077
VNM,2006,162908
VNM,2005,104835
VNM,2004,104835
VNM,2003,33200
VNM,2002,33200
VNM,2001,84500
VNM,2000,46500
VNM,1999,46500
VNM,1998,80717
VNM,1997,44403
VNM,1996,34554
VNM,1995,34951
VNM,1994,16879
VNM,1993,12353
VNM,1992,2117
VNM,1987,0
VNM,1974,6100
VNM,1973,6100
VNM,1969,27100
VNM,1968,10900
YEM,2020,2812
YEM,2019,1275
YEM,2018,48
YEM,2017,48
YEM,2016,48
YEM,2015,48
YEM,2014,74
YEM,2013,66
YEM,2012,44
YEM,2011,20
YEM,2010,38
YEM,2009,47
YEM,2008,176
YEM,2007,176
YEM,2006,176
YEM,2005,176
YEM,2004,176
YEM,2003,200
YEM,2002,200
YEM,2001,400
YEM,2000,400
YEM,1999,400
YEM,1998,724
YEM,1997,969
YEM,1996,1100
YEM,1995,3843
YEM,1994,4801
YEM,1993,1006
YEM,1992,697
ZMB,2020,243
ZMB,2019,517
ZMB,2018,114
ZMB,2017,171
ZMB,2016,78
ZMB,2015,163
ZMB,2014,218
ZMB,2013,70
ZMB,2012,171
ZMB,2011,171
ZMB,2010,87
ZMB,2009,118
ZMB,2008,96
ZMB,2007,96
ZMB,2006,96
ZMB,2005,96
ZMB,2004,96
ZMB,2003,34
ZMB,2002,34
ZMB,2001,34
ZMB,2000,34
ZMB,1999,29
ZMB,1998,33
ZMB,1997,28
ZMB,1996,28
ZMB,1995,28
ZWE,2020,621
ZWE,2019,1139
ZWE,2018,1803
ZWE,2017,958
ZWE,2016,980
ZWE,2015,600
ZWE,2014,379
ZWE,2013,1107
ZWE,2012,945
ZWE,2011,1119
ZWE,2010,1127
ZWE,2009,668
ZWE,2008,1727
ZWE,2007,4336
ZWE,2006,10145
ZWE,2005,10145
ZWE,2004,10145
ZWE,2003,8900
ZWE,2002,8900
ZWE,2001,8900
ZWE,2000,8900
ZWE,1999,11000
ZWE,1998,8600
ZWE,1997,3600
ZWE,1996,2200
ZWE,1995,7310
ZWE,1994,1028
ZWE,1993,1785
ZWE,1992,5439
ZWE,1990,0
ZWE,1989,20700
ZWE,1988,20700
ZWE,1987,20700
ZWE,1986,16700
ZWE,1985,11300
ZWE,1984,11300
ZWE,1983,5000
ZWE,1982,14600
ZWE,1981,19800
ZWE,1980,17900
ZWE,1979,19100
ZWE,1978,16000
ZWE,1977,16200
ZWE,1976,18600
ZWE,1975,4100
ZWE,1974,4100
ZWE,1973,4100
ZWE,1972,4100
ZWE,1971,4100
ZWE,1970,4100
ZWE,1969,4100
ZWE,1968,4100
